step,status,sweeps_survived,node_count
1,removed,0,3279
1,live,0,0
1,live,1,4525
2,removed,0,10609
2,removed,1,658
2,live,0,0
2,live,1,34947
2,live,2,3867
3,removed,0,14227
3,removed,1,18316
3,removed,2,1412
3,live,0,0
3,live,1,36640
3,live,2,16631
3,live,3,2455
4,removed,0,18248
4,removed,1,11966
4,removed,2,2875
4,removed,3,289
4,live,0,0
4,live,1,33231
4,live,2,24674
4,live,3,13756
4,live,4,2166
5,removed,0,20966
5,removed,1,9422
5,removed,2,7687
5,removed,3,994
5,removed,4,93
5,live,0,0
5,live,1,30662
5,live,2,23809
5,live,3,16987
5,live,4,12762
5,live,5,2073
6,removed,0,22906
6,removed,1,13017
6,removed,2,3912
6,removed,3,3858
6,removed,4,394
6,removed,5,34
6,live,0,0
6,live,1,28745
6,live,2,17645
6,live,3,19897
6,live,4,13129
6,live,5,12368
6,live,6,2039
7,removed,0,21967
7,removed,1,11214
7,removed,2,5623
7,removed,3,1845
7,removed,4,2127
7,removed,5,346
7,removed,6,28
7,live,0,0
7,live,1,29693
7,live,2,17531
7,live,3,12022
7,live,4,18052
7,live,5,11002
7,live,6,12022
7,live,7,2011
8,removed,0,22671
8,removed,1,12271
8,removed,2,5730
8,removed,3,3351
8,removed,4,1326
8,removed,5,1303
8,removed,6,206
8,removed,7,47
8,live,0,0
8,live,1,28983
8,live,2,17422
8,live,3,11801
8,live,4,8671
8,live,5,16726
8,live,6,9699
8,live,7,11816
8,live,8,1964
9,removed,0,22764
9,removed,1,11778
9,removed,2,5720
9,removed,3,3058
9,removed,4,2008
9,removed,5,794
9,removed,6,916
9,removed,7,79
9,removed,8,2
9,live,0,0
9,live,1,28890
9,live,2,17205
9,live,3,11702
9,live,4,8743
9,live,5,6663
9,live,6,15932
9,live,7,8783
9,live,8,11737
9,live,9,1962
10,removed,0,23263
10,removed,1,12123
10,removed,2,5640
10,removed,3,3263
10,removed,4,2315
10,removed,5,1521
10,removed,6,671
10,removed,7,737
10,removed,8,151
10,removed,9,19
10,live,0,0
10,live,1,28390
10,live,2,16767
10,live,3,11565
10,live,4,8439
10,live,5,6428
10,live,6,5142
10,live,7,15261
10,live,8,8046
10,live,9,11586
10,live,10,1943
11,removed,0,23215
11,removed,1,11849
11,removed,2,5403
11,removed,3,3068
11,removed,4,1973
11,removed,5,1334
11,removed,6,1065
11,removed,7,492
11,removed,8,522
11,removed,9,233
11,removed,10,6
11,live,0,0
11,live,1,28441
11,live,2,16541
11,live,3,11364
11,live,4,8497
11,live,5,6466
11,live,6,5094
11,live,7,4077
11,live,8,14769
11,live,9,7524
11,live,10,11353
11,live,11,1937
12,removed,0,24154
12,removed,1,12289
12,removed,2,5818
12,removed,3,3133
12,removed,4,1945
12,removed,5,1441
12,removed,6,1058
12,removed,7,797
12,removed,8,370
12,removed,9,358
12,removed,10,215
12,removed,11,33
12,live,0,0
12,live,1,27504
12,live,2,16152
12,live,3,10723
12,live,4,8231
12,live,5,6552
12,live,6,5025
12,live,7,4036
12,live,8,3280
12,live,9,14399
12,live,10,7166
12,live,11,11138
12,live,12,1904
13,removed,0,23207
13,removed,1,11215
13,removed,2,5392
13,removed,3,2808
13,removed,4,1896
13,removed,5,1362
13,removed,6,938
13,removed,7,792
13,removed,8,607
13,removed,9,275
13,removed,10,332
13,removed,11,297
13,removed,12,12
13,live,0,0
13,live,1,28449
13,live,2,16289
13,live,3,10760
13,live,4,7915
13,live,5,6335
13,live,6,5190
13,live,7,4087
13,live,8,3244
13,live,9,2673
13,live,10,14124
13,live,11,6834
13,live,12,10841
13,live,13,1892
14,removed,0,24370
14,removed,1,12460
14,removed,2,5859
14,removed,3,3230
14,removed,4,1985
14,removed,5,1477
14,removed,6,1116
14,removed,7,844
14,removed,8,693
14,removed,9,479
14,removed,10,206
14,removed,11,269
14,removed,12,327
14,removed,13,55
14,live,0,0
14,live,1,27290
14,live,2,15989
14,live,3,10430
14,live,4,7530
14,live,5,5930
14,live,6,4858
14,live,7,4074
14,live,8,3243
14,live,9,2551
14,live,10,2194
14,live,11,13918
14,live,12,6565
14,live,13,10514
14,live,14,1837
15,removed,0,24760
15,removed,1,12346
15,removed,2,5800
15,removed,3,3055
15,removed,4,1809
15,removed,5,1252
15,removed,6,934
15,removed,7,775
15,removed,8,612
15,removed,9,407
15,removed,10,312
15,removed,11,125
15,removed,12,164
15,removed,13,317
15,removed,14,56
15,live,0,0
15,live,1,26911
15,live,2,14944
15,live,3,10189
15,live,4,7375
15,live,5,5721
15,live,6,4678
15,live,7,3924
15,live,8,3299
15,live,9,2631
15,live,10,2144
15,live,11,1882
15,live,12,13793
15,live,13,6401
15,live,14,10197
15,live,15,1781
16,removed,0,24155
16,removed,1,11289
16,removed,2,5003
16,removed,3,2874
16,removed,4,1750
16,removed,5,1204
16,removed,6,921
16,removed,7,787
16,removed,8,610
16,removed,9,457
16,removed,10,396
16,removed,11,260
16,removed,12,69
16,removed,13,91
16,removed,14,141
16,removed,15,31
16,live,0,0
16,live,1,27511
16,live,2,15622
16,live,3,9941
16,live,4,7315
16,live,5,5625
16,live,6,4517
16,live,7,3757
16,live,8,3137
16,live,9,2689
16,live,10,2174
16,live,11,1748
16,live,12,1622
16,live,13,13724
16,live,14,6310
16,live,15,10056
16,live,16,1750
17,removed,0,25189
17,removed,1,12527
17,removed,2,5676
17,removed,3,3034
17,removed,4,1878
17,removed,5,1424
17,removed,6,1003
17,removed,7,770
17,removed,8,608
17,removed,9,484
17,removed,10,369
17,removed,11,291
17,removed,12,205
17,removed,13,85
17,removed,14,60
17,removed,15,75
17,removed,16,20
17,live,0,0
17,live,1,26482
17,live,2,14984
17,live,3,9946
17,live,4,6907
17,live,5,5437
17,live,6,4201
17,live,7,3514
17,live,8,2987
17,live,9,2529
17,live,10,2205
17,live,11,1805
17,live,12,1457
17,live,13,1417
17,live,14,13639
17,live,15,6250
17,live,16,9981
17,live,17,1730
18,removed,0,25315
18,removed,1,11955
18,removed,2,5579
18,removed,3,3143
18,removed,4,1972
18,removed,5,1245
18,removed,6,916
18,removed,7,739
18,removed,8,577
18,removed,9,514
18,removed,10,391
18,removed,11,297
18,removed,12,224
18,removed,13,142
18,removed,14,60
18,removed,15,39
18,removed,16,2
18,removed,17,0
18,live,0,0
18,live,1,26334
18,live,2,14527
18,live,3,9405
18,live,4,6803
18,live,5,4935
18,live,6,4192
18,live,7,3285
18,live,8,2775
18,live,9,2410
18,live,10,2015
18,live,11,1814
18,live,12,1508
18,live,13,1233
18,live,14,1275
18,live,15,13579
18,live,16,6211
18,live,17,9979
18,live,18,1730
19,removed,0,25422
19,removed,1,12219
19,removed,2,5301
19,removed,3,2793
19,removed,4,1714
19,removed,5,1124
19,removed,6,850
19,removed,7,641
19,removed,8,456
19,removed,9,373
19,removed,10,365
19,removed,11,264
19,removed,12,213
19,removed,13,113
19,removed,14,110
19,removed,15,70
19,removed,16,92
19,removed,17,430
19,removed,18,48
19,live,0,0
19,live,1,26256
19,live,2,14115
19,live,3,9226
19,live,4,6612
19,live,5,5089
19,live,6,3811
19,live,7,3342
19,live,8,2644
19,live,9,2319
19,live,10,2037
19,live,11,1650
19,live,12,1550
19,live,13,1295
19,live,14,1120
19,live,15,1165
19,live,16,13509
19,live,17,6119
19,live,18,9549
19,live,19,1682
20,removed,0,25974
20,removed,1,12650
20,removed,2,5573
20,removed,3,3086
20,removed,4,2025
20,removed,5,1290
20,removed,6,892
20,removed,7,686
20,removed,8,489
20,removed,9,415
20,removed,10,379
20,removed,11,263
20,removed,12,254
20,removed,13,173
20,removed,14,123
20,removed,15,72
20,removed,16,62
20,removed,17,21
20,removed,18,20
20,removed,19,2
20,live,0,0
20,live,1,25713
20,live,2,13606
20,live,3,8542
20,live,4,6140
20,live,5,4587
20,live,6,3799
20,live,7,2919
20,live,8,2656
20,live,9,2155
20,live,10,1904
20,live,11,1658
20,live,12,1387
20,live,13,1296
20,live,14,1122
20,live,15,997
20,live,16,1093
20,live,17,13447
20,live,18,6098
20,live,19,9529
20,live,20,1680
21,removed,0,26484
21,removed,1,13016
21,removed,2,5671
21,removed,3,3056
21,removed,4,1768
21,removed,5,1249
21,removed,6,994
21,removed,7,672
21,removed,8,619
21,removed,9,478
21,removed,10,380
21,removed,11,250
21,removed,12,286
21,removed,13,203
21,removed,14,199
21,removed,15,97
21,removed,16,105
21,removed,17,20
21,removed,18,14
21,removed,19,0
21,removed,20,0
21,live,0,0
21,live,1,25203
21,live,2,12697
21,live,3,7935
21,live,4,5486
21,live,5,4372
21,live,6,3338
21,live,7,2805
21,live,8,2247
21,live,9,2037
21,live,10,1677
21,live,11,1524
21,live,12,1408
21,live,13,1101
21,live,14,1093
21,live,15,923
21,live,16,900
21,live,17,988
21,live,18,13427
21,live,19,6084
21,live,20,9529
21,live,21,1680
22,removed,0,27615
22,removed,1,13096
22,removed,2,5608
22,removed,3,2718
22,removed,4,1692
22,removed,5,1267
22,removed,6,819
22,removed,7,635
22,removed,8,443
22,removed,9,376
22,removed,10,309
22,removed,11,250
22,removed,12,251
22,removed,13,163
22,removed,14,134
22,removed,15,88
22,removed,16,66
22,removed,17,40
22,removed,18,112
22,removed,19,13
22,removed,20,15
22,removed,21,3
22,live,0,0
22,live,1,24093
22,live,2,12107
22,live,3,7089
22,live,4,5217
22,live,5,3794
22,live,6,3105
22,live,7,2519
22,live,8,2170
22,live,9,1804
22,live,10,1661
22,live,11,1368
22,live,12,1274
22,live,13,1157
22,live,14,938
22,live,15,959
22,live,16,835
22,live,17,834
22,live,18,948
22,live,19,13315
22,live,20,6071
22,live,21,9514
22,live,22,1677
23,removed,0,27942
23,removed,1,12416
23,removed,2,5311
23,removed,3,2587
23,removed,4,1578
23,removed,5,987
23,removed,6,689
23,removed,7,567
23,removed,8,437
23,removed,9,321
23,removed,10,308
23,removed,11,203
23,removed,12,197
23,removed,13,183
23,removed,14,102
23,removed,15,81
23,removed,16,70
23,removed,17,62
23,removed,18,43
23,removed,19,1
23,removed,20,12
23,removed,21,0
23,removed,22,0
23,live,0,0
23,live,1,23747
23,live,2,11677
23,live,3,6796
23,live,4,4502
23,live,5,3639
23,live,6,2807
23,live,7,2416
23,live,8,1952
23,live,9,1733
23,live,10,1483
23,live,11,1353
23,live,12,1165
23,live,13,1077
23,live,14,974
23,live,15,836
23,live,16,878
23,live,17,765
23,live,18,772
23,live,19,905
23,live,20,13314
23,live,21,6059
23,live,22,9514
23,live,23,1677
24,removed,0,28406
24,removed,1,12265
24,removed,2,5064
24,removed,3,2540
24,removed,4,1435
24,removed,5,1026
24,removed,6,761
24,removed,7,571
24,removed,8,415
24,removed,9,355
24,removed,10,265
24,removed,11,253
24,removed,12,174
24,removed,13,157
24,removed,14,150
24,removed,15,99
24,removed,16,56
24,removed,17,62
24,removed,18,29
24,removed,19,22
24,removed,20,3
24,removed,21,1
24,removed,22,0
24,removed,23,0
24,live,0,0
24,live,1,23326
24,live,2,11482
24,live,3,6613
24,live,4,4256
24,live,5,3067
24,live,6,2613
24,live,7,2046
24,live,8,1845
24,live,9,1537
24,live,10,1378
24,live,11,1218
24,live,12,1100
24,live,13,991
24,live,14,920
24,live,15,824
24,live,16,737
24,live,17,822
24,live,18,703
24,live,19,743
24,live,20,883
24,live,21,13311
24,live,22,6058
24,live,23,9514
24,live,24,1677
25,removed,0,29211
25,removed,1,12209
25,removed,2,5092
25,removed,3,2395
25,removed,4,1355
25,removed,5,896
25,removed,6,673
25,removed,7,471
25,removed,8,427
25,removed,9,317
25,removed,10,304
25,removed,11,278
25,removed,12,199
25,removed,13,151
25,removed,14,147
25,removed,15,116
25,removed,16,103
25,removed,17,81
25,removed,18,74
25,removed,19,44
25,removed,20,56
25,removed,21,24
25,removed,22,3
25,removed,23,137
25,removed,24,28
25,live,0,0
25,live,1,22555
25,live,2,11117
25,live,3,6390
25,live,4,4218
25,live,5,2901
25,live,6,2171
25,live,7,1940
25,live,8,1575
25,live,9,1418
25,live,10,1220
25,live,11,1074
25,live,12,940
25,live,13,901
25,live,14,840
25,live,15,773
25,live,16,708
25,live,17,634
25,live,18,741
25,live,19,629
25,live,20,699
25,live,21,827
25,live,22,13287
25,live,23,6055
25,live,24,9377
25,live,25,1649
26,removed,0,30223
26,removed,1,12307
26,removed,2,5236
26,removed,3,2419
26,removed,4,1374
26,removed,5,866
26,removed,6,545
26,removed,7,387
26,removed,8,355
26,removed,9,274
26,removed,10,217
26,removed,11,180
26,removed,12,123
26,removed,13,150
26,removed,14,92
26,removed,15,71
26,removed,16,72
26,removed,17,51
26,removed,18,57
26,removed,19,22
26,removed,20,15
26,removed,21,9
26,removed,22,0
26,removed,23,0
26,removed,24,0
26,removed,25,0
26,live,0,0
26,live,1,21541
26,live,2,10248
26,live,3,5881
26,live,4,3971
26,live,5,2844
26,live,6,2035
26,live,7,1626
26,live,8,1553
26,live,9,1220
26,live,10,1144
26,live,11,1003
26,live,12,894
26,live,13,817
26,live,14,751
26,live,15,748
26,live,16,702
26,live,17,636
26,live,18,583
26,live,19,684
26,live,20,607
26,live,21,684
26,live,22,818
26,live,23,13287
26,live,24,6055
26,live,25,9377
26,live,26,1649
27,removed,0,31355
27,removed,1,12520
27,removed,2,5058
27,removed,3,2681
27,removed,4,1626
27,removed,5,906
27,removed,6,612
27,removed,7,383
27,removed,8,396
27,removed,9,346
27,removed,10,224
27,removed,11,207
27,removed,12,157
27,removed,13,147
27,removed,14,113
27,removed,15,101
27,removed,16,73
27,removed,17,48
27,removed,18,49
27,removed,19,66
27,removed,20,33
27,removed,21,36
27,removed,22,36
27,removed,23,124
27,removed,24,11
27,removed,25,33
27,removed,26,0
27,live,0,0
27,live,1,20479
27,live,2,9021
27,live,3,5190
27,live,4,3200
27,live,5,2345
27,live,6,1938
27,live,7,1423
27,live,8,1243
27,live,9,1157
27,live,10,874
27,live,11,920
27,live,12,796
27,live,13,737
27,live,14,670
27,live,15,638
27,live,16,647
27,live,17,629
27,live,18,588
27,live,19,534
27,live,20,618
27,live,21,574
27,live,22,648
27,live,23,782
27,live,24,13163
27,live,25,6044
27,live,26,9344
27,live,27,1649
28,removed,0,31578
28,removed,1,11845
28,removed,2,4602
28,removed,3,2270
28,removed,4,1093
28,removed,5,748
28,removed,6,503
28,removed,7,337
28,removed,8,222
28,removed,9,233
28,removed,10,138
28,removed,11,157
28,removed,12,92
28,removed,13,69
28,removed,14,64
28,removed,15,57
28,removed,16,45
28,removed,17,38
28,removed,18,44
28,removed,19,14
28,removed,20,17
28,removed,21,7
28,removed,22,12
28,removed,23,37
28,removed,24,13
28,removed,25,2
28,removed,26,0
28,removed,27,0
28,live,0,0
28,live,1,20318
28,live,2,8634
28,live,3,4419
28,live,4,2920
28,live,5,2107
28,live,6,1597
28,live,7,1435
28,live,8,1086
28,live,9,1021
28,live,10,924
28,live,11,736
28,live,12,763
28,live,13,704
28,live,14,668
28,live,15,606
28,live,16,581
28,live,17,602
28,live,18,591
28,live,19,544
28,live,20,520
28,live,21,601
28,live,22,567
28,live,23,636
28,live,24,745
28,live,25,13150
28,live,26,6042
28,live,27,9344
28,live,28,1649
29,removed,0,32346
29,removed,1,11961
29,removed,2,4479
29,removed,3,2017
29,removed,4,1117
29,removed,5,697
29,removed,6,470
29,removed,7,382
29,removed,8,239
29,removed,9,206
29,removed,10,173
29,removed,11,132
29,removed,12,125
29,removed,13,75
29,removed,14,80
29,removed,15,60
29,removed,16,62
29,removed,17,46
29,removed,18,43
29,removed,19,22
29,removed,20,17
29,removed,21,34
29,removed,22,27
29,removed,23,37
29,removed,24,88
29,removed,25,109
29,removed,26,18
29,removed,27,20
29,removed,28,1
29,live,0,0
29,live,1,19706
29,live,2,8357
29,live,3,4155
29,live,4,2402
29,live,5,1803
29,live,6,1410
29,live,7,1127
29,live,8,1053
29,live,9,847
29,live,10,815
29,live,11,751
29,live,12,604
29,live,13,638
29,live,14,629
29,live,15,588
29,live,16,546
29,live,17,519
29,live,18,556
29,live,19,548
29,live,20,522
29,live,21,503
29,live,22,567
29,live,23,540
29,live,24,599
29,live,25,657
29,live,26,13041
29,live,27,6024
29,live,28,9324
29,live,29,1648
30,removed,0,34233
30,removed,1,11966
30,removed,2,4293
30,removed,3,1877
30,removed,4,948
30,removed,5,603
30,removed,6,382
30,removed,7,315
30,removed,8,235
30,removed,9,174
30,removed,10,142
30,removed,11,128
30,removed,12,58
30,removed,13,86
30,removed,14,67
30,removed,15,38
30,removed,16,38
30,removed,17,41
30,removed,18,27
30,removed,19,28
30,removed,20,20
30,removed,21,8
30,removed,22,18
30,removed,23,7
30,removed,24,9
30,removed,25,6
30,removed,26,15
30,removed,27,4
30,removed,28,0
30,removed,29,0
30,live,0,0
30,live,1,17928
30,live,2,7740
30,live,3,4064
30,live,4,2278
30,live,5,1454
30,live,6,1200
30,live,7,1028
30,live,8,812
30,live,9,818
30,live,10,673
30,live,11,673
30,live,12,623
30,live,13,546
30,live,14,552
30,live,15,562
30,live,16,550
30,live,17,508
30,live,18,478
30,live,19,529
30,live,20,520
30,live,21,502
30,live,22,495
30,live,23,549
30,live,24,533
30,live,25,590
30,live,26,651
30,live,27,13026
30,live,28,6020
30,live,29,9324
30,live,30,1648
31,removed,0,34339
31,removed,1,11219
31,removed,2,4074
31,removed,3,2007
31,removed,4,909
31,removed,5,482
31,removed,6,342
31,removed,7,260
31,removed,8,130
31,removed,9,156
31,removed,10,89
31,removed,11,93
31,removed,12,73
31,removed,13,47
31,removed,14,37
31,removed,15,46
31,removed,16,32
31,removed,17,37
31,removed,18,19
31,removed,19,19
31,removed,20,17
31,removed,21,16
31,removed,22,12
31,removed,23,14
31,removed,24,11
31,removed,25,33
31,removed,26,76
31,removed,27,135
31,removed,28,6
31,removed,29,19
31,removed,30,0
31,live,0,0
31,live,1,18023
31,live,2,6709
31,live,3,3666
31,live,4,2057
31,live,5,1369
31,live,6,972
31,live,7,858
31,live,8,768
31,live,9,682
31,live,10,662
31,live,11,584
31,live,12,580
31,live,13,550
31,live,14,499
31,live,15,515
31,live,16,516
31,live,17,518
31,live,18,471
31,live,19,459
31,live,20,510
31,live,21,503
31,live,22,486
31,live,23,483
31,live,24,535
31,live,25,522
31,live,26,557
31,live,27,575
31,live,28,12891
31,live,29,6014
31,live,30,9305
31,live,31,1648
32,removed,0,35447
32,removed,1,11220
32,removed,2,3783
32,removed,3,1701
32,removed,4,871
32,removed,5,434
32,removed,6,250
32,removed,7,192
32,removed,8,153
32,removed,9,113
32,removed,10,92
32,removed,11,62
32,removed,12,70
32,removed,13,56
32,removed,14,30
32,removed,15,29
32,removed,16,27
32,removed,17,21
32,removed,18,11
32,removed,19,8
32,removed,20,15
32,removed,21,21
32,removed,22,16
32,removed,23,7
32,removed,24,11
32,removed,25,13
32,removed,26,16
32,removed,27,28
32,removed,28,83
32,removed,29,7
32,removed,30,7
32,removed,31,0
32,live,0,0
32,live,1,17259
32,live,2,6803
32,live,3,2926
32,live,4,1965
32,live,5,1186
32,live,6,935
32,live,7,722
32,live,8,666
32,live,9,615
32,live,10,569
32,live,11,570
32,live,12,522
32,live,13,510
32,live,14,494
32,live,15,469
32,live,16,486
32,live,17,489
32,live,18,497
32,live,19,460
32,live,20,451
32,live,21,495
32,live,22,482
32,live,23,470
32,live,24,476
32,live,25,524
32,live,26,509
32,live,27,541
32,live,28,547
32,live,29,12808
32,live,30,6007
32,live,31,9298
32,live,32,1648
33,removed,0,36410
33,removed,1,11219
33,removed,2,3740
33,removed,3,1459
33,removed,4,846
33,removed,5,463
33,removed,6,307
33,removed,7,148
33,removed,8,111
33,removed,9,78
33,removed,10,77
33,removed,11,65
33,removed,12,39
33,removed,13,35
33,removed,14,28
33,removed,15,21
33,removed,16,27
33,removed,17,27
33,removed,18,30
33,removed,19,15
33,removed,20,12
33,removed,21,15
33,removed,22,9
33,removed,23,15
33,removed,24,8
33,removed,25,15
33,removed,26,10
33,removed,27,13
33,removed,28,21
33,removed,29,287
33,removed,30,24
33,removed,31,58
33,removed,32,4
33,live,0,0
33,live,1,16754
33,live,2,6040
33,live,3,3063
33,live,4,1467
33,live,5,1119
33,live,6,723
33,live,7,628
33,live,8,574
33,live,9,555
33,live,10,537
33,live,11,492
33,live,12,505
33,live,13,483
33,live,14,475
33,live,15,466
33,live,16,448
33,live,17,459
33,live,18,462
33,live,19,467
33,live,20,445
33,live,21,439
33,live,22,480
33,live,23,473
33,live,24,455
33,live,25,468
33,live,26,509
33,live,27,499
33,live,28,528
33,live,29,526
33,live,30,12521
33,live,31,5983
33,live,32,9240
33,live,33,1644
34,removed,0,36387
34,removed,1,10645
34,removed,2,3367
34,removed,3,1398
34,removed,4,561
34,removed,5,318
34,removed,6,159
34,removed,7,95
34,removed,8,65
34,removed,9,56
34,removed,10,50
34,removed,11,36
34,removed,12,32
34,removed,13,26
34,removed,14,24
34,removed,15,16
34,removed,16,9
34,removed,17,16
34,removed,18,5
34,removed,19,13
34,removed,20,6
34,removed,21,9
34,removed,22,6
34,removed,23,14
34,removed,24,9
34,removed,25,6
34,removed,26,12
34,removed,27,9
34,removed,28,28
34,removed,29,11
34,removed,30,258
34,removed,31,26
34,removed,32,58
34,removed,33,12
34,live,0,0
34,live,1,17381
34,live,2,6109
34,live,3,2673
34,live,4,1665
34,live,5,906
34,live,6,801
34,live,7,564
34,live,8,533
34,live,9,509
34,live,10,499
34,live,11,487
34,live,12,456
34,live,13,473
34,live,14,457
34,live,15,451
34,live,16,450
34,live,17,439
34,live,18,443
34,live,19,457
34,live,20,454
34,live,21,439
34,live,22,430
34,live,23,474
34,live,24,459
34,live,25,446
34,live,26,462
34,live,27,497
34,live,28,490
34,live,29,500
34,live,30,515
34,live,31,12263
34,live,32,5957
34,live,33,9182
34,live,34,1632
35,removed,0,37009
35,removed,1,11018
35,removed,2,3226
35,removed,3,1152
35,removed,4,614
35,removed,5,254
35,removed,6,162
35,removed,7,93
35,removed,8,69
35,removed,9,55
35,removed,10,47
35,removed,11,30
35,removed,12,31
35,removed,13,31
35,removed,14,23
35,removed,15,25
35,removed,16,22
35,removed,17,15
35,removed,18,18
35,removed,19,23
35,removed,20,16
35,removed,21,9
35,removed,22,11
35,removed,23,24
35,removed,24,28
35,removed,25,17
35,removed,26,20
35,removed,27,12
35,removed,28,18
35,removed,29,15
35,removed,30,13
35,removed,31,639
35,removed,32,89
35,removed,33,172
35,removed,34,33
35,live,0,0
35,live,1,17739
35,live,2,6363
35,live,3,2883
35,live,4,1521
35,live,5,1051
35,live,6,652
35,live,7,639
35,live,8,471
35,live,9,464
35,live,10,454
35,live,11,452
35,live,12,457
35,live,13,425
35,live,14,442
35,live,15,434
35,live,16,426
35,live,17,428
35,live,18,424
35,live,19,425
35,live,20,434
35,live,21,438
35,live,22,430
35,live,23,419
35,live,24,450
35,live,25,431
35,live,26,429
35,live,27,442
35,live,28,485
35,live,29,472
35,live,30,485
35,live,31,502
35,live,32,11624
35,live,33,5868
35,live,34,9010
35,live,35,1599
36,removed,0,37426
36,removed,1,11072
36,removed,2,3557
36,removed,3,1377
36,removed,4,621
36,removed,5,392
36,removed,6,125
36,removed,7,118
36,removed,8,49
36,removed,9,46
36,removed,10,50
36,removed,11,37
36,removed,12,43
36,removed,13,32
36,removed,14,27
36,removed,15,30
36,removed,16,20
36,removed,17,15
36,removed,18,16
36,removed,19,16
36,removed,20,17
36,removed,21,11
36,removed,22,23
36,removed,23,19
36,removed,24,21
36,removed,25,16
36,removed,26,16
36,removed,27,20
36,removed,28,18
36,removed,29,16
36,removed,30,19
36,removed,31,21
36,removed,32,733
36,removed,33,185
36,removed,34,311
36,removed,35,39
36,live,0,0
36,live,1,18726
36,live,2,6667
36,live,3,2806
36,live,4,1506
36,live,5,900
36,live,6,659
36,live,7,527
36,live,8,521
36,live,9,422
36,live,10,418
36,live,11,404
36,live,12,415
36,live,13,414
36,live,14,393
36,live,15,415
36,live,16,404
36,live,17,406
36,live,18,413
36,live,19,408
36,live,20,409
36,live,21,417
36,live,22,427
36,live,23,407
36,live,24,400
36,live,25,429
36,live,26,415
36,live,27,413
36,live,28,422
36,live,29,467
36,live,30,456
36,live,31,466
36,live,32,481
36,live,33,10891
36,live,34,5683
36,live,35,8699
36,live,36,1560
37,removed,0,31524
37,removed,1,10285
37,removed,2,3039
37,removed,3,1150
37,removed,4,518
37,removed,5,237
37,removed,6,154
37,removed,7,102
37,removed,8,94
37,removed,9,51
37,removed,10,42
37,removed,11,44
37,removed,12,32
37,removed,13,36
37,removed,14,30
37,removed,15,31
37,removed,16,32
37,removed,17,30
37,removed,18,32
37,removed,19,34
37,removed,20,35
37,removed,21,31
37,removed,22,27
37,removed,23,26
37,removed,24,28
37,removed,25,23
37,removed,26,19
37,removed,27,26
37,removed,28,19
37,removed,29,20
37,removed,30,30
37,removed,31,36
37,removed,32,18
37,removed,33,1634
37,removed,34,180
37,removed,35,205
37,removed,36,21
37,live,0,0
37,live,1,26205
37,live,2,8441
37,live,3,3628
37,live,4,1656
37,live,5,988
37,live,6,663
37,live,7,505
37,live,8,425
37,live,9,427
37,live,10,371
37,live,11,376
37,live,12,360
37,live,13,383
37,live,14,378
37,live,15,363
37,live,16,384
37,live,17,372
37,live,18,376
37,live,19,381
37,live,20,374
37,live,21,374
37,live,22,386
37,live,23,400
37,live,24,381
37,live,25,372
37,live,26,406
37,live,27,396
37,live,28,387
37,live,29,403
37,live,30,447
37,live,31,426
37,live,32,430
37,live,33,463
37,live,34,9257
37,live,35,5503
37,live,36,8494
37,live,37,1539
38,removed,0,26049
38,removed,1,15036
38,removed,2,4125
38,removed,3,1685
38,removed,4,656
38,removed,5,301
38,removed,6,215
38,removed,7,148
38,removed,8,107
38,removed,9,114
38,removed,10,93
38,removed,11,102
38,removed,12,89
38,removed,13,91
38,removed,14,86
38,removed,15,76
38,removed,16,81
38,removed,17,84
38,removed,18,86
38,removed,19,74
38,removed,20,75
38,removed,21,88
38,removed,22,82
38,removed,23,82
38,removed,24,75
38,removed,25,72
38,removed,26,83
38,removed,27,80
38,removed,28,80
38,removed,29,88
38,removed,30,106
38,removed,31,101
38,removed,32,114
38,removed,33,105
38,removed,34,2816
38,removed,35,750
38,removed,36,1538
38,removed,37,226
38,live,0,0
38,live,1,32576
38,live,2,11169
38,live,3,4316
38,live,4,1943
38,live,5,1000
38,live,6,687
38,live,7,448
38,live,8,357
38,live,9,318
38,live,10,313
38,live,11,278
38,live,12,274
38,live,13,271
38,live,14,292
38,live,15,292
38,live,16,287
38,live,17,303
38,live,18,288
38,live,19,290
38,live,20,307
38,live,21,299
38,live,22,286
38,live,23,304
38,live,24,318
38,live,25,306
38,live,26,300
38,live,27,323
38,live,28,316
38,live,29,307
38,live,30,315
38,live,31,341
38,live,32,325
38,live,33,316
38,live,34,358
38,live,35,6441
38,live,36,4753
38,live,37,6956
38,live,38,1313
39,removed,0,19345
39,removed,1,14857
39,removed,2,5425
39,removed,3,1914
39,removed,4,706
39,removed,5,365
39,removed,6,242
39,removed,7,144
39,removed,8,113
39,removed,9,102
39,removed,10,80
39,removed,11,80
39,removed,12,74
39,removed,13,69
39,removed,14,76
39,removed,15,74
39,removed,16,69
39,removed,17,70
39,removed,18,79
39,removed,19,77
39,removed,20,87
39,removed,21,77
39,removed,22,76
39,removed,23,84
39,removed,24,99
39,removed,25,89
39,removed,26,87
39,removed,27,95
39,removed,28,105
39,removed,29,97
39,removed,30,105
39,removed,31,115
39,removed,32,121
39,removed,33,130
39,removed,34,128
39,removed,35,923
39,removed,36,1463
39,removed,37,3857
39,removed,38,842
39,live,0,0
39,live,1,34310
39,live,2,17719
39,live,3,5744
39,live,4,2402
39,live,5,1237
39,live,6,635
39,live,7,445
39,live,8,304
39,live,9,244
39,live,10,216
39,live,11,233
39,live,12,198
39,live,13,200
39,live,14,202
39,live,15,216
39,live,16,218
39,live,17,218
39,live,18,233
39,live,19,209
39,live,20,213
39,live,21,220
39,live,22,222
39,live,23,210
39,live,24,220
39,live,25,219
39,live,26,217
39,live,27,213
39,live,28,228
39,live,29,211
39,live,30,210
39,live,31,210
39,live,32,226
39,live,33,204
39,live,34,186
39,live,35,230
39,live,36,5518
39,live,37,3290
39,live,38,3099
39,live,39,471
40,removed,0,11547
40,removed,1,14770
40,removed,2,7004
40,removed,3,2638
40,removed,4,990
40,removed,5,446
40,removed,6,227
40,removed,7,129
40,removed,8,95
40,removed,9,60
40,removed,10,57
40,removed,11,56
40,removed,12,50
40,removed,13,49
40,removed,14,52
40,removed,15,62
40,removed,16,57
40,removed,17,54
40,removed,18,68
40,removed,19,56
40,removed,20,58
40,removed,21,52
40,removed,22,43
40,removed,23,57
40,removed,24,57
40,removed,25,51
40,removed,26,49
40,removed,27,45
40,removed,28,43
40,removed,29,48
40,removed,30,48
40,removed,31,50
40,removed,32,63
40,removed,33,51
40,removed,34,50
40,removed,35,68
40,removed,36,1644
40,removed,37,584
40,removed,38,725
40,removed,39,133
40,live,0,0
40,live,1,30791
40,live,2,19540
40,live,3,10715
40,live,4,3106
40,live,5,1412
40,live,6,791
40,live,7,408
40,live,8,316
40,live,9,209
40,live,10,184
40,live,11,159
40,live,12,177
40,live,13,148
40,live,14,151
40,live,15,150
40,live,16,154
40,live,17,161
40,live,18,164
40,live,19,165
40,live,20,153
40,live,21,155
40,live,22,168
40,live,23,179
40,live,24,153
40,live,25,163
40,live,26,168
40,live,27,168
40,live,28,168
40,live,29,185
40,live,30,163
40,live,31,162
40,live,32,160
40,live,33,163
40,live,34,153
40,live,35,136
40,live,36,162
40,live,37,3874
40,live,38,2706
40,live,39,2374
40,live,40,338
41,removed,0,13266
41,removed,1,13048
41,removed,2,7954
41,removed,3,4210
41,removed,4,1167
41,removed,5,480
41,removed,6,294
41,removed,7,128
41,removed,8,119
41,removed,9,78
41,removed,10,71
41,removed,11,70
41,removed,12,57
41,removed,13,52
41,removed,14,45
41,removed,15,52
41,removed,16,62
41,removed,17,54
41,removed,18,64
41,removed,19,55
41,removed,20,47
41,removed,21,52
41,removed,22,53
41,removed,23,52
41,removed,24,44
41,removed,25,54
41,removed,26,66
41,removed,27,67
41,removed,28,59
41,removed,29,60
41,removed,30,57
41,removed,31,52
41,removed,32,66
41,removed,33,62
41,removed,34,54
41,removed,35,48
41,removed,36,57
41,removed,37,1123
41,removed,38,931
41,removed,39,1109
41,removed,40,172
41,live,0,0
41,live,1,23405
41,live,2,17743
41,live,3,11586
41,live,4,6505
41,live,5,1939
41,live,6,932
41,live,7,497
41,live,8,280
41,live,9,197
41,live,10,131
41,live,11,113
41,live,12,89
41,live,13,120
41,live,14,96
41,live,15,106
41,live,16,98
41,live,17,92
41,live,18,107
41,live,19,100
41,live,20,110
41,live,21,106
41,live,22,103
41,live,23,115
41,live,24,127
41,live,25,109
41,live,26,109
41,live,27,102
41,live,28,101
41,live,29,109
41,live,30,125
41,live,31,106
41,live,32,110
41,live,33,94
41,live,34,101
41,live,35,99
41,live,36,88
41,live,37,105
41,live,38,2751
41,live,39,1775
41,live,40,1265
41,live,41,166
42,removed,0,17947
42,removed,1,9419
42,removed,2,6290
42,removed,3,4106
42,removed,4,2105
42,removed,5,604
42,removed,6,332
42,removed,7,152
42,removed,8,88
42,removed,9,71
42,removed,10,38
42,removed,11,48
42,removed,12,39
42,removed,13,47
42,removed,14,40
42,removed,15,47
42,removed,16,40
42,removed,17,39
42,removed,18,39
42,removed,19,35
42,removed,20,39
42,removed,21,37
42,removed,22,29
42,removed,23,38
42,removed,24,36
42,removed,25,40
42,removed,26,38
42,removed,27,37
42,removed,28,44
42,removed,29,43
42,removed,30,39
42,removed,31,41
42,removed,32,45
42,removed,33,42
42,removed,34,26
42,removed,35,21
42,removed,36,12
42,removed,37,18
42,removed,38,721
42,removed,39,520
42,removed,40,428
42,removed,41,55
42,live,0,0
42,live,1,31212
42,live,2,13986
42,live,3,11453
42,live,4,7480
42,live,5,4400
42,live,6,1335
42,live,7,600
42,live,8,345
42,live,9,192
42,live,10,126
42,live,11,93
42,live,12,65
42,live,13,50
42,live,14,73
42,live,15,56
42,live,16,59
42,live,17,58
42,live,18,53
42,live,19,68
42,live,20,65
42,live,21,71
42,live,22,69
42,live,23,74
42,live,24,77
42,live,25,91
42,live,26,69
42,live,27,71
42,live,28,65
42,live,29,57
42,live,30,66
42,live,31,86
42,live,32,65
42,live,33,65
42,live,34,52
42,live,35,75
42,live,36,78
42,live,37,76
42,live,38,87
42,live,39,2030
42,live,40,1255
42,live,41,837
42,live,42,111
43,removed,0,16083
43,removed,1,9917
43,removed,2,4141
43,removed,3,2706
43,removed,4,1749
43,removed,5,994
43,removed,6,290
43,removed,7,163
43,removed,8,82
43,removed,9,49
43,removed,10,28
43,removed,11,18
43,removed,12,12
43,removed,13,13
43,removed,14,16
43,removed,15,11
43,removed,16,13
43,removed,17,13
43,removed,18,11
43,removed,19,16
43,removed,20,20
43,removed,21,19
43,removed,22,19
43,removed,23,17
43,removed,24,19
43,removed,25,14
43,removed,26,17
43,removed,27,17
43,removed,28,19
43,removed,29,16
43,removed,30,20
43,removed,31,15
43,removed,32,17
43,removed,33,17
43,removed,34,9
43,removed,35,14
43,removed,36,19
43,removed,37,11
43,removed,38,28
43,removed,39,483
43,removed,40,271
43,removed,41,220
43,removed,42,22
43,live,0,0
43,live,1,33714
43,live,2,21295
43,live,3,9845
43,live,4,8747
43,live,5,5731
43,live,6,3406
43,live,7,1045
43,live,8,437
43,live,9,263
43,live,10,143
43,live,11,98
43,live,12,75
43,live,13,53
43,live,14,37
43,live,15,57
43,live,16,45
43,live,17,46
43,live,18,45
43,live,19,42
43,live,20,52
43,live,21,45
43,live,22,52
43,live,23,50
43,live,24,57
43,live,25,58
43,live,26,77
43,live,27,52
43,live,28,54
43,live,29,46
43,live,30,41
43,live,31,46
43,live,32,71
43,live,33,48
43,live,34,48
43,live,35,43
43,live,36,61
43,live,37,59
43,live,38,65
43,live,39,59
43,live,40,1547
43,live,41,984
43,live,42,617
43,live,43,89
44,removed,0,15824
44,removed,1,9056
44,removed,2,4626
44,removed,3,1676
44,removed,4,1434
44,removed,5,642
44,removed,6,403
44,removed,7,205
44,removed,8,74
44,removed,9,43
44,removed,10,28
44,removed,11,9
44,removed,12,12
44,removed,13,7
44,removed,14,9
44,removed,15,7
44,removed,16,4
44,removed,17,8
44,removed,18,6
44,removed,19,6
44,removed,20,10
44,removed,21,10
44,removed,22,7
44,removed,23,5
44,removed,24,7
44,removed,25,5
44,removed,26,5
44,removed,27,8
44,removed,28,6
44,removed,29,5
44,removed,30,2
44,removed,31,3
44,removed,32,7
44,removed,33,5
44,removed,34,2
44,removed,35,3
44,removed,36,17
44,removed,37,2
44,removed,38,6
44,removed,39,6
44,removed,40,225
44,removed,41,131
44,removed,42,82
44,removed,43,13
44,live,0,0
44,live,1,35334
44,live,2,24658
44,live,3,16669
44,live,4,8169
44,live,5,7313
44,live,6,5089
44,live,7,3003
44,live,8,840
44,live,9,363
44,live,10,220
44,live,11,115
44,live,12,89
44,live,13,63
44,live,14,46
44,live,15,28
44,live,16,50
44,live,17,41
44,live,18,38
44,live,19,39
44,live,20,36
44,live,21,42
44,live,22,35
44,live,23,45
44,live,24,45
44,live,25,50
44,live,26,53
44,live,27,72
44,live,28,44
44,live,29,48
44,live,30,41
44,live,31,39
44,live,32,43
44,live,33,64
44,live,34,43
44,live,35,46
44,live,36,40
44,live,37,44
44,live,38,57
44,live,39,59
44,live,40,53
44,live,41,1322
44,live,42,853
44,live,43,535
44,live,44,76
45,removed,0,15497
45,removed,1,11413
45,removed,2,4964
45,removed,3,2787
45,removed,4,1247
45,removed,5,678
45,removed,6,569
45,removed,7,370
45,removed,8,70
45,removed,9,45
45,removed,10,26
45,removed,11,10
45,removed,12,13
45,removed,13,6
45,removed,14,2
45,removed,15,5
45,removed,16,3
45,removed,17,8
45,removed,18,5
45,removed,19,5
45,removed,20,3
45,removed,21,0
45,removed,22,5
45,removed,23,4
45,removed,24,6
45,removed,25,7
45,removed,26,5
45,removed,27,7
45,removed,28,5
45,removed,29,4
45,removed,30,4
45,removed,31,5
45,removed,32,7
45,removed,33,4
45,removed,34,4
45,removed,35,3
45,removed,36,2
45,removed,37,4
45,removed,38,7
45,removed,39,2
45,removed,40,3
45,removed,41,157
45,removed,42,80
45,removed,43,45
45,removed,44,5
45,live,0,0
45,live,1,35624
45,live,2,23921
45,live,3,19694
45,live,4,13882
45,live,5,6922
45,live,6,6635
45,live,7,4520
45,live,8,2633
45,live,9,770
45,live,10,318
45,live,11,194
45,live,12,105
45,live,13,76
45,live,14,57
45,live,15,44
45,live,16,23
45,live,17,47
45,live,18,33
45,live,19,33
45,live,20,34
45,live,21,33
45,live,22,42
45,live,23,30
45,live,24,41
45,live,25,39
45,live,26,43
45,live,27,48
45,live,28,65
45,live,29,39
45,live,30,44
45,live,31,37
45,live,32,34
45,live,33,36
45,live,34,60
45,live,35,39
45,live,36,43
45,live,37,38
45,live,38,40
45,live,39,50
45,live,40,57
45,live,41,50
45,live,42,1165
45,live,43,773
45,live,44,490
45,live,45,71
46,removed,0,14808
46,removed,1,12472
46,removed,2,4773
46,removed,3,2331
46,removed,4,1000
46,removed,5,673
46,removed,6,223
46,removed,7,186
46,removed,8,158
46,removed,9,93
46,removed,10,18
46,removed,11,8
46,removed,12,2
46,removed,13,1
46,removed,14,4
46,removed,15,6
46,removed,16,2
46,removed,17,2
46,removed,18,2
46,removed,19,4
46,removed,20,1
46,removed,21,2
46,removed,22,3
46,removed,23,0
46,removed,24,2
46,removed,25,0
46,removed,26,2
46,removed,27,2
46,removed,28,3
46,removed,29,4
46,removed,30,3
46,removed,31,2
46,removed,32,3
46,removed,33,0
46,removed,34,9
46,removed,35,2
46,removed,36,2
46,removed,37,2
46,removed,38,1
46,removed,39,1
46,removed,40,1
46,removed,41,1
46,removed,42,170
46,removed,43,28
46,removed,44,18
46,removed,45,7
46,live,0,0
46,live,1,36307
46,live,2,23152
46,live,3,19148
46,live,4,17363
46,live,5,12882
46,live,6,6249
46,live,7,6412
46,live,8,4334
46,live,9,2475
46,live,10,677
46,live,11,300
46,live,12,186
46,live,13,103
46,live,14,75
46,live,15,53
46,live,16,38
46,live,17,21
46,live,18,45
46,live,19,31
46,live,20,29
46,live,21,33
46,live,22,31
46,live,23,39
46,live,24,30
46,live,25,39
46,live,26,39
46,live,27,41
46,live,28,46
46,live,29,62
46,live,30,35
46,live,31,41
46,live,32,35
46,live,33,31
46,live,34,36
46,live,35,51
46,live,36,37
46,live,37,41
46,live,38,36
46,live,39,39
46,live,40,49
46,live,41,56
46,live,42,49
46,live,43,995
46,live,44,745
46,live,45,472
46,live,46,64
47,removed,0,20544
47,removed,1,12503
47,removed,2,6371
47,removed,3,2728
47,removed,4,1202
47,removed,5,562
47,removed,6,326
47,removed,7,206
47,removed,8,134
47,removed,9,55
47,removed,10,42
47,removed,11,28
47,removed,12,12
47,removed,13,9
47,removed,14,6
47,removed,15,0
47,removed,16,0
47,removed,17,0
47,removed,18,0
47,removed,19,2
47,removed,20,1
47,removed,21,1
47,removed,22,2
47,removed,23,2
47,removed,24,0
47,removed,25,2
47,removed,26,2
47,removed,27,0
47,removed,28,1
47,removed,29,2
47,removed,30,0
47,removed,31,0
47,removed,32,0
47,removed,33,1
47,removed,34,0
47,removed,35,0
47,removed,36,1
47,removed,37,1
47,removed,38,1
47,removed,39,0
47,removed,40,0
47,removed,41,0
47,removed,42,0
47,removed,43,43
47,removed,44,10
47,removed,45,5
47,removed,46,7
47,live,0,0
47,live,1,31104
47,live,2,23804
47,live,3,16781
47,live,4,16420
47,live,5,16161
47,live,6,12320
47,live,7,5923
47,live,8,6206
47,live,9,4200
47,live,10,2420
47,live,11,635
47,live,12,272
47,live,13,174
47,live,14,94
47,live,15,69
47,live,16,53
47,live,17,38
47,live,18,21
47,live,19,45
47,live,20,29
47,live,21,28
47,live,22,32
47,live,23,29
47,live,24,37
47,live,25,30
47,live,26,37
47,live,27,37
47,live,28,41
47,live,29,45
47,live,30,60
47,live,31,35
47,live,32,41
47,live,33,35
47,live,34,30
47,live,35,36
47,live,36,51
47,live,37,36
47,live,38,40
47,live,39,35
47,live,40,39
47,live,41,49
47,live,42,56
47,live,43,49
47,live,44,952
47,live,45,735
47,live,46,467
47,live,47,57
48,removed,0,22361
48,removed,1,11129
48,removed,2,5279
48,removed,3,3354
48,removed,4,1333
48,removed,5,941
48,removed,6,308
48,removed,7,406
48,removed,8,110
48,removed,9,124
48,removed,10,57
48,removed,11,18
48,removed,12,8
48,removed,13,6
48,removed,14,2
48,removed,15,1
48,removed,16,2
48,removed,17,1
48,removed,18,2
48,removed,19,3
48,removed,20,1
48,removed,21,1
48,removed,22,1
48,removed,23,1
48,removed,24,2
48,removed,25,0
48,removed,26,3
48,removed,27,2
48,removed,28,2
48,removed,29,1
48,removed,30,0
48,removed,31,1
48,removed,32,0
48,removed,33,1
48,removed,34,0
48,removed,35,0
48,removed,36,2
48,removed,37,1
48,removed,38,1
48,removed,39,1
48,removed,40,0
48,removed,41,0
48,removed,42,0
48,removed,43,0
48,removed,44,44
48,removed,45,8
48,removed,46,6
48,removed,47,1
48,live,0,0
48,live,1,29294
48,live,2,19975
48,live,3,18525
48,live,4,13427
48,live,5,15087
48,live,6,15220
48,live,7,12012
48,live,8,5517
48,live,9,6096
48,live,10,4076
48,live,11,2363
48,live,12,617
48,live,13,264
48,live,14,168
48,live,15,92
48,live,16,68
48,live,17,51
48,live,18,37
48,live,19,19
48,live,20,42
48,live,21,28
48,live,22,27
48,live,23,31
48,live,24,28
48,live,25,35
48,live,26,30
48,live,27,34
48,live,28,35
48,live,29,39
48,live,30,44
48,live,31,60
48,live,32,34
48,live,33,41
48,live,34,34
48,live,35,30
48,live,36,36
48,live,37,49
48,live,38,35
48,live,39,39
48,live,40,34
48,live,41,39
48,live,42,49
48,live,43,56
48,live,44,49
48,live,45,908
48,live,46,727
48,live,47,461
48,live,48,56
49,removed,0,22005
49,removed,1,11701
49,removed,2,4485
49,removed,3,2660
49,removed,4,1393
49,removed,5,613
49,removed,6,296
49,removed,7,111
49,removed,8,121
49,removed,9,21
49,removed,10,35
49,removed,11,17
49,removed,12,1
49,removed,13,4
49,removed,14,1
49,removed,15,0
49,removed,16,2
49,removed,17,0
49,removed,18,0
49,removed,19,0
49,removed,20,1
49,removed,21,0
49,removed,22,0
49,removed,23,0
49,removed,24,0
49,removed,25,0
49,removed,26,0
49,removed,27,0
49,removed,28,0
49,removed,29,0
49,removed,30,0
49,removed,31,0
49,removed,32,0
49,removed,33,0
49,removed,34,0
49,removed,35,0
49,removed,36,0
49,removed,37,1
49,removed,38,3
49,removed,39,1
49,removed,40,0
49,removed,41,0
49,removed,42,0
49,removed,43,0
49,removed,44,0
49,removed,45,6
49,removed,46,10
49,removed,47,9
49,removed,48,5
49,live,0,0
49,live,1,29660
49,live,2,17593
49,live,3,15490
49,live,4,15865
49,live,5,12034
49,live,6,14474
49,live,7,14924
49,live,8,11901
49,live,9,5396
49,live,10,6075
49,live,11,4041
49,live,12,2346
49,live,13,616
49,live,14,260
49,live,15,167
49,live,16,92
49,live,17,66
49,live,18,51
49,live,19,37
49,live,20,19
49,live,21,41
49,live,22,28
49,live,23,27
49,live,24,31
49,live,25,28
49,live,26,35
49,live,27,30
49,live,28,34
49,live,29,35
49,live,30,39
49,live,31,44
49,live,32,60
49,live,33,34
49,live,34,41
49,live,35,34
49,live,36,30
49,live,37,36
49,live,38,48
49,live,39,32
49,live,40,38
49,live,41,34
49,live,42,39
49,live,43,49
49,live,44,56
49,live,45,49
49,live,46,902
49,live,47,717
49,live,48,452
49,live,49,51
50,removed,0,22585
50,removed,1,12007
50,removed,2,5517
50,removed,3,2569
50,removed,4,1714
50,removed,5,994
50,removed,6,378
50,removed,7,204
50,removed,8,70
50,removed,9,74
50,removed,10,33
50,removed,11,48
50,removed,12,10
50,removed,13,11
50,removed,14,0
50,removed,15,0
50,removed,16,0
50,removed,17,0
50,removed,18,1
50,removed,19,0
50,removed,20,0
50,removed,21,0
50,removed,22,0
50,removed,23,0
50,removed,24,0
50,removed,25,0
50,removed,26,0
50,removed,27,1
50,removed,28,0
50,removed,29,0
50,removed,30,0
50,removed,31,0
50,removed,32,0
50,removed,33,0
50,removed,34,0
50,removed,35,0
50,removed,36,0
50,removed,37,1
50,removed,38,1
50,removed,39,0
50,removed,40,1
50,removed,41,0
50,removed,42,0
50,removed,43,0
50,removed,44,0
50,removed,45,0
50,removed,46,2
50,removed,47,5
50,removed,48,0
50,removed,49,1
50,live,0,0
50,live,1,29074
50,live,2,17653
50,live,3,12076
50,live,4,12921
50,live,5,14151
50,live,6,11040
50,live,7,14096
50,live,8,14720
50,live,9,11831
50,live,10,5322
50,live,11,6042
50,live,12,3993
50,live,13,2336
50,live,14,605
50,live,15,260
50,live,16,167
50,live,17,92
50,live,18,66
50,live,19,50
50,live,20,37
50,live,21,19
50,live,22,41
50,live,23,28
50,live,24,27
50,live,25,31
50,live,26,28
50,live,27,35
50,live,28,29
50,live,29,34
50,live,30,35
50,live,31,39
50,live,32,44
50,live,33,60
50,live,34,34
50,live,35,41
50,live,36,34
50,live,37,30
50,live,38,35
50,live,39,47
50,live,40,32
50,live,41,37
50,live,42,34
50,live,43,39
50,live,44,49
50,live,45,56
50,live,46,49
50,live,47,900
50,live,48,712
50,live,49,452
50,live,50,50
51,removed,0,23595
51,removed,1,11766
51,removed,2,5963
51,removed,3,3128
51,removed,4,1741
51,removed,5,1280
51,removed,6,676
51,removed,7,310
51,removed,8,90
51,removed,9,31
51,removed,10,18
51,removed,11,6
51,removed,12,10
51,removed,13,4
51,removed,14,6
51,removed,15,1
51,removed,16,0
51,removed,17,0
51,removed,18,0
51,removed,19,0
51,removed,20,0
51,removed,21,0
51,removed,22,0
51,removed,23,0
51,removed,24,0
51,removed,25,0
51,removed,26,0
51,removed,27,0
51,removed,28,0
51,removed,29,0
51,removed,30,0
51,removed,31,0
51,removed,32,0
51,removed,33,0
51,removed,34,0
51,removed,35,0
51,removed,36,1
51,removed,37,0
51,removed,38,0
51,removed,39,0
51,removed,40,1
51,removed,41,0
51,removed,42,0
51,removed,43,0
51,removed,44,0
51,removed,45,0
51,removed,46,0
51,removed,47,1
51,removed,48,0
51,removed,49,1
51,removed,50,0
51,live,0,0
51,live,1,28111
51,live,2,17308
51,live,3,11690
51,live,4,8948
51,live,5,11180
51,live,6,12871
51,live,7,10364
51,live,8,13786
51,live,9,14630
51,live,10,11800
51,live,11,5304
51,live,12,6036
51,live,13,3983
51,live,14,2332
51,live,15,599
51,live,16,259
51,live,17,167
51,live,18,92
51,live,19,66
51,live,20,50
51,live,21,37
51,live,22,19
51,live,23,41
51,live,24,28
51,live,25,27
51,live,26,31
51,live,27,28
51,live,28,35
51,live,29,29
51,live,30,34
51,live,31,35
51,live,32,39
51,live,33,44
51,live,34,60
51,live,35,34
51,live,36,41
51,live,37,33
51,live,38,30
51,live,39,35
51,live,40,47
51,live,41,31
51,live,42,37
51,live,43,34
51,live,44,39
51,live,45,49
51,live,46,56
51,live,47,49
51,live,48,899
51,live,49,712
51,live,50,451
51,live,51,50
52,removed,0,23506
52,removed,1,11716
52,removed,2,5796
52,removed,3,3119
52,removed,4,2074
52,removed,5,1283
52,removed,6,920
52,removed,7,611
52,removed,8,228
52,removed,9,70
52,removed,10,70
52,removed,11,33
52,removed,12,15
52,removed,13,16
52,removed,14,8
52,removed,15,6
52,removed,16,4
52,removed,17,0
52,removed,18,1
52,removed,19,0
52,removed,20,0
52,removed,21,0
52,removed,22,1
52,removed,23,0
52,removed,24,0
52,removed,25,0
52,removed,26,0
52,removed,27,0
52,removed,28,1
52,removed,29,0
52,removed,30,0
52,removed,31,0
52,removed,32,0
52,removed,33,0
52,removed,34,0
52,removed,35,0
52,removed,36,1
52,removed,37,1
52,removed,38,0
52,removed,39,1
52,removed,40,1
52,removed,41,0
52,removed,42,0
52,removed,43,1
52,removed,44,2
52,removed,45,1
52,removed,46,0
52,removed,47,0
52,removed,48,5
52,removed,49,2
52,removed,50,1
52,removed,51,0
52,live,0,0
52,live,1,28151
52,live,2,16395
52,live,3,11512
52,live,4,8571
52,live,5,6874
52,live,6,9897
52,live,7,11951
52,live,8,9753
52,live,9,13558
52,live,10,14560
52,live,11,11730
52,live,12,5271
52,live,13,6021
52,live,14,3967
52,live,15,2324
52,live,16,593
52,live,17,255
52,live,18,167
52,live,19,91
52,live,20,66
52,live,21,50
52,live,22,37
52,live,23,18
52,live,24,41
52,live,25,28
52,live,26,27
52,live,27,31
52,live,28,28
52,live,29,34
52,live,30,29
52,live,31,34
52,live,32,35
52,live,33,39
52,live,34,44
52,live,35,60
52,live,36,34
52,live,37,40
52,live,38,32
52,live,39,30
52,live,40,34
52,live,41,46
52,live,42,31
52,live,43,37
52,live,44,33
52,live,45,37
52,live,46,48
52,live,47,56
52,live,48,49
52,live,49,894
52,live,50,710
52,live,51,450
52,live,52,50
53,removed,0,22750
53,removed,1,11591
53,removed,2,5118
53,removed,3,2847
53,removed,4,1772
53,removed,5,1354
53,removed,6,880
53,removed,7,550
53,removed,8,354
53,removed,9,162
53,removed,10,207
53,removed,11,33
53,removed,12,150
53,removed,13,44
53,removed,14,79
53,removed,15,11
53,removed,16,6
53,removed,17,2
53,removed,18,0
53,removed,19,0
53,removed,20,1
53,removed,21,0
53,removed,22,0
53,removed,23,0
53,removed,24,0
53,removed,25,0
53,removed,26,1
53,removed,27,1
53,removed,28,0
53,removed,29,0
53,removed,30,0
53,removed,31,0
53,removed,32,0
53,removed,33,0
53,removed,34,0
53,removed,35,1
53,removed,36,1
53,removed,37,1
53,removed,38,0
53,removed,39,1
53,removed,40,0
53,removed,41,0
53,removed,42,0
53,removed,43,0
53,removed,44,0
53,removed,45,0
53,removed,46,0
53,removed,47,0
53,removed,48,0
53,removed,49,3
53,removed,50,13
53,removed,51,8
53,removed,52,0
53,live,0,0
53,live,1,28952
53,live,2,16560
53,live,3,11277
53,live,4,8665
53,live,5,6799
53,live,6,5520
53,live,7,9017
53,live,8,11401
53,live,9,9399
53,live,10,13396
53,live,11,14353
53,live,12,11697
53,live,13,5121
53,live,14,5977
53,live,15,3888
53,live,16,2313
53,live,17,587
53,live,18,253
53,live,19,167
53,live,20,91
53,live,21,65
53,live,22,50
53,live,23,37
53,live,24,18
53,live,25,41
53,live,26,28
53,live,27,26
53,live,28,30
53,live,29,28
53,live,30,34
53,live,31,29
53,live,32,34
53,live,33,35
53,live,34,39
53,live,35,44
53,live,36,59
53,live,37,33
53,live,38,39
53,live,39,32
53,live,40,29
53,live,41,34
53,live,42,46
53,live,43,31
53,live,44,37
53,live,45,33
53,live,46,37
53,live,47,48
53,live,48,56
53,live,49,49
53,live,50,891
53,live,51,697
53,live,52,442
53,live,53,50
54,removed,0,23748
54,removed,1,12336
54,removed,2,5246
54,removed,3,2905
54,removed,4,1963
54,removed,5,1331
54,removed,6,1020
54,removed,7,643
54,removed,8,448
54,removed,9,220
54,removed,10,83
54,removed,11,154
54,removed,12,46
54,removed,13,44
54,removed,14,26
54,removed,15,30
54,removed,16,8
54,removed,17,2
54,removed,18,0
54,removed,19,0
54,removed,20,0
54,removed,21,0
54,removed,22,0
54,removed,23,1
54,removed,24,0
54,removed,25,0
54,removed,26,0
54,removed,27,1
54,removed,28,0
54,removed,29,1
54,removed,30,1
54,removed,31,1
54,removed,32,0
54,removed,33,0
54,removed,34,0
54,removed,35,0
54,removed,36,0
54,removed,37,0
54,removed,38,0
54,removed,39,0
54,removed,40,1
54,removed,41,0
54,removed,42,0
54,removed,43,0
54,removed,44,0
54,removed,45,0
54,removed,46,0
54,removed,47,1
54,removed,48,0
54,removed,49,0
54,removed,50,2
54,removed,51,3
54,removed,52,2
54,removed,53,1
54,live,0,0
54,live,1,27943
54,live,2,16616
54,live,3,11314
54,live,4,8372
54,live,5,6702
54,live,6,5468
54,live,7,4500
54,live,8,8374
54,live,9,10953
54,live,10,9179
54,live,11,13313
54,live,12,14199
54,live,13,11651
54,live,14,5077
54,live,15,5951
54,live,16,3858
54,live,17,2305
54,live,18,585
54,live,19,253
54,live,20,167
54,live,21,91
54,live,22,65
54,live,23,50
54,live,24,36
54,live,25,18
54,live,26,41
54,live,27,28
54,live,28,25
54,live,29,30
54,live,30,27
54,live,31,33
54,live,32,28
54,live,33,34
54,live,34,35
54,live,35,39
54,live,36,44
54,live,37,59
54,live,38,33
54,live,39,39
54,live,40,32
54,live,41,28
54,live,42,34
54,live,43,46
54,live,44,31
54,live,45,37
54,live,46,33
54,live,47,37
54,live,48,47
54,live,49,56
54,live,50,49
54,live,51,889
54,live,52,694
54,live,53,440
54,live,54,49
55,removed,0,23715
55,removed,1,11638
55,removed,2,5446
55,removed,3,3001
55,removed,4,1972
55,removed,5,1221
55,removed,6,996
55,removed,7,795
55,removed,8,429
55,removed,9,376
55,removed,10,164
55,removed,11,139
55,removed,12,72
55,removed,13,56
55,removed,14,55
55,removed,15,14
55,removed,16,8
55,removed,17,1
55,removed,18,0
55,removed,19,0
55,removed,20,0
55,removed,21,0
55,removed,22,0
55,removed,23,0
55,removed,24,0
55,removed,25,0
55,removed,26,0
55,removed,27,0
55,removed,28,0
55,removed,29,0
55,removed,30,0
55,removed,31,0
55,removed,32,0
55,removed,33,0
55,removed,34,0
55,removed,35,0
55,removed,36,0
55,removed,37,0
55,removed,38,0
55,removed,39,0
55,removed,40,0
55,removed,41,0
55,removed,42,0
55,removed,43,0
55,removed,44,0
55,removed,45,0
55,removed,46,0
55,removed,47,0
55,removed,48,0
55,removed,49,0
55,removed,50,0
55,removed,51,2
55,removed,52,0
55,removed,53,0
55,removed,54,0
55,live,0,0
55,live,1,27983
55,live,2,16305
55,live,3,11170
55,live,4,8313
55,live,5,6400
55,live,6,5481
55,live,7,4472
55,live,8,3705
55,live,9,7945
55,live,10,10577
55,live,11,9015
55,live,12,13174
55,live,13,14127
55,live,14,11595
55,live,15,5022
55,live,16,5937
55,live,17,3850
55,live,18,2304
55,live,19,585
55,live,20,253
55,live,21,167
55,live,22,91
55,live,23,65
55,live,24,50
55,live,25,36
55,live,26,18
55,live,27,41
55,live,28,28
55,live,29,25
55,live,30,30
55,live,31,27
55,live,32,33
55,live,33,28
55,live,34,34
55,live,35,35
55,live,36,39
55,live,37,44
55,live,38,59
55,live,39,33
55,live,40,39
55,live,41,32
55,live,42,28
55,live,43,34
55,live,44,46
55,live,45,31
55,live,46,37
55,live,47,33
55,live,48,37
55,live,49,47
55,live,50,56
55,live,51,49
55,live,52,887
55,live,53,694
55,live,54,440
55,live,55,49
56,removed,0,22749
56,removed,1,11167
56,removed,2,5245
56,removed,3,2756
56,removed,4,1787
56,removed,5,1140
56,removed,6,916
56,removed,7,694
56,removed,8,560
56,removed,9,282
56,removed,10,216
56,removed,11,119
56,removed,12,78
56,removed,13,11
56,removed,14,4
56,removed,15,4
56,removed,16,2
56,removed,17,1
56,removed,18,0
56,removed,19,5
56,removed,20,0
56,removed,21,1
56,removed,22,0
56,removed,23,0
56,removed,24,0
56,removed,25,0
56,removed,26,0
56,removed,27,0
56,removed,28,0
56,removed,29,0
56,removed,30,0
56,removed,31,0
56,removed,32,0
56,removed,33,0
56,removed,34,0
56,removed,35,0
56,removed,36,0
56,removed,37,0
56,removed,38,0
56,removed,39,0
56,removed,40,0
56,removed,41,0
56,removed,42,0
56,removed,43,0
56,removed,44,0
56,removed,45,0
56,removed,46,0
56,removed,47,0
56,removed,48,0
56,removed,49,0
56,removed,50,0
56,removed,51,0
56,removed,52,0
56,removed,53,0
56,removed,54,0
56,removed,55,0
56,live,0,0
56,live,1,28921
56,live,2,16816
56,live,3,11060
56,live,4,8414
56,live,5,6526
56,live,6,5260
56,live,7,4565
56,live,8,3778
56,live,9,3145
56,live,10,7663
56,live,11,10361
56,live,12,8896
56,live,13,13096
56,live,14,14116
56,live,15,11591
56,live,16,5018
56,live,17,5935
56,live,18,3849
56,live,19,2304
56,live,20,580
56,live,21,253
56,live,22,166
56,live,23,91
56,live,24,65
56,live,25,50
56,live,26,36
56,live,27,18
56,live,28,41
56,live,29,28
56,live,30,25
56,live,31,30
56,live,32,27
56,live,33,33
56,live,34,28
56,live,35,34
56,live,36,35
56,live,37,39
56,live,38,44
56,live,39,59
56,live,40,33
56,live,41,39
56,live,42,32
56,live,43,28
56,live,44,34
56,live,45,46
56,live,46,31
56,live,47,37
56,live,48,33
56,live,49,37
56,live,50,47
56,live,51,56
56,live,52,49
56,live,53,887
56,live,54,694
56,live,55,440
56,live,56,49
57,removed,0,24017
57,removed,1,12521
57,removed,2,5738
57,removed,3,3066
57,removed,4,1961
57,removed,5,1278
57,removed,6,935
57,removed,7,845
57,removed,8,582
57,removed,9,495
57,removed,10,326
57,removed,11,202
57,removed,12,88
57,removed,13,59
57,removed,14,11
57,removed,15,16
57,removed,16,2
57,removed,17,8
57,removed,18,1
57,removed,19,0
57,removed,20,0
57,removed,21,0
57,removed,22,0
57,removed,23,0
57,removed,24,0
57,removed,25,0
57,removed,26,0
57,removed,27,0
57,removed,28,0
57,removed,29,0
57,removed,30,0
57,removed,31,0
57,removed,32,0
57,removed,33,0
57,removed,34,0
57,removed,35,0
57,removed,36,0
57,removed,37,0
57,removed,38,0
57,removed,39,0
57,removed,40,0
57,removed,41,0
57,removed,42,0
57,removed,43,0
57,removed,44,0
57,removed,45,0
57,removed,46,0
57,removed,47,0
57,removed,48,0
57,removed,49,0
57,removed,50,0
57,removed,51,0
57,removed,52,0
57,removed,53,0
57,removed,54,0
57,removed,55,0
57,removed,56,0
57,live,0,0
57,live,1,27676
57,live,2,16400
57,live,3,11078
57,live,4,7994
57,live,5,6453
57,live,6,5248
57,live,7,4325
57,live,8,3720
57,live,9,3196
57,live,10,2650
57,live,11,7337
57,live,12,10159
57,live,13,8808
57,live,14,13037
57,live,15,14105
57,live,16,11575
57,live,17,5016
57,live,18,5927
57,live,19,3848
57,live,20,2304
57,live,21,580
57,live,22,253
57,live,23,166
57,live,24,91
57,live,25,65
57,live,26,50
57,live,27,36
57,live,28,18
57,live,29,41
57,live,30,28
57,live,31,25
57,live,32,30
57,live,33,27
57,live,34,33
57,live,35,28
57,live,36,34
57,live,37,35
57,live,38,39
57,live,39,44
57,live,40,59
57,live,41,33
57,live,42,39
57,live,43,32
57,live,44,28
57,live,45,34
57,live,46,46
57,live,47,31
57,live,48,37
57,live,49,33
57,live,50,37
57,live,51,47
57,live,52,56
57,live,53,49
57,live,54,887
57,live,55,694
57,live,56,440
57,live,57,49
58,removed,0,23642
58,removed,1,11836
58,removed,2,5448
58,removed,3,2818
58,removed,4,1638
58,removed,5,1305
58,removed,6,808
58,removed,7,718
58,removed,8,590
58,removed,9,440
58,removed,10,379
58,removed,11,199
58,removed,12,450
58,removed,13,80
58,removed,14,250
58,removed,15,123
58,removed,16,109
58,removed,17,68
58,removed,18,21
58,removed,19,46
58,removed,20,19
58,removed,21,1
58,removed,22,2
58,removed,23,0
58,removed,24,0
58,removed,25,0
58,removed,26,0
58,removed,27,0
58,removed,28,0
58,removed,29,0
58,removed,30,0
58,removed,31,0
58,removed,32,1
58,removed,33,0
58,removed,34,1
58,removed,35,0
58,removed,36,0
58,removed,37,0
58,removed,38,1
58,removed,39,1
58,removed,40,1
58,removed,41,1
58,removed,42,1
58,removed,43,1
58,removed,44,1
58,removed,45,1
58,removed,46,1
58,removed,47,0
58,removed,48,0
58,removed,49,0
58,removed,50,0
58,removed,51,0
58,removed,52,0
58,removed,53,0
58,removed,54,5
58,removed,55,0
58,removed,56,0
58,removed,57,0
58,live,0,0
58,live,1,28067
58,live,2,15840
58,live,3,10952
58,live,4,8260
58,live,5,6356
58,live,6,5148
58,live,7,4440
58,live,8,3607
58,live,9,3130
58,live,10,2756
58,live,11,2271
58,live,12,7138
58,live,13,9709
58,live,14,8728
58,live,15,12787
58,live,16,13982
58,live,17,11466
58,live,18,4948
58,live,19,5906
58,live,20,3802
58,live,21,2285
58,live,22,579
58,live,23,251
58,live,24,166
58,live,25,91
58,live,26,65
58,live,27,50
58,live,28,36
58,live,29,18
58,live,30,41
58,live,31,28
58,live,32,25
58,live,33,29
58,live,34,27
58,live,35,32
58,live,36,28
58,live,37,34
58,live,38,35
58,live,39,38
58,live,40,43
58,live,41,58
58,live,42,32
58,live,43,38
58,live,44,31
58,live,45,27
58,live,46,33
58,live,47,45
58,live,48,31
58,live,49,37
58,live,50,33
58,live,51,37
58,live,52,47
58,live,53,56
58,live,54,49
58,live,55,882
58,live,56,694
58,live,57,440
58,live,58,49
59,removed,0,24596
59,removed,1,12441
59,removed,2,5443
59,removed,3,3142
59,removed,4,1968
59,removed,5,1346
59,removed,6,976
59,removed,7,761
59,removed,8,566
59,removed,9,439
59,removed,10,379
59,removed,11,324
59,removed,12,182
59,removed,13,249
59,removed,14,112
59,removed,15,112
59,removed,16,43
59,removed,17,43
59,removed,18,25
59,removed,19,4
59,removed,20,13
59,removed,21,9
59,removed,22,0
59,removed,23,0
59,removed,24,0
59,removed,25,0
59,removed,26,0
59,removed,27,0
59,removed,28,0
59,removed,29,0
59,removed,30,0
59,removed,31,0
59,removed,32,0
59,removed,33,1
59,removed,34,1
59,removed,35,0
59,removed,36,0
59,removed,37,0
59,removed,38,0
59,removed,39,0
59,removed,40,0
59,removed,41,1
59,removed,42,0
59,removed,43,0
59,removed,44,0
59,removed,45,0
59,removed,46,0
59,removed,47,0
59,removed,48,0
59,removed,49,1
59,removed,50,1
59,removed,51,0
59,removed,52,2
59,removed,53,1
59,removed,54,1
59,removed,55,10
59,removed,56,1
59,removed,57,0
59,removed,58,0
59,live,0,0
59,live,1,27110
59,live,2,15626
59,live,3,10397
59,live,4,7810
59,live,5,6292
59,live,6,5010
59,live,7,4172
59,live,8,3679
59,live,9,3041
59,live,10,2691
59,live,11,2377
59,live,12,1947
59,live,13,6956
59,live,14,9460
59,live,15,8616
59,live,16,12675
59,live,17,13939
59,live,18,11423
59,live,19,4923
59,live,20,5902
59,live,21,3789
59,live,22,2276
59,live,23,579
59,live,24,251
59,live,25,166
59,live,26,91
59,live,27,65
59,live,28,50
59,live,29,36
59,live,30,18
59,live,31,41
59,live,32,28
59,live,33,25
59,live,34,28
59,live,35,26
59,live,36,32
59,live,37,28
59,live,38,34
59,live,39,35
59,live,40,38
59,live,41,43
59,live,42,57
59,live,43,32
59,live,44,38
59,live,45,31
59,live,46,27
59,live,47,33
59,live,48,45
59,live,49,31
59,live,50,36
59,live,51,32
59,live,52,37
59,live,53,45
59,live,54,55
59,live,55,48
59,live,56,872
59,live,57,693
59,live,58,440
59,live,59,49
60,removed,0,25082
60,removed,1,12011
60,removed,2,5568
60,removed,3,3093
60,removed,4,2018
60,removed,5,1435
60,removed,6,1050
60,removed,7,733
60,removed,8,647
60,removed,9,504
60,removed,10,505
60,removed,11,353
60,removed,12,274
60,removed,13,152
60,removed,14,343
60,removed,15,77
60,removed,16,222
60,removed,17,75
60,removed,18,57
60,removed,19,26
60,removed,20,9
60,removed,21,40
60,removed,22,16
60,removed,23,4
60,removed,24,1
60,removed,25,0
60,removed,26,0
60,removed,27,0
60,removed,28,0
60,removed,29,1
60,removed,30,1
60,removed,31,1
60,removed,32,0
60,removed,33,0
60,removed,34,0
60,removed,35,0
60,removed,36,0
60,removed,37,0
60,removed,38,0
60,removed,39,0
60,removed,40,0
60,removed,41,0
60,removed,42,0
60,removed,43,0
60,removed,44,0
60,removed,45,0
60,removed,46,0
60,removed,47,0
60,removed,48,0
60,removed,49,0
60,removed,50,0
60,removed,51,0
60,removed,52,0
60,removed,53,0
60,removed,54,0
60,removed,55,0
60,removed,56,13
60,removed,57,0
60,removed,58,2
60,removed,59,0
60,live,0,0
60,live,1,26625
60,live,2,15099
60,live,3,10058
60,live,4,7304
60,live,5,5792
60,live,6,4857
60,live,7,3960
60,live,8,3439
60,live,9,3032
60,live,10,2537
60,live,11,2186
60,live,12,2024
60,live,13,1673
60,live,14,6804
60,live,15,9117
60,live,16,8539
60,live,17,12453
60,live,18,13864
60,live,19,11366
60,live,20,4897
60,live,21,5893
60,live,22,3749
60,live,23,2260
60,live,24,575
60,live,25,250
60,live,26,166
60,live,27,91
60,live,28,65
60,live,29,50
60,live,30,35
60,live,31,17
60,live,32,40
60,live,33,28
60,live,34,25
60,live,35,28
60,live,36,26
60,live,37,32
60,live,38,28
60,live,39,34
60,live,40,35
60,live,41,38
60,live,42,43
60,live,43,57
60,live,44,32
60,live,45,38
60,live,46,31
60,live,47,27
60,live,48,33
60,live,49,45
60,live,50,31
60,live,51,36
60,live,52,32
60,live,53,37
60,live,54,45
60,live,55,55
60,live,56,48
60,live,57,859
60,live,58,693
60,live,59,438
60,live,60,49
61,removed,0,25306
61,removed,1,12110
61,removed,2,5492
61,removed,3,3029
61,removed,4,1679
61,removed,5,1244
61,removed,6,953
61,removed,7,812
61,removed,8,588
61,removed,9,472
61,removed,10,349
61,removed,11,329
61,removed,12,261
61,removed,13,208
61,removed,14,101
61,removed,15,207
61,removed,16,46
61,removed,17,162
61,removed,18,49
61,removed,19,50
61,removed,20,27
61,removed,21,4
61,removed,22,11
61,removed,23,9
61,removed,24,0
61,removed,25,0
61,removed,26,0
61,removed,27,0
61,removed,28,0
61,removed,29,0
61,removed,30,0
61,removed,31,0
61,removed,32,0
61,removed,33,0
61,removed,34,0
61,removed,35,0
61,removed,36,0
61,removed,37,0
61,removed,38,0
61,removed,39,0
61,removed,40,0
61,removed,41,0
61,removed,42,1
61,removed,43,0
61,removed,44,0
61,removed,45,0
61,removed,46,0
61,removed,47,0
61,removed,48,0
61,removed,49,0
61,removed,50,0
61,removed,51,0
61,removed,52,0
61,removed,53,0
61,removed,54,0
61,removed,55,0
61,removed,56,0
61,removed,57,1
61,removed,58,1
61,removed,59,0
61,removed,60,0
61,live,0,0
61,live,1,26391
61,live,2,14515
61,live,3,9607
61,live,4,7029
61,live,5,5625
61,live,6,4548
61,live,7,3904
61,live,8,3148
61,live,9,2851
61,live,10,2560
61,live,11,2188
61,live,12,1857
61,live,13,1763
61,live,14,1465
61,live,15,6703
61,live,16,8910
61,live,17,8493
61,live,18,12291
61,live,19,13815
61,live,20,11316
61,live,21,4870
61,live,22,5889
61,live,23,3738
61,live,24,2251
61,live,25,575
61,live,26,250
61,live,27,166
61,live,28,91
61,live,29,65
61,live,30,50
61,live,31,35
61,live,32,17
61,live,33,40
61,live,34,28
61,live,35,25
61,live,36,28
61,live,37,26
61,live,38,32
61,live,39,28
61,live,40,34
61,live,41,35
61,live,42,38
61,live,43,42
61,live,44,57
61,live,45,32
61,live,46,38
61,live,47,31
61,live,48,27
61,live,49,33
61,live,50,45
61,live,51,31
61,live,52,36
61,live,53,32
61,live,54,37
61,live,55,45
61,live,56,55
61,live,57,48
61,live,58,858
61,live,59,692
61,live,60,438
61,live,61,49
62,removed,0,26308
62,removed,1,12737
62,removed,2,5533
62,removed,3,3058
62,removed,4,1813
62,removed,5,1232
62,removed,6,885
62,removed,7,670
62,removed,8,521
62,removed,9,496
62,removed,10,359
62,removed,11,285
62,removed,12,236
62,removed,13,191
62,removed,14,199
62,removed,15,136
62,removed,16,191
62,removed,17,63
62,removed,18,132
62,removed,19,48
62,removed,20,35
62,removed,21,19
62,removed,22,4
62,removed,23,29
62,removed,24,0
62,removed,25,0
62,removed,26,0
62,removed,27,0
62,removed,28,1
62,removed,29,1
62,removed,30,1
62,removed,31,1
62,removed,32,1
62,removed,33,1
62,removed,34,1
62,removed,35,0
62,removed,36,0
62,removed,37,0
62,removed,38,0
62,removed,39,0
62,removed,40,0
62,removed,41,0
62,removed,42,0
62,removed,43,0
62,removed,44,0
62,removed,45,0
62,removed,46,0
62,removed,47,0
62,removed,48,0
62,removed,49,0
62,removed,50,2
62,removed,51,0
62,removed,52,0
62,removed,53,0
62,removed,54,0
62,removed,55,0
62,removed,56,0
62,removed,57,0
62,removed,58,8
62,removed,59,2
62,removed,60,5
62,removed,61,0
62,live,0,0
62,live,1,25373
62,live,2,13654
62,live,3,8982
62,live,4,6549
62,live,5,5216
62,live,6,4393
62,live,7,3663
62,live,8,3234
62,live,9,2627
62,live,10,2355
62,live,11,2201
62,live,12,1903
62,live,13,1621
62,live,14,1572
62,live,15,1266
62,live,16,6567
62,live,17,8719
62,live,18,8430
62,live,19,12159
62,live,20,13767
62,live,21,11281
62,live,22,4851
62,live,23,5885
62,live,24,3709
62,live,25,2251
62,live,26,575
62,live,27,250
62,live,28,166
62,live,29,90
62,live,30,64
62,live,31,49
62,live,32,34
62,live,33,16
62,live,34,39
62,live,35,27
62,live,36,25
62,live,37,28
62,live,38,26
62,live,39,32
62,live,40,28
62,live,41,34
62,live,42,35
62,live,43,38
62,live,44,42
62,live,45,57
62,live,46,32
62,live,47,38
62,live,48,31
62,live,49,27
62,live,50,33
62,live,51,43
62,live,52,31
62,live,53,36
62,live,54,32
62,live,55,37
62,live,56,45
62,live,57,55
62,live,58,48
62,live,59,850
62,live,60,690
62,live,61,433
62,live,62,49
63,removed,0,26267
63,removed,1,11910
63,removed,2,5331
63,removed,3,2741
63,removed,4,1688
63,removed,5,1219
63,removed,6,933
63,removed,7,720
63,removed,8,560
63,removed,9,409
63,removed,10,320
63,removed,11,295
63,removed,12,263
63,removed,13,212
63,removed,14,153
63,removed,15,142
63,removed,16,55
63,removed,17,124
63,removed,18,38
63,removed,19,65
63,removed,20,9
63,removed,21,1
63,removed,22,1
63,removed,23,1
63,removed,24,0
63,removed,25,1
63,removed,26,0
63,removed,27,1
63,removed,28,0
63,removed,29,0
63,removed,30,0
63,removed,31,0
63,removed,32,0
63,removed,33,0
63,removed,34,0
63,removed,35,0
63,removed,36,0
63,removed,37,0
63,removed,38,0
63,removed,39,0
63,removed,40,0
63,removed,41,0
63,removed,42,0
63,removed,43,0
63,removed,44,0
63,removed,45,0
63,removed,46,0
63,removed,47,0
63,removed,48,0
63,removed,49,0
63,removed,50,0
63,removed,51,0
63,removed,52,0
63,removed,53,0
63,removed,54,0
63,removed,55,0
63,removed,56,0
63,removed,57,0
63,removed,58,0
63,removed,59,0
63,removed,60,0
63,removed,61,0
63,removed,62,0
63,live,0,0
63,live,1,25430
63,live,2,13463
63,live,3,8323
63,live,4,6241
63,live,5,4861
63,live,6,3997
63,live,7,3460
63,live,8,2943
63,live,9,2674
63,live,10,2218
63,live,11,2035
63,live,12,1906
63,live,13,1640
63,live,14,1409
63,live,15,1419
63,live,16,1124
63,live,17,6512
63,live,18,8595
63,live,19,8392
63,live,20,12094
63,live,21,13758
63,live,22,11280
63,live,23,4850
63,live,24,5884
63,live,25,3709
63,live,26,2250
63,live,27,575
63,live,28,249
63,live,29,166
63,live,30,90
63,live,31,64
63,live,32,49
63,live,33,34
63,live,34,16
63,live,35,39
63,live,36,27
63,live,37,25
63,live,38,28
63,live,39,26
63,live,40,32
63,live,41,28
63,live,42,34
63,live,43,35
63,live,44,38
63,live,45,42
63,live,46,57
63,live,47,32
63,live,48,38
63,live,49,31
63,live,50,27
63,live,51,33
63,live,52,43
63,live,53,31
63,live,54,36
63,live,55,32
63,live,56,37
63,live,57,45
63,live,58,55
63,live,59,48
63,live,60,850
63,live,61,690
63,live,62,433
63,live,63,49
64,removed,0,27846
64,removed,1,13025
64,removed,2,5627
64,removed,3,2803
64,removed,4,1784
64,removed,5,1125
64,removed,6,951
64,removed,7,789
64,removed,8,569
64,removed,9,496
64,removed,10,370
64,removed,11,376
64,removed,12,291
64,removed,13,288
64,removed,14,169
64,removed,15,158
64,removed,16,105
64,removed,17,51
64,removed,18,63
64,removed,19,19
64,removed,20,27
64,removed,21,8
64,removed,22,1
64,removed,23,2
64,removed,24,0
64,removed,25,2
64,removed,26,0
64,removed,27,0
64,removed,28,1
64,removed,29,0
64,removed,30,0
64,removed,31,0
64,removed,32,0
64,removed,33,0
64,removed,34,0
64,removed,35,0
64,removed,36,0
64,removed,37,0
64,removed,38,0
64,removed,39,0
64,removed,40,0
64,removed,41,0
64,removed,42,0
64,removed,43,0
64,removed,44,0
64,removed,45,0
64,removed,46,0
64,removed,47,0
64,removed,48,0
64,removed,49,0
64,removed,50,0
64,removed,51,0
64,removed,52,0
64,removed,53,0
64,removed,54,0
64,removed,55,0
64,removed,56,0
64,removed,57,0
64,removed,58,0
64,removed,59,0
64,removed,60,0
64,removed,61,0
64,removed,62,0
64,removed,63,0
64,live,0,0
64,live,1,23857
64,live,2,12405
64,live,3,7836
64,live,4,5520
64,live,5,4457
64,live,6,3736
64,live,7,3046
64,live,8,2671
64,live,9,2374
64,live,10,2178
64,live,11,1848
64,live,12,1659
64,live,13,1615
64,live,14,1352
64,live,15,1240
64,live,16,1261
64,live,17,1019
64,live,18,6461
64,live,19,8532
64,live,20,8373
64,live,21,12067
64,live,22,13750
64,live,23,11279
64,live,24,4848
64,live,25,5884
64,live,26,3707
64,live,27,2250
64,live,28,575
64,live,29,248
64,live,30,166
64,live,31,90
64,live,32,64
64,live,33,49
64,live,34,34
64,live,35,16
64,live,36,39
64,live,37,27
64,live,38,25
64,live,39,28
64,live,40,26
64,live,41,32
64,live,42,28
64,live,43,34
64,live,44,35
64,live,45,38
64,live,46,42
64,live,47,57
64,live,48,32
64,live,49,38
64,live,50,31
64,live,51,27
64,live,52,33
64,live,53,43
64,live,54,31
64,live,55,36
64,live,56,32
64,live,57,37
64,live,58,45
64,live,59,55
64,live,60,48
64,live,61,850
64,live,62,690
64,live,63,433
64,live,64,49
65,removed,0,27407
65,removed,1,11913
65,removed,2,4989
65,removed,3,2580
65,removed,4,1471
65,removed,5,1025
65,removed,6,767
65,removed,7,533
65,removed,8,443
65,removed,9,409
65,removed,10,371
65,removed,11,230
65,removed,12,198
65,removed,13,173
65,removed,14,127
65,removed,15,153
65,removed,16,84
65,removed,17,86
65,removed,18,44
65,removed,19,62
65,removed,20,11
65,removed,21,24
65,removed,22,6
65,removed,23,5
65,removed,24,0
65,removed,25,3
65,removed,26,1
65,removed,27,0
65,removed,28,0
65,removed,29,0
65,removed,30,0
65,removed,31,0
65,removed,32,0
65,removed,33,0
65,removed,34,0
65,removed,35,0
65,removed,36,0
65,removed,37,0
65,removed,38,0
65,removed,39,0
65,removed,40,0
65,removed,41,0
65,removed,42,0
65,removed,43,0
65,removed,44,0
65,removed,45,0
65,removed,46,0
65,removed,47,0
65,removed,48,0
65,removed,49,0
65,removed,50,0
65,removed,51,0
65,removed,52,0
65,removed,53,0
65,removed,54,0
65,removed,55,0
65,removed,56,0
65,removed,57,0
65,removed,58,0
65,removed,59,0
65,removed,60,0
65,removed,61,0
65,removed,62,0
65,removed,63,0
65,removed,64,0
65,live,0,0
65,live,1,24316
65,live,2,11944
65,live,3,7416
65,live,4,5256
65,live,5,4049
65,live,6,3432
65,live,7,2969
65,live,8,2513
65,live,9,2228
65,live,10,1965
65,live,11,1807
65,live,12,1618
65,live,13,1461
65,live,14,1442
65,live,15,1225
65,live,16,1087
65,live,17,1177
65,live,18,933
65,live,19,6417
65,live,20,8470
65,live,21,8362
65,live,22,12043
65,live,23,13744
65,live,24,11274
65,live,25,4848
65,live,26,5881
65,live,27,3706
65,live,28,2250
65,live,29,575
65,live,30,248
65,live,31,166
65,live,32,90
65,live,33,64
65,live,34,49
65,live,35,34
65,live,36,16
65,live,37,39
65,live,38,27
65,live,39,25
65,live,40,28
65,live,41,26
65,live,42,32
65,live,43,28
65,live,44,34
65,live,45,35
65,live,46,38
65,live,47,42
65,live,48,57
65,live,49,32
65,live,50,38
65,live,51,31
65,live,52,27
65,live,53,33
65,live,54,43
65,live,55,31
65,live,56,36
65,live,57,32
65,live,58,37
65,live,59,45
65,live,60,55
65,live,61,48
65,live,62,850
65,live,63,690
65,live,64,433
65,live,65,49
66,removed,0,28560
66,removed,1,12707
66,removed,2,5268
66,removed,3,2719
66,removed,4,1617
66,removed,5,1033
66,removed,6,809
66,removed,7,722
66,removed,8,590
66,removed,9,424
66,removed,10,354
66,removed,11,324
66,removed,12,244
66,removed,13,243
66,removed,14,186
66,removed,15,150
66,removed,16,106
66,removed,17,108
66,removed,18,71
66,removed,19,103
66,removed,20,159
66,removed,21,42
66,removed,22,132
66,removed,23,43
66,removed,24,33
66,removed,25,12
66,removed,26,3
66,removed,27,14
66,removed,28,5
66,removed,29,2
66,removed,30,0
66,removed,31,0
66,removed,32,0
66,removed,33,0
66,removed,34,0
66,removed,35,0
66,removed,36,0
66,removed,37,0
66,removed,38,0
66,removed,39,0
66,removed,40,1
66,removed,41,0
66,removed,42,0
66,removed,43,0
66,removed,44,0
66,removed,45,0
66,removed,46,0
66,removed,47,0
66,removed,48,0
66,removed,49,0
66,removed,50,0
66,removed,51,0
66,removed,52,0
66,removed,53,0
66,removed,54,0
66,removed,55,0
66,removed,56,1
66,removed,57,0
66,removed,58,0
66,removed,59,0
66,removed,60,0
66,removed,61,0
66,removed,62,3
66,removed,63,0
66,removed,64,0
66,removed,65,0
66,live,0,0
66,live,1,23185
66,live,2,11609
66,live,3,6676
66,live,4,4697
66,live,5,3639
66,live,6,3016
66,live,7,2623
66,live,8,2247
66,live,9,1923
66,live,10,1804
66,live,11,1611
66,live,12,1483
66,live,13,1374
66,live,14,1218
66,live,15,1256
66,live,16,1075
66,live,17,981
66,live,18,1069
66,live,19,862
66,live,20,6314
66,live,21,8311
66,live,22,8320
66,live,23,11911
66,live,24,13701
66,live,25,11241
66,live,26,4836
66,live,27,5878
66,live,28,3692
66,live,29,2245
66,live,30,573
66,live,31,248
66,live,32,166
66,live,33,90
66,live,34,64
66,live,35,49
66,live,36,34
66,live,37,16
66,live,38,39
66,live,39,27
66,live,40,25
66,live,41,27
66,live,42,26
66,live,43,32
66,live,44,28
66,live,45,34
66,live,46,35
66,live,47,38
66,live,48,42
66,live,49,57
66,live,50,32
66,live,51,38
66,live,52,31
66,live,53,27
66,live,54,33
66,live,55,43
66,live,56,31
66,live,57,35
66,live,58,32
66,live,59,37
66,live,60,45
66,live,61,55
66,live,62,48
66,live,63,847
66,live,64,690
66,live,65,433
66,live,66,49
67,removed,0,28388
67,removed,1,12143
67,removed,2,4891
67,removed,3,2307
67,removed,4,1419
67,removed,5,964
67,removed,6,683
67,removed,7,572
67,removed,8,369
67,removed,9,364
67,removed,10,282
67,removed,11,282
67,removed,12,254
67,removed,13,263
67,removed,14,174
67,removed,15,158
67,removed,16,119
67,removed,17,87
67,removed,18,76
67,removed,19,55
67,removed,20,54
67,removed,21,277
67,removed,22,24
67,removed,23,241
67,removed,24,88
67,removed,25,79
67,removed,26,29
67,removed,27,32
67,removed,28,21
67,removed,29,24
67,removed,30,0
67,removed,31,0
67,removed,32,0
67,removed,33,0
67,removed,34,0
67,removed,35,0
67,removed,36,0
67,removed,37,0
67,removed,38,0
67,removed,39,0
67,removed,40,0
67,removed,41,0
67,removed,42,0
67,removed,43,0
67,removed,44,0
67,removed,45,0
67,removed,46,0
67,removed,47,0
67,removed,48,0
67,removed,49,0
67,removed,50,0
67,removed,51,0
67,removed,52,0
67,removed,53,0
67,removed,54,1
67,removed,55,0
67,removed,56,1
67,removed,57,0
67,removed,58,0
67,removed,59,0
67,removed,60,0
67,removed,61,0
67,removed,62,0
67,removed,63,1
67,removed,64,5
67,removed,65,0
67,removed,66,0
67,live,0,0
67,live,1,23362
67,live,2,11042
67,live,3,6718
67,live,4,4369
67,live,5,3278
67,live,6,2675
67,live,7,2333
67,live,8,2051
67,live,9,1878
67,live,10,1559
67,live,11,1522
67,live,12,1329
67,live,13,1229
67,live,14,1111
67,live,15,1044
67,live,16,1098
67,live,17,956
67,live,18,894
67,live,19,993
67,live,20,807
67,live,21,6260
67,live,22,8034
67,live,23,8296
67,live,24,11670
67,live,25,13613
67,live,26,11162
67,live,27,4807
67,live,28,5846
67,live,29,3671
67,live,30,2221
67,live,31,573
67,live,32,248
67,live,33,166
67,live,34,90
67,live,35,64
67,live,36,49
67,live,37,34
67,live,38,16
67,live,39,39
67,live,40,27
67,live,41,25
67,live,42,27
67,live,43,26
67,live,44,32
67,live,45,28
67,live,46,34
67,live,47,35
67,live,48,38
67,live,49,42
67,live,50,57
67,live,51,32
67,live,52,38
67,live,53,31
67,live,54,27
67,live,55,32
67,live,56,43
67,live,57,30
67,live,58,35
67,live,59,32
67,live,60,37
67,live,61,45
67,live,62,55
67,live,63,48
67,live,64,846
67,live,65,685
67,live,66,433
67,live,67,49
68,removed,0,29297
68,removed,1,12364
68,removed,2,5098
68,removed,3,2562
68,removed,4,1380
68,removed,5,956
68,removed,6,675
68,removed,7,579
68,removed,8,433
68,removed,9,333
68,removed,10,276
68,removed,11,295
68,removed,12,245
68,removed,13,175
68,removed,14,115
68,removed,15,121
68,removed,16,102
68,removed,17,87
68,removed,18,65
68,removed,19,67
68,removed,20,42
68,removed,21,16
68,removed,22,44
68,removed,23,28
68,removed,24,73
68,removed,25,62
68,removed,26,45
68,removed,27,11
68,removed,28,23
68,removed,29,14
68,removed,30,12
68,removed,31,6
68,removed,32,0
68,removed,33,0
68,removed,34,0
68,removed,35,0
68,removed,36,2
68,removed,37,0
68,removed,38,1
68,removed,39,1
68,removed,40,0
68,removed,41,1
68,removed,42,1
68,removed,43,0
68,removed,44,0
68,removed,45,0
68,removed,46,0
68,removed,47,0
68,removed,48,1
68,removed,49,0
68,removed,50,1
68,removed,51,0
68,removed,52,0
68,removed,53,0
68,removed,54,0
68,removed,55,0
68,removed,56,0
68,removed,57,0
68,removed,58,0
68,removed,59,0
68,removed,60,0
68,removed,61,0
68,removed,62,0
68,removed,63,0
68,removed,64,1
68,removed,65,0
68,removed,66,0
68,removed,67,0
68,live,0,0
68,live,1,22495
68,live,2,10998
68,live,3,5944
68,live,4,4156
68,live,5,2989
68,live,6,2322
68,live,7,2000
68,live,8,1754
68,live,9,1618
68,live,10,1545
68,live,11,1283
68,live,12,1227
68,live,13,1084
68,live,14,1054
68,live,15,996
68,live,16,923
68,live,17,996
68,live,18,869
68,live,19,829
68,live,20,926
68,live,21,765
68,live,22,6244
68,live,23,7990
68,live,24,8268
68,live,25,11597
68,live,26,13551
68,live,27,11117
68,live,28,4796
68,live,29,5823
68,live,30,3657
68,live,31,2209
68,live,32,567
68,live,33,248
68,live,34,166
68,live,35,90
68,live,36,64
68,live,37,47
68,live,38,34
68,live,39,15
68,live,40,38
68,live,41,27
68,live,42,24
68,live,43,26
68,live,44,26
68,live,45,32
68,live,46,28
68,live,47,34
68,live,48,35
68,live,49,37
68,live,50,42
68,live,51,56
68,live,52,32
68,live,53,38
68,live,54,31
68,live,55,27
68,live,56,32
68,live,57,43
68,live,58,30
68,live,59,35
68,live,60,32
68,live,61,37
68,live,62,45
68,live,63,55
68,live,64,48
68,live,65,845
68,live,66,685
68,live,67,433
68,live,68,49
69,removed,0,30932
69,removed,1,12935
69,removed,2,5266
69,removed,3,2436
69,removed,4,1489
69,removed,5,961
69,removed,6,654
69,removed,7,487
69,removed,8,398
69,removed,9,435
69,removed,10,300
69,removed,11,246
69,removed,12,224
69,removed,13,158
69,removed,14,122
69,removed,15,116
69,removed,16,80
69,removed,17,91
69,removed,18,73
69,removed,19,63
69,removed,20,70
69,removed,21,74
69,removed,22,31
69,removed,23,129
69,removed,24,2
69,removed,25,97
69,removed,26,29
69,removed,27,39
69,removed,28,7
69,removed,29,1
69,removed,30,0
69,removed,31,1
69,removed,32,0
69,removed,33,0
69,removed,34,0
69,removed,35,0
69,removed,36,0
69,removed,37,0
69,removed,38,0
69,removed,39,0
69,removed,40,0
69,removed,41,0
69,removed,42,0
69,removed,43,0
69,removed,44,0
69,removed,45,0
69,removed,46,0
69,removed,47,0
69,removed,48,0
69,removed,49,0
69,removed,50,0
69,removed,51,0
69,removed,52,0
69,removed,53,0
69,removed,54,0
69,removed,55,0
69,removed,56,0
69,removed,57,0
69,removed,58,0
69,removed,59,0
69,removed,60,0
69,removed,61,0
69,removed,62,0
69,removed,63,0
69,removed,64,0
69,removed,65,0
69,removed,66,0
69,removed,67,0
69,removed,68,0
69,live,0,0
69,live,1,20954
69,live,2,9560
69,live,3,5732
69,live,4,3508
69,live,5,2667
69,live,6,2028
69,live,7,1668
69,live,8,1513
69,live,9,1356
69,live,10,1183
69,live,11,1245
69,live,12,1037
69,live,13,1003
69,live,14,926
69,live,15,932
69,live,16,880
69,live,17,843
69,live,18,905
69,live,19,796
69,live,20,766
69,live,21,856
69,live,22,691
69,live,23,6213
69,live,24,7861
69,live,25,8266
69,live,26,11500
69,live,27,13522
69,live,28,11078
69,live,29,4789
69,live,30,5822
69,live,31,3657
69,live,32,2208
69,live,33,567
69,live,34,248
69,live,35,166
69,live,36,90
69,live,37,64
69,live,38,47
69,live,39,34
69,live,40,15
69,live,41,38
69,live,42,27
69,live,43,24
69,live,44,26
69,live,45,26
69,live,46,32
69,live,47,28
69,live,48,34
69,live,49,35
69,live,50,37
69,live,51,42
69,live,52,56
69,live,53,32
69,live,54,38
69,live,55,31
69,live,56,27
69,live,57,32
69,live,58,43
69,live,59,30
69,live,60,35
69,live,61,32
69,live,62,37
69,live,63,45
69,live,64,55
69,live,65,48
69,live,66,845
69,live,67,685
69,live,68,433
69,live,69,49
70,removed,0,31816
70,removed,1,12295
70,removed,2,4741
70,removed,3,2517
70,removed,4,1311
70,removed,5,934
70,removed,6,741
70,removed,7,496
70,removed,8,442
70,removed,9,352
70,removed,10,224
70,removed,11,247
70,removed,12,188
70,removed,13,188
70,removed,14,134
70,removed,15,138
70,removed,16,85
70,removed,17,70
70,removed,18,73
70,removed,19,51
70,removed,20,34
70,removed,21,66
70,removed,22,29
70,removed,23,34
70,removed,24,52
70,removed,25,7
70,removed,26,17
70,removed,27,17
70,removed,28,2
70,removed,29,1
70,removed,30,7
70,removed,31,5
70,removed,32,2
70,removed,33,0
70,removed,34,0
70,removed,35,0
70,removed,36,0
70,removed,37,0
70,removed,38,0
70,removed,39,0
70,removed,40,0
70,removed,41,0
70,removed,42,0
70,removed,43,0
70,removed,44,0
70,removed,45,0
70,removed,46,0
70,removed,47,0
70,removed,48,0
70,removed,49,0
70,removed,50,0
70,removed,51,0
70,removed,52,0
70,removed,53,0
70,removed,54,0
70,removed,55,0
70,removed,56,0
70,removed,57,0
70,removed,58,0
70,removed,59,0
70,removed,60,0
70,removed,61,0
70,removed,62,0
70,removed,63,0
70,removed,64,0
70,removed,65,0
70,removed,66,0
70,removed,67,0
70,removed,68,0
70,removed,69,0
70,live,0,0
70,live,1,20069
70,live,2,8659
70,live,3,4819
70,live,4,3215
70,live,5,2197
70,live,6,1733
70,live,7,1287
70,live,8,1172
70,live,9,1071
70,live,10,1004
70,live,11,959
70,live,12,998
70,live,13,849
70,live,14,815
70,live,15,792
70,live,16,794
70,live,17,795
70,live,18,773
70,live,19,832
70,live,20,745
70,live,21,732
70,live,22,790
70,live,23,662
70,live,24,6179
70,live,25,7809
70,live,26,8259
70,live,27,11483
70,live,28,13505
70,live,29,11076
70,live,30,4788
70,live,31,5815
70,live,32,3652
70,live,33,2206
70,live,34,567
70,live,35,248
70,live,36,166
70,live,37,90
70,live,38,64
70,live,39,47
70,live,40,34
70,live,41,15
70,live,42,38
70,live,43,27
70,live,44,24
70,live,45,26
70,live,46,26
70,live,47,32
70,live,48,28
70,live,49,34
70,live,50,35
70,live,51,37
70,live,52,42
70,live,53,56
70,live,54,32
70,live,55,38
70,live,56,31
70,live,57,27
70,live,58,32
70,live,59,43
70,live,60,30
70,live,61,35
70,live,62,32
70,live,63,37
70,live,64,45
70,live,65,55
70,live,66,48
70,live,67,845
70,live,68,685
70,live,69,433
70,live,70,49
71,removed,0,32802
71,removed,1,12054
71,removed,2,4605
71,removed,3,2306
71,removed,4,1271
71,removed,5,858
71,removed,6,602
71,removed,7,395
71,removed,8,274
71,removed,9,263
71,removed,10,197
71,removed,11,215
71,removed,12,184
71,removed,13,135
71,removed,14,114
71,removed,15,100
71,removed,16,85
71,removed,17,71
71,removed,18,83
71,removed,19,57
71,removed,20,44
71,removed,21,58
71,removed,22,64
71,removed,23,40
71,removed,24,22
71,removed,25,78
71,removed,26,2
71,removed,27,29
71,removed,28,2
71,removed,29,31
71,removed,30,1
71,removed,31,1
71,removed,32,2
71,removed,33,0
71,removed,34,0
71,removed,35,0
71,removed,36,0
71,removed,37,0
71,removed,38,0
71,removed,39,0
71,removed,40,0
71,removed,41,0
71,removed,42,0
71,removed,43,0
71,removed,44,0
71,removed,45,0
71,removed,46,0
71,removed,47,0
71,removed,48,0
71,removed,49,0
71,removed,50,0
71,removed,51,0
71,removed,52,0
71,removed,53,0
71,removed,54,0
71,removed,55,0
71,removed,56,0
71,removed,57,0
71,removed,58,0
71,removed,59,0
71,removed,60,0
71,removed,61,0
71,removed,62,0
71,removed,63,0
71,removed,64,0
71,removed,65,0
71,removed,66,0
71,removed,67,0
71,removed,68,0
71,removed,69,0
71,removed,70,0
71,live,0,0
71,live,1,19272
71,live,2,8015
71,live,3,4054
71,live,4,2513
71,live,5,1944
71,live,6,1339
71,live,7,1131
71,live,8,892
71,live,9,898
71,live,10,808
71,live,11,807
71,live,12,744
71,live,13,814
71,live,14,714
71,live,15,701
71,live,16,692
71,live,17,709
71,live,18,724
71,live,19,690
71,live,20,775
71,live,21,701
71,live,22,674
71,live,23,726
71,live,24,622
71,live,25,6157
71,live,26,7731
71,live,27,8257
71,live,28,11454
71,live,29,13503
71,live,30,11045
71,live,31,4787
71,live,32,5814
71,live,33,3650
71,live,34,2206
71,live,35,567
71,live,36,248
71,live,37,166
71,live,38,90
71,live,39,64
71,live,40,47
71,live,41,34
71,live,42,15
71,live,43,38
71,live,44,27
71,live,45,24
71,live,46,26
71,live,47,26
71,live,48,32
71,live,49,28
71,live,50,34
71,live,51,35
71,live,52,37
71,live,53,42
71,live,54,56
71,live,55,32
71,live,56,38
71,live,57,31
71,live,58,27
71,live,59,32
71,live,60,43
71,live,61,30
71,live,62,35
71,live,63,32
71,live,64,37
71,live,65,45
71,live,66,55
71,live,67,48
71,live,68,845
71,live,69,685
71,live,70,433
71,live,71,49
72,removed,0,33513
72,removed,1,11670
72,removed,2,4175
72,removed,3,1768
72,removed,4,931
72,removed,5,676
72,removed,6,414
72,removed,7,250
72,removed,8,179
72,removed,9,155
72,removed,10,133
72,removed,11,114
72,removed,12,85
72,removed,13,103
72,removed,14,72
72,removed,15,75
72,removed,16,63
72,removed,17,41
72,removed,18,42
72,removed,19,28
72,removed,20,46
72,removed,21,20
72,removed,22,27
72,removed,23,33
72,removed,24,21
72,removed,25,29
72,removed,26,24
72,removed,27,33
72,removed,28,42
72,removed,29,5
72,removed,30,30
72,removed,31,3
72,removed,32,6
72,removed,33,8
72,removed,34,4
72,removed,35,0
72,removed,36,0
72,removed,37,0
72,removed,38,0
72,removed,39,0
72,removed,40,0
72,removed,41,1
72,removed,42,0
72,removed,43,0
72,removed,44,0
72,removed,45,0
72,removed,46,0
72,removed,47,0
72,removed,48,0
72,removed,49,0
72,removed,50,0
72,removed,51,0
72,removed,52,0
72,removed,53,0
72,removed,54,0
72,removed,55,0
72,removed,56,0
72,removed,57,0
72,removed,58,0
72,removed,59,0
72,removed,60,0
72,removed,61,0
72,removed,62,0
72,removed,63,0
72,removed,64,0
72,removed,65,0
72,removed,66,0
72,removed,67,0
72,removed,68,0
72,removed,69,1
72,removed,70,1
72,removed,71,0
72,live,0,0
72,live,1,18682
72,live,2,7602
72,live,3,3840
72,live,4,2286
72,live,5,1582
72,live,6,1268
72,live,7,925
72,live,8,881
72,live,9,713
72,live,10,743
72,live,11,675
72,live,12,693
72,live,13,659
72,live,14,711
72,live,15,642
72,live,16,626
72,live,17,629
72,live,18,668
72,live,19,682
72,live,20,662
72,live,21,729
72,live,22,681
72,live,23,647
72,live,24,693
72,live,25,601
72,live,26,6128
72,live,27,7707
72,live,28,8224
72,live,29,11412
72,live,30,13498
72,live,31,11015
72,live,32,4784
72,live,33,5808
72,live,34,3642
72,live,35,2202
72,live,36,567
72,live,37,248
72,live,38,166
72,live,39,90
72,live,40,64
72,live,41,47
72,live,42,33
72,live,43,15
72,live,44,38
72,live,45,27
72,live,46,24
72,live,47,26
72,live,48,26
72,live,49,32
72,live,50,28
72,live,51,34
72,live,52,35
72,live,53,37
72,live,54,42
72,live,55,56
72,live,56,32
72,live,57,38
72,live,58,31
72,live,59,27
72,live,60,32
72,live,61,43
72,live,62,30
72,live,63,35
72,live,64,32
72,live,65,37
72,live,66,45
72,live,67,55
72,live,68,48
72,live,69,845
72,live,70,684
72,live,71,432
72,live,72,49
73,removed,0,34743
73,removed,1,11261
73,removed,2,3996
73,removed,3,1667
73,removed,4,829
73,removed,5,519
73,removed,6,383
73,removed,7,212
73,removed,8,179
73,removed,9,105
73,removed,10,123
73,removed,11,103
73,removed,12,65
73,removed,13,77
73,removed,14,80
73,removed,15,40
73,removed,16,44
73,removed,17,34
73,removed,18,43
73,removed,19,35
73,removed,20,22
73,removed,21,24
73,removed,22,19
73,removed,23,10
73,removed,24,19
73,removed,25,8
73,removed,26,45
73,removed,27,121
73,removed,28,52
73,removed,29,66
73,removed,30,24
73,removed,31,14
73,removed,32,23
73,removed,33,0
73,removed,34,18
73,removed,35,7
73,removed,36,2
73,removed,37,1
73,removed,38,0
73,removed,39,0
73,removed,40,0
73,removed,41,0
73,removed,42,0
73,removed,43,0
73,removed,44,0
73,removed,45,0
73,removed,46,0
73,removed,47,0
73,removed,48,0
73,removed,49,0
73,removed,50,0
73,removed,51,0
73,removed,52,1
73,removed,53,0
73,removed,54,0
73,removed,55,0
73,removed,56,1
73,removed,57,1
73,removed,58,1
73,removed,59,0
73,removed,60,0
73,removed,61,0
73,removed,62,0
73,removed,63,0
73,removed,64,0
73,removed,65,0
73,removed,66,0
73,removed,67,0
73,removed,68,0
73,removed,69,1
73,removed,70,0
73,removed,71,0
73,removed,72,0
73,live,0,0
73,live,1,17617
73,live,2,7421
73,live,3,3606
73,live,4,2173
73,live,5,1457
73,live,6,1063
73,live,7,885
73,live,8,713
73,live,9,702
73,live,10,608
73,live,11,620
73,live,12,572
73,live,13,628
73,live,14,582
73,live,15,631
73,live,16,602
73,live,17,582
73,live,18,595
73,live,19,625
73,live,20,647
73,live,21,640
73,live,22,705
73,live,23,662
73,live,24,637
73,live,25,674
73,live,26,593
73,live,27,6083
73,live,28,7586
73,live,29,8172
73,live,30,11346
73,live,31,13474
73,live,32,11001
73,live,33,4761
73,live,34,5808
73,live,35,3624
73,live,36,2195
73,live,37,565
73,live,38,247
73,live,39,166
73,live,40,90
73,live,41,64
73,live,42,47
73,live,43,33
73,live,44,15
73,live,45,38
73,live,46,27
73,live,47,24
73,live,48,26
73,live,49,26
73,live,50,32
73,live,51,28
73,live,52,34
73,live,53,34
73,live,54,37
73,live,55,42
73,live,56,56
73,live,57,31
73,live,58,37
73,live,59,30
73,live,60,27
73,live,61,32
73,live,62,43
73,live,63,30
73,live,64,35
73,live,65,32
73,live,66,37
73,live,67,45
73,live,68,55
73,live,69,48
73,live,70,844
73,live,71,684
73,live,72,432
73,live,73,49
74,removed,0,35522
74,removed,1,10700
74,removed,2,3899
74,removed,3,1592
74,removed,4,802
74,removed,5,422
74,removed,6,275
74,removed,7,187
74,removed,8,120
74,removed,9,108
74,removed,10,65
74,removed,11,79
74,removed,12,57
74,removed,13,56
74,removed,14,34
74,removed,15,43
74,removed,16,38
74,removed,17,33
74,removed,18,25
74,removed,19,25
74,removed,20,23
74,removed,21,18
74,removed,22,21
74,removed,23,10
74,removed,24,11
74,removed,25,24
74,removed,26,6
74,removed,27,47
74,removed,28,138
74,removed,29,47
74,removed,30,58
74,removed,31,21
74,removed,32,30
74,removed,33,34
74,removed,34,4
74,removed,35,9
74,removed,36,6
74,removed,37,1
74,removed,38,0
74,removed,39,2
74,removed,40,1
74,removed,41,2
74,removed,42,2
74,removed,43,0
74,removed,44,0
74,removed,45,0
74,removed,46,0
74,removed,47,0
74,removed,48,0
74,removed,49,0
74,removed,50,0
74,removed,51,0
74,removed,52,1
74,removed,53,0
74,removed,54,0
74,removed,55,0
74,removed,56,0
74,removed,57,0
74,removed,58,1
74,removed,59,1
74,removed,60,1
74,removed,61,1
74,removed,62,1
74,removed,63,1
74,removed,64,0
74,removed,65,0
74,removed,66,0
74,removed,67,0
74,removed,68,0
74,removed,69,0
74,removed,70,1
74,removed,71,1
74,removed,72,0
74,removed,73,0
74,live,0,0
74,live,1,17090
74,live,2,6917
74,live,3,3522
74,live,4,2014
74,live,5,1371
74,live,6,1035
74,live,7,788
74,live,8,698
74,live,9,593
74,live,10,594
74,live,11,543
74,live,12,541
74,live,13,515
74,live,14,572
74,live,15,548
74,live,16,588
74,live,17,564
74,live,18,549
74,live,19,570
74,live,20,600
74,live,21,624
74,live,22,622
74,live,23,684
74,live,24,652
74,live,25,626
74,live,26,650
74,live,27,587
74,live,28,6036
74,live,29,7448
74,live,30,8125
74,live,31,11288
74,live,32,13453
74,live,33,10971
74,live,34,4727
74,live,35,5804
74,live,36,3615
74,live,37,2189
74,live,38,564
74,live,39,247
74,live,40,164
74,live,41,89
74,live,42,62
74,live,43,45
74,live,44,33
74,live,45,15
74,live,46,38
74,live,47,27
74,live,48,24
74,live,49,26
74,live,50,26
74,live,51,32
74,live,52,28
74,live,53,33
74,live,54,34
74,live,55,37
74,live,56,42
74,live,57,56
74,live,58,31
74,live,59,36
74,live,60,29
74,live,61,26
74,live,62,31
74,live,63,42
74,live,64,29
74,live,65,35
74,live,66,32
74,live,67,37
74,live,68,45
74,live,69,55
74,live,70,48
74,live,71,843
74,live,72,683
74,live,73,432
74,live,74,49
75,removed,0,36209
75,removed,1,10861
75,removed,2,3828
75,removed,3,1716
75,removed,4,839
75,removed,5,501
75,removed,6,302
75,removed,7,199
75,removed,8,141
75,removed,9,79
75,removed,10,89
75,removed,11,67
75,removed,12,45
75,removed,13,41
75,removed,14,47
75,removed,15,46
75,removed,16,39
75,removed,17,40
75,removed,18,24
75,removed,19,20
75,removed,20,17
75,removed,21,19
75,removed,22,13
75,removed,23,13
75,removed,24,8
75,removed,25,11
75,removed,26,10
75,removed,27,9
75,removed,28,10
75,removed,29,363
75,removed,30,143
75,removed,31,149
75,removed,32,121
75,removed,33,29
75,removed,34,39
75,removed,35,10
75,removed,36,20
75,removed,37,3
75,removed,38,1
75,removed,39,0
75,removed,40,0
75,removed,41,0
75,removed,42,0
75,removed,43,0
75,removed,44,0
75,removed,45,0
75,removed,46,0
75,removed,47,0
75,removed,48,0
75,removed,49,0
75,removed,50,0
75,removed,51,1
75,removed,52,0
75,removed,53,0
75,removed,54,1
75,removed,55,0
75,removed,56,0
75,removed,57,0
75,removed,58,0
75,removed,59,0
75,removed,60,0
75,removed,61,0
75,removed,62,0
75,removed,63,0
75,removed,64,0
75,removed,65,0
75,removed,66,0
75,removed,67,0
75,removed,68,0
75,removed,69,0
75,removed,70,0
75,removed,71,1
75,removed,72,2
75,removed,73,4
75,removed,74,0
75,live,0,0
75,live,1,16929
75,live,2,6229
75,live,3,3089
75,live,4,1806
75,live,5,1175
75,live,6,870
75,live,7,733
75,live,8,589
75,live,9,557
75,live,10,514
75,live,11,505
75,live,12,476
75,live,13,496
75,live,14,474
75,live,15,525
75,live,16,502
75,live,17,549
75,live,18,524
75,live,19,525
75,live,20,550
75,live,21,583
75,live,22,605
75,live,23,609
75,live,24,671
75,live,25,644
75,live,26,615
75,live,27,640
75,live,28,578
75,live,29,6026
75,live,30,7085
75,live,31,7982
75,live,32,11139
75,live,33,13332
75,live,34,10942
75,live,35,4688
75,live,36,5794
75,live,37,3595
75,live,38,2186
75,live,39,563
75,live,40,247
75,live,41,164
75,live,42,89
75,live,43,62
75,live,44,45
75,live,45,33
75,live,46,15
75,live,47,38
75,live,48,27
75,live,49,24
75,live,50,26
75,live,51,26
75,live,52,31
75,live,53,28
75,live,54,33
75,live,55,33
75,live,56,37
75,live,57,42
75,live,58,56
75,live,59,31
75,live,60,36
75,live,61,29
75,live,62,26
75,live,63,31
75,live,64,42
75,live,65,29
75,live,66,35
75,live,67,32
75,live,68,37
75,live,69,45
75,live,70,55
75,live,71,48
75,live,72,842
75,live,73,681
75,live,74,428
75,live,75,49
76,removed,0,36770
76,removed,1,10838
76,removed,2,3522
76,removed,3,1466
76,removed,4,748
76,removed,5,344
76,removed,6,241
76,removed,7,142
76,removed,8,90
76,removed,9,76
76,removed,10,38
76,removed,11,43
76,removed,12,23
76,removed,13,31
76,removed,14,33
76,removed,15,28
76,removed,16,15
76,removed,17,21
76,removed,18,18
76,removed,19,16
76,removed,20,11
76,removed,21,14
76,removed,22,10
76,removed,23,17
76,removed,24,11
76,removed,25,6
76,removed,26,11
76,removed,27,20
76,removed,28,13
76,removed,29,19
76,removed,30,351
76,removed,31,73
76,removed,32,120
76,removed,33,96
76,removed,34,77
76,removed,35,58
76,removed,36,7
76,removed,37,27
76,removed,38,18
76,removed,39,3
76,removed,40,0
76,removed,41,5
76,removed,42,3
76,removed,43,0
76,removed,44,0
76,removed,45,0
76,removed,46,0
76,removed,47,0
76,removed,48,0
76,removed,49,0
76,removed,50,0
76,removed,51,0
76,removed,52,0
76,removed,53,0
76,removed,54,0
76,removed,55,0
76,removed,56,0
76,removed,57,0
76,removed,58,0
76,removed,59,0
76,removed,60,0
76,removed,61,0
76,removed,62,0
76,removed,63,0
76,removed,64,0
76,removed,65,0
76,removed,66,0
76,removed,67,0
76,removed,68,0
76,removed,69,0
76,removed,70,0
76,removed,71,0
76,removed,72,3
76,removed,73,0
76,removed,74,0
76,removed,75,0
76,live,0,0
76,live,1,16920
76,live,2,6091
76,live,3,2707
76,live,4,1623
76,live,5,1058
76,live,6,831
76,live,7,629
76,live,8,591
76,live,9,499
76,live,10,481
76,live,11,476
76,live,12,462
76,live,13,453
76,live,14,465
76,live,15,441
76,live,16,497
76,live,17,487
76,live,18,528
76,live,19,506
76,live,20,509
76,live,21,539
76,live,22,569
76,live,23,595
76,live,24,592
76,live,25,660
76,live,26,638
76,live,27,604
76,live,28,620
76,live,29,565
76,live,30,6007
76,live,31,6734
76,live,32,7909
76,live,33,11019
76,live,34,13236
76,live,35,10865
76,live,36,4630
76,live,37,5787
76,live,38,3568
76,live,39,2168
76,live,40,560
76,live,41,247
76,live,42,159
76,live,43,86
76,live,44,62
76,live,45,45
76,live,46,33
76,live,47,15
76,live,48,38
76,live,49,27
76,live,50,24
76,live,51,26
76,live,52,26
76,live,53,31
76,live,54,28
76,live,55,33
76,live,56,33
76,live,57,37
76,live,58,42
76,live,59,56
76,live,60,31
76,live,61,36
76,live,62,29
76,live,63,26
76,live,64,31
76,live,65,42
76,live,66,29
76,live,67,35
76,live,68,32
76,live,69,37
76,live,70,45
76,live,71,55
76,live,72,48
76,live,73,839
76,live,74,681
76,live,75,428
76,live,76,49
77,removed,0,37917
77,removed,1,11133
77,removed,2,3436
77,removed,3,1302
77,removed,4,695
77,removed,5,352
77,removed,6,236
77,removed,7,130
77,removed,8,94
77,removed,9,56
77,removed,10,57
77,removed,11,37
77,removed,12,37
77,removed,13,28
77,removed,14,26
77,removed,15,35
77,removed,16,26
77,removed,17,25
77,removed,18,24
77,removed,19,15
77,removed,20,15
77,removed,21,17
77,removed,22,20
77,removed,23,11
77,removed,24,19
77,removed,25,12
77,removed,26,10
77,removed,27,12
77,removed,28,16
77,removed,29,13
77,removed,30,59
77,removed,31,534
77,removed,32,280
77,removed,33,225
77,removed,34,146
77,removed,35,61
77,removed,36,43
77,removed,37,23
77,removed,38,34
77,removed,39,20
77,removed,40,4
77,removed,41,6
77,removed,42,3
77,removed,43,3
77,removed,44,0
77,removed,45,0
77,removed,46,0
77,removed,47,0
77,removed,48,1
77,removed,49,0
77,removed,50,0
77,removed,51,0
77,removed,52,0
77,removed,53,0
77,removed,54,0
77,removed,55,0
77,removed,56,0
77,removed,57,0
77,removed,58,0
77,removed,59,0
77,removed,60,0
77,removed,61,0
77,removed,62,0
77,removed,63,1
77,removed,64,0
77,removed,65,0
77,removed,66,0
77,removed,67,0
77,removed,68,0
77,removed,69,0
77,removed,70,0
77,removed,71,0
77,removed,72,0
77,removed,73,4
77,removed,74,0
77,removed,75,1
77,removed,76,0
77,live,0,0
77,live,1,16755
77,live,2,5787
77,live,3,2655
77,live,4,1405
77,live,5,928
77,live,6,706
77,live,7,595
77,live,8,499
77,live,9,497
77,live,10,443
77,live,11,424
77,live,12,439
77,live,13,425
77,live,14,425
77,live,15,439
77,live,16,406
77,live,17,471
77,live,18,462
77,live,19,504
77,live,20,491
77,live,21,494
77,live,22,522
77,live,23,549
77,live,24,584
77,live,25,573
77,live,26,648
77,live,27,628
77,live,28,592
77,live,29,604
77,live,30,552
77,live,31,5948
77,live,32,6200
77,live,33,7629
77,live,34,10794
77,live,35,13090
77,live,36,10804
77,live,37,4587
77,live,38,5764
77,live,39,3534
77,live,40,2148
77,live,41,556
77,live,42,241
77,live,43,156
77,live,44,83
77,live,45,62
77,live,46,45
77,live,47,33
77,live,48,15
77,live,49,37
77,live,50,27
77,live,51,24
77,live,52,26
77,live,53,26
77,live,54,31
77,live,55,28
77,live,56,33
77,live,57,33
77,live,58,37
77,live,59,42
77,live,60,56
77,live,61,31
77,live,62,36
77,live,63,29
77,live,64,25
77,live,65,31
77,live,66,42
77,live,67,29
77,live,68,35
77,live,69,32
77,live,70,37
77,live,71,45
77,live,72,55
77,live,73,48
77,live,74,835
77,live,75,681
77,live,76,427
77,live,77,49
78,removed,0,37114
78,removed,1,10939
78,removed,2,3282
78,removed,3,1268
78,removed,4,607
78,removed,5,298
78,removed,6,186
78,removed,7,117
78,removed,8,73
78,removed,9,71
78,removed,10,49
78,removed,11,34
78,removed,12,36
78,removed,13,36
78,removed,14,33
78,removed,15,33
78,removed,16,20
78,removed,17,22
78,removed,18,21
78,removed,19,17
78,removed,20,15
78,removed,21,19
78,removed,22,19
78,removed,23,17
78,removed,24,26
78,removed,25,24
78,removed,26,24
78,removed,27,20
78,removed,28,17
78,removed,29,15
78,removed,30,18
78,removed,31,626
78,removed,32,312
78,removed,33,382
78,removed,34,439
78,removed,35,249
78,removed,36,143
78,removed,37,71
78,removed,38,59
78,removed,39,38
78,removed,40,25
78,removed,41,15
78,removed,42,1
78,removed,43,4
78,removed,44,0
78,removed,45,1
78,removed,46,1
78,removed,47,1
78,removed,48,0
78,removed,49,0
78,removed,50,0
78,removed,51,1
78,removed,52,0
78,removed,53,2
78,removed,54,2
78,removed,55,2
78,removed,56,1
78,removed,57,1
78,removed,58,1
78,removed,59,0
78,removed,60,1
78,removed,61,1
78,removed,62,0
78,removed,63,1
78,removed,64,1
78,removed,65,0
78,removed,66,0
78,removed,67,0
78,removed,68,1
78,removed,69,1
78,removed,70,0
78,removed,71,0
78,removed,72,2
78,removed,73,0
78,removed,74,17
78,removed,75,2
78,removed,76,0
78,removed,77,0
78,live,0,0
78,live,1,18798
78,live,2,5816
78,live,3,2505
78,live,4,1387
78,live,5,798
78,live,6,630
78,live,7,520
78,live,8,478
78,live,9,426
78,live,10,426
78,live,11,394
78,live,12,390
78,live,13,403
78,live,14,389
78,live,15,392
78,live,16,406
78,live,17,386
78,live,18,449
78,live,19,441
78,live,20,487
78,live,21,476
78,live,22,475
78,live,23,503
78,live,24,532
78,live,25,558
78,live,26,549
78,live,27,624
78,live,28,608
78,live,29,575
78,live,30,589
78,live,31,534
78,live,32,5322
78,live,33,5888
78,live,34,7247
78,live,35,10355
78,live,36,12841
78,live,37,10661
78,live,38,4516
78,live,39,5705
78,live,40,3496
78,live,41,2123
78,live,42,541
78,live,43,240
78,live,44,152
78,live,45,83
78,live,46,61
78,live,47,44
78,live,48,32
78,live,49,15
78,live,50,37
78,live,51,27
78,live,52,23
78,live,53,26
78,live,54,24
78,live,55,29
78,live,56,26
78,live,57,32
78,live,58,32
78,live,59,36
78,live,60,42
78,live,61,55
78,live,62,30
78,live,63,36
78,live,64,28
78,live,65,24
78,live,66,31
78,live,67,42
78,live,68,29
78,live,69,34
78,live,70,31
78,live,71,37
78,live,72,45
78,live,73,53
78,live,74,48
78,live,75,818
78,live,76,679
78,live,77,427
78,live,78,49
79,removed,0,30342
79,removed,1,10715
79,removed,2,2608
79,removed,3,1009
79,removed,4,490
79,removed,5,242
79,removed,6,133
79,removed,7,102
79,removed,8,75
79,removed,9,60
79,removed,10,51
79,removed,11,38
79,removed,12,40
79,removed,13,48
79,removed,14,44
79,removed,15,40
79,removed,16,42
79,removed,17,30
79,removed,18,32
79,removed,19,31
79,removed,20,37
79,removed,21,44
79,removed,22,22
79,removed,23,28
79,removed,24,45
79,removed,25,36
79,removed,26,36
79,removed,27,33
79,removed,28,37
79,removed,29,46
79,removed,30,32
79,removed,31,42
79,removed,32,1311
79,removed,33,413
79,removed,34,760
79,removed,35,537
79,removed,36,331
79,removed,37,200
79,removed,38,124
79,removed,39,138
79,removed,40,32
79,removed,41,48
79,removed,42,20
79,removed,43,15
79,removed,44,7
79,removed,45,3
79,removed,46,3
79,removed,47,1
79,removed,48,2
79,removed,49,0
79,removed,50,1
79,removed,51,0
79,removed,52,0
79,removed,53,0
79,removed,54,0
79,removed,55,0
79,removed,56,0
79,removed,57,2
79,removed,58,0
79,removed,59,0
79,removed,60,1
79,removed,61,0
79,removed,62,0
79,removed,63,2
79,removed,64,1
79,removed,65,1
79,removed,66,1
79,removed,67,1
79,removed,68,3
79,removed,69,0
79,removed,70,0
79,removed,71,2
79,removed,72,1
79,removed,73,0
79,removed,74,0
79,removed,75,72
79,removed,76,10
79,removed,77,5
79,removed,78,0
79,live,0,0
79,live,1,26753
79,live,2,8083
79,live,3,3208
79,live,4,1496
79,live,5,897
79,live,6,556
79,live,7,497
79,live,8,418
79,live,9,403
79,live,10,366
79,live,11,375
79,live,12,356
79,live,13,350
79,live,14,355
79,live,15,345
79,live,16,352
79,live,17,364
79,live,18,356
79,live,19,417
79,live,20,410
79,live,21,450
79,live,22,432
79,live,23,453
79,live,24,475
79,live,25,487
79,live,26,522
79,live,27,513
79,live,28,591
79,live,29,571
79,live,30,529
79,live,31,557
79,live,32,492
79,live,33,4011
79,live,34,5475
79,live,35,6487
79,live,36,9818
79,live,37,12510
79,live,38,10461
79,live,39,4392
79,live,40,5567
79,live,41,3464
79,live,42,2075
79,live,43,521
79,live,44,225
79,live,45,145
79,live,46,80
79,live,47,58
79,live,48,43
79,live,49,30
79,live,50,15
79,live,51,36
79,live,52,27
79,live,53,23
79,live,54,26
79,live,55,24
79,live,56,29
79,live,57,26
79,live,58,30
79,live,59,32
79,live,60,36
79,live,61,41
79,live,62,55
79,live,63,30
79,live,64,34
79,live,65,27
79,live,66,23
79,live,67,30
79,live,68,41
79,live,69,26
79,live,70,34
79,live,71,31
79,live,72,35
79,live,73,44
79,live,74,53
79,live,75,48
79,live,76,746
79,live,77,669
79,live,78,422
79,live,79,49
80,removed,0,25150
80,removed,1,15989
80,removed,2,4213
80,removed,3,1560
80,removed,4,615
80,removed,5,337
80,removed,6,205
80,removed,7,154
80,removed,8,102
80,removed,9,105
80,removed,10,99
80,removed,11,81
80,removed,12,92
80,removed,13,78
80,removed,14,71
80,removed,15,70
80,removed,16,68
80,removed,17,71
80,removed,18,62
80,removed,19,81
80,removed,20,91
80,removed,21,79
80,removed,22,57
80,removed,23,61
80,removed,24,76
80,removed,25,67
80,removed,26,69
80,removed,27,73
80,removed,28,77
80,removed,29,88
80,removed,30,67
80,removed,31,83
80,removed,32,80
80,removed,33,852
80,removed,34,1803
80,removed,35,1505
80,removed,36,2067
80,removed,37,1212
80,removed,38,745
80,removed,39,392
80,removed,40,116
80,removed,41,313
80,removed,42,121
80,removed,43,59
80,removed,44,25
80,removed,45,4
80,removed,46,3
80,removed,47,2
80,removed,48,2
80,removed,49,2
80,removed,50,1
80,removed,51,1
80,removed,52,2
80,removed,53,3
80,removed,54,1
80,removed,55,1
80,removed,56,1
80,removed,57,1
80,removed,58,1
80,removed,59,1
80,removed,60,3
80,removed,61,5
80,removed,62,3
80,removed,63,2
80,removed,64,3
80,removed,65,3
80,removed,66,3
80,removed,67,2
80,removed,68,4
80,removed,69,1
80,removed,70,2
80,removed,71,6
80,removed,72,1
80,removed,73,3
80,removed,74,2
80,removed,75,1
80,removed,76,108
80,removed,77,14
80,removed,78,10
80,removed,79,1
80,live,0,0
80,live,1,31973
80,live,2,10764
80,live,3,3870
80,live,4,1648
80,live,5,881
80,live,6,560
80,live,7,351
80,live,8,343
80,live,9,316
80,live,10,298
80,live,11,267
80,live,12,294
80,live,13,264
80,live,14,272
80,live,15,284
80,live,16,275
80,live,17,284
80,live,18,293
80,live,19,294
80,live,20,336
80,live,21,319
80,live,22,371
80,live,23,375
80,live,24,392
80,live,25,399
80,live,26,420
80,live,27,453
80,live,28,440
80,live,29,514
80,live,30,483
80,live,31,462
80,live,32,474
80,live,33,412
80,live,34,3159
80,live,35,3672
80,live,36,4982
80,live,37,7751
80,live,38,11298
80,live,39,9716
80,live,40,4000
80,live,41,5451
80,live,42,3151
80,live,43,1954
80,live,44,462
80,live,45,200
80,live,46,141
80,live,47,77
80,live,48,56
80,live,49,41
80,live,50,28
80,live,51,14
80,live,52,35
80,live,53,25
80,live,54,20
80,live,55,25
80,live,56,23
80,live,57,28
80,live,58,25
80,live,59,29
80,live,60,31
80,live,61,33
80,live,62,36
80,live,63,52
80,live,64,28
80,live,65,31
80,live,66,24
80,live,67,20
80,live,68,28
80,live,69,37
80,live,70,25
80,live,71,32
80,live,72,25
80,live,73,34
80,live,74,41
80,live,75,51
80,live,76,47
80,live,77,638
80,live,78,655
80,live,79,412
80,live,80,48
81,removed,0,21108
81,removed,1,15967
81,removed,2,5585
81,removed,3,1951
81,removed,4,735
81,removed,5,369
81,removed,6,233
81,removed,7,122
81,removed,8,127
81,removed,9,100
81,removed,10,99
81,removed,11,75
81,removed,12,91
81,removed,13,87
81,removed,14,76
81,removed,15,81
81,removed,16,83
81,removed,17,82
81,removed,18,76
81,removed,19,79
81,removed,20,76
81,removed,21,78
81,removed,22,82
81,removed,23,79
81,removed,24,81
81,removed,25,95
81,removed,26,83
81,removed,27,78
81,removed,28,92
81,removed,29,101
81,removed,30,94
81,removed,31,108
81,removed,32,125
81,removed,33,118
81,removed,34,1014
81,removed,35,492
81,removed,36,1012
81,removed,37,1656
81,removed,38,2840
81,removed,39,1542
81,removed,40,463
81,removed,41,719
81,removed,42,337
81,removed,43,291
81,removed,44,44
81,removed,45,32
81,removed,46,21
81,removed,47,4
81,removed,48,10
81,removed,49,7
81,removed,50,3
81,removed,51,2
81,removed,52,5
81,removed,53,5
81,removed,54,2
81,removed,55,3
81,removed,56,2
81,removed,57,3
81,removed,58,4
81,removed,59,6
81,removed,60,5
81,removed,61,7
81,removed,62,6
81,removed,63,4
81,removed,64,3
81,removed,65,4
81,removed,66,3
81,removed,67,4
81,removed,68,7
81,removed,69,9
81,removed,70,4
81,removed,71,1
81,removed,72,0
81,removed,73,0
81,removed,74,4
81,removed,75,2
81,removed,76,4
81,removed,77,58
81,removed,78,63
81,removed,79,66
81,removed,80,3
81,live,0,0
81,live,1,35238
81,live,2,16006
81,live,3,5179
81,live,4,1919
81,live,5,913
81,live,6,512
81,live,7,327
81,live,8,229
81,live,9,216
81,live,10,216
81,live,11,199
81,live,12,192
81,live,13,203
81,live,14,177
81,live,15,196
81,live,16,203
81,live,17,192
81,live,18,202
81,live,19,217
81,live,20,215
81,live,21,260
81,live,22,241
81,live,23,289
81,live,24,296
81,live,25,311
81,live,26,304
81,live,27,337
81,live,28,375
81,live,29,348
81,live,30,413
81,live,31,389
81,live,32,354
81,live,33,349
81,live,34,294
81,live,35,2145
81,live,36,3180
81,live,37,3970
81,live,38,6095
81,live,39,8458
81,live,40,8174
81,live,41,3537
81,live,42,4732
81,live,43,2814
81,live,44,1663
81,live,45,418
81,live,46,168
81,live,47,120
81,live,48,73
81,live,49,46
81,live,50,34
81,live,51,25
81,live,52,12
81,live,53,30
81,live,54,20
81,live,55,18
81,live,56,22
81,live,57,21
81,live,58,25
81,live,59,21
81,live,60,23
81,live,61,26
81,live,62,26
81,live,63,30
81,live,64,48
81,live,65,25
81,live,66,27
81,live,67,21
81,live,68,16
81,live,69,21
81,live,70,28
81,live,71,21
81,live,72,31
81,live,73,25
81,live,74,34
81,live,75,37
81,live,76,49
81,live,77,43
81,live,78,580
81,live,79,592
81,live,80,346
81,live,81,45
82,removed,0,17743
82,removed,1,17133
82,removed,2,6757
82,removed,3,2595
82,removed,4,873
82,removed,5,342
82,removed,6,199
82,removed,7,111
82,removed,8,78
82,removed,9,60
82,removed,10,66
82,removed,11,56
82,removed,12,57
82,removed,13,58
82,removed,14,50
82,removed,15,51
82,removed,16,57
82,removed,17,45
82,removed,18,56
82,removed,19,53
82,removed,20,51
82,removed,21,60
82,removed,22,42
82,removed,23,58
82,removed,24,57
82,removed,25,56
82,removed,26,51
82,removed,27,60
82,removed,28,64
82,removed,29,57
82,removed,30,66
82,removed,31,63
82,removed,32,57
82,removed,33,61
82,removed,34,47
82,removed,35,565
82,removed,36,834
82,removed,37,1010
82,removed,38,1114
82,removed,39,1574
82,removed,40,1745
82,removed,41,717
82,removed,42,808
82,removed,43,487
82,removed,44,229
82,removed,45,72
82,removed,46,15
82,removed,47,16
82,removed,48,14
82,removed,49,10
82,removed,50,1
82,removed,51,4
82,removed,52,0
82,removed,53,3
82,removed,54,3
82,removed,55,3
82,removed,56,5
82,removed,57,3
82,removed,58,0
82,removed,59,5
82,removed,60,2
82,removed,61,2
82,removed,62,3
82,removed,63,5
82,removed,64,3
82,removed,65,4
82,removed,66,8
82,removed,67,6
82,removed,68,3
82,removed,69,2
82,removed,70,10
82,removed,71,6
82,removed,72,10
82,removed,73,8
82,removed,74,3
82,removed,75,4
82,removed,76,10
82,removed,77,8
82,removed,78,115
82,removed,79,141
82,removed,80,85
82,removed,81,21
82,live,0,0
82,live,1,31927
82,live,2,18105
82,live,3,9249
82,live,4,2584
82,live,5,1046
82,live,6,571
82,live,7,313
82,live,8,216
82,live,9,151
82,live,10,156
82,live,11,150
82,live,12,143
82,live,13,135
82,live,14,145
82,live,15,127
82,live,16,145
82,live,17,146
82,live,18,147
82,live,19,146
82,live,20,164
82,live,21,164
82,live,22,200
82,live,23,199
82,live,24,231
82,live,25,239
82,live,26,255
82,live,27,253
82,live,28,277
82,live,29,311
82,live,30,291
82,live,31,347
82,live,32,326
82,live,33,297
82,live,34,288
82,live,35,247
82,live,36,1580
82,live,37,2346
82,live,38,2960
82,live,39,4981
82,live,40,6884
82,live,41,6429
82,live,42,2820
82,live,43,3924
82,live,44,2327
82,live,45,1434
82,live,46,346
82,live,47,153
82,live,48,104
82,live,49,59
82,live,50,36
82,live,51,33
82,live,52,21
82,live,53,12
82,live,54,27
82,live,55,17
82,live,56,15
82,live,57,17
82,live,58,18
82,live,59,25
82,live,60,16
82,live,61,21
82,live,62,24
82,live,63,23
82,live,64,25
82,live,65,45
82,live,66,21
82,live,67,19
82,live,68,15
82,live,69,13
82,live,70,19
82,live,71,18
82,live,72,15
82,live,73,21
82,live,74,17
82,live,75,31
82,live,76,33
82,live,77,39
82,live,78,35
82,live,79,465
82,live,80,451
82,live,81,261
82,live,82,24
83,removed,0,17253
83,removed,1,14581
83,removed,2,7957
83,removed,3,4204
83,removed,4,1185
83,removed,5,423
83,removed,6,239
83,removed,7,142
83,removed,8,104
83,removed,9,70
83,removed,10,73
83,removed,11,75
83,removed,12,67
83,removed,13,52
83,removed,14,70
83,removed,15,47
83,removed,16,62
83,removed,17,59
83,removed,18,47
83,removed,19,55
83,removed,20,56
83,removed,21,58
83,removed,22,60
83,removed,23,61
83,removed,24,75
83,removed,25,64
83,removed,26,74
83,removed,27,66
83,removed,28,65
83,removed,29,77
83,removed,30,82
83,removed,31,86
83,removed,32,91
83,removed,33,64
83,removed,34,93
83,removed,35,74
83,removed,36,455
83,removed,37,705
83,removed,38,788
83,removed,39,1514
83,removed,40,1754
83,removed,41,1126
83,removed,42,500
83,removed,43,548
83,removed,44,386
83,removed,45,281
83,removed,46,57
83,removed,47,30
83,removed,48,8
83,removed,49,7
83,removed,50,6
83,removed,51,10
83,removed,52,5
83,removed,53,2
83,removed,54,3
83,removed,55,6
83,removed,56,2
83,removed,57,6
83,removed,58,4
83,removed,59,6
83,removed,60,4
83,removed,61,5
83,removed,62,6
83,removed,63,4
83,removed,64,3
83,removed,65,7
83,removed,66,11
83,removed,67,8
83,removed,68,6
83,removed,69,7
83,removed,70,1
83,removed,71,0
83,removed,72,1
83,removed,73,3
83,removed,74,3
83,removed,75,11
83,removed,76,5
83,removed,77,6
83,removed,78,9
83,removed,79,128
83,removed,80,95
83,removed,81,46
83,removed,82,3
83,live,0,0
83,live,1,27963
83,live,2,17346
83,live,3,10148
83,live,4,5045
83,live,5,1399
83,live,6,623
83,live,7,332
83,live,8,171
83,live,9,112
83,live,10,81
83,live,11,83
83,live,12,75
83,live,13,76
83,live,14,83
83,live,15,75
83,live,16,80
83,live,17,83
83,live,18,87
83,live,19,100
83,live,20,91
83,live,21,108
83,live,22,106
83,live,23,140
83,live,24,138
83,live,25,156
83,live,26,175
83,live,27,181
83,live,28,187
83,live,29,212
83,live,30,234
83,live,31,209
83,live,32,261
83,live,33,235
83,live,34,233
83,live,35,195
83,live,36,173
83,live,37,1125
83,live,38,1641
83,live,39,2172
83,live,40,3467
83,live,41,5130
83,live,42,5303
83,live,43,2320
83,live,44,3376
83,live,45,1941
83,live,46,1153
83,live,47,289
83,live,48,123
83,live,49,96
83,live,50,52
83,live,51,30
83,live,52,23
83,live,53,16
83,live,54,10
83,live,55,24
83,live,56,11
83,live,57,13
83,live,58,11
83,live,59,14
83,live,60,19
83,live,61,12
83,live,62,16
83,live,63,18
83,live,64,19
83,live,65,22
83,live,66,38
83,live,67,10
83,live,68,11
83,live,69,9
83,live,70,6
83,live,71,18
83,live,72,18
83,live,73,14
83,live,74,18
83,live,75,14
83,live,76,20
83,live,77,28
83,live,78,33
83,live,79,26
83,live,80,337
83,live,81,356
83,live,82,215
83,live,83,21
84,removed,0,17490
84,removed,1,12796
84,removed,2,6383
84,removed,3,3779
84,removed,4,1657
84,removed,5,532
84,removed,6,200
84,removed,7,120
84,removed,8,62
84,removed,9,39
84,removed,10,28
84,removed,11,25
84,removed,12,20
84,removed,13,22
84,removed,14,21
84,removed,15,20
84,removed,16,18
84,removed,17,21
84,removed,18,23
84,removed,19,26
84,removed,20,21
84,removed,21,28
84,removed,22,22
84,removed,23,35
84,removed,24,39
84,removed,25,44
84,removed,26,37
84,removed,27,32
84,removed,28,31
84,removed,29,54
84,removed,30,46
84,removed,31,50
84,removed,32,43
84,removed,33,50
84,removed,34,49
84,removed,35,40
84,removed,36,34
84,removed,37,249
84,removed,38,439
84,removed,39,521
84,removed,40,856
84,removed,41,1042
84,removed,42,1284
84,removed,43,530
84,removed,44,785
84,removed,45,348
84,removed,46,241
84,removed,47,41
84,removed,48,30
84,removed,49,21
84,removed,50,7
84,removed,51,6
84,removed,52,3
84,removed,53,3
84,removed,54,2
84,removed,55,4
84,removed,56,3
84,removed,57,3
84,removed,58,1
84,removed,59,3
84,removed,60,5
84,removed,61,2
84,removed,62,3
84,removed,63,3
84,removed,64,3
84,removed,65,1
84,removed,66,6
84,removed,67,2
84,removed,68,3
84,removed,69,5
84,removed,70,2
84,removed,71,5
84,removed,72,7
84,removed,73,5
84,removed,74,4
84,removed,75,5
84,removed,76,5
84,removed,77,9
84,removed,78,8
84,removed,79,6
84,removed,80,81
84,removed,81,111
84,removed,82,66
84,removed,83,18
84,live,0,0
84,live,1,29972
84,live,2,15167
84,live,3,10963
84,live,4,6369
84,live,5,3388
84,live,6,867
84,live,7,423
84,live,8,212
84,live,9,109
84,live,10,73
84,live,11,53
84,live,12,58
84,live,13,55
84,live,14,54
84,live,15,62
84,live,16,55
84,live,17,62
84,live,18,62
84,live,19,64
84,live,20,74
84,live,21,70
84,live,22,80
84,live,23,84
84,live,24,105
84,live,25,99
84,live,26,112
84,live,27,138
84,live,28,149
84,live,29,156
84,live,30,158
84,live,31,188
84,live,32,159
84,live,33,218
84,live,34,185
84,live,35,184
84,live,36,155
84,live,37,139
84,live,38,876
84,live,39,1202
84,live,40,1651
84,live,41,2611
84,live,42,4088
84,live,43,4019
84,live,44,1790
84,live,45,2591
84,live,46,1593
84,live,47,912
84,live,48,248
84,live,49,93
84,live,50,75
84,live,51,45
84,live,52,24
84,live,53,20
84,live,54,13
84,live,55,8
84,live,56,20
84,live,57,8
84,live,58,10
84,live,59,10
84,live,60,11
84,live,61,14
84,live,62,10
84,live,63,13
84,live,64,15
84,live,65,16
84,live,66,21
84,live,67,32
84,live,68,8
84,live,69,8
84,live,70,4
84,live,71,4
84,live,72,13
84,live,73,11
84,live,74,9
84,live,75,14
84,live,76,9
84,live,77,15
84,live,78,19
84,live,79,25
84,live,80,20
84,live,81,256
84,live,82,245
84,live,83,149
84,live,84,3
85,removed,0,16660
85,removed,1,12772
85,removed,2,4351
85,removed,3,3765
85,removed,4,1666
85,removed,5,1086
85,removed,6,268
85,removed,7,132
85,removed,8,79
85,removed,9,53
85,removed,10,24
85,removed,11,12
85,removed,12,19
85,removed,13,15
85,removed,14,15
85,removed,15,17
85,removed,16,18
85,removed,17,17
85,removed,18,16
85,removed,19,17
85,removed,20,16
85,removed,21,20
85,removed,22,17
85,removed,23,17
85,removed,24,20
85,removed,25,24
85,removed,26,28
85,removed,27,21
85,removed,28,22
85,removed,29,30
85,removed,30,29
85,removed,31,30
85,removed,32,19
85,removed,33,29
85,removed,34,31
85,removed,35,24
85,removed,36,26
85,removed,37,17
85,removed,38,231
85,removed,39,243
85,removed,40,369
85,removed,41,617
85,removed,42,894
85,removed,43,659
85,removed,44,285
85,removed,45,377
85,removed,46,197
85,removed,47,159
85,removed,48,21
85,removed,49,16
85,removed,50,8
85,removed,51,4
85,removed,52,6
85,removed,53,5
85,removed,54,3
85,removed,55,2
85,removed,56,3
85,removed,57,1
85,removed,58,1
85,removed,59,2
85,removed,60,2
85,removed,61,1
85,removed,62,1
85,removed,63,3
85,removed,64,5
85,removed,65,5
85,removed,66,6
85,removed,67,14
85,removed,68,3
85,removed,69,3
85,removed,70,0
85,removed,71,0
85,removed,72,3
85,removed,73,3
85,removed,74,2
85,removed,75,1
85,removed,76,2
85,removed,77,7
85,removed,78,6
85,removed,79,1
85,removed,80,3
85,removed,81,54
85,removed,82,51
85,removed,83,23
85,removed,84,1
85,live,0,0
85,live,1,32707
85,live,2,17200
85,live,3,10816
85,live,4,7198
85,live,5,4703
85,live,6,2302
85,live,7,599
85,live,8,291
85,live,9,133
85,live,10,56
85,live,11,49
85,live,12,41
85,live,13,39
85,live,14,40
85,live,15,39
85,live,16,45
85,live,17,37
85,live,18,45
85,live,19,46
85,live,20,47
85,live,21,58
85,live,22,50
85,live,23,63
85,live,24,67
85,live,25,85
85,live,26,75
85,live,27,84
85,live,28,117
85,live,29,127
85,live,30,126
85,live,31,129
85,live,32,158
85,live,33,140
85,live,34,189
85,live,35,154
85,live,36,160
85,live,37,129
85,live,38,122
85,live,39,645
85,live,40,959
85,live,41,1282
85,live,42,1994
85,live,43,3194
85,live,44,3360
85,live,45,1505
85,live,46,2214
85,live,47,1396
85,live,48,753
85,live,49,227
85,live,50,77
85,live,51,67
85,live,52,41
85,live,53,18
85,live,54,15
85,live,55,10
85,live,56,6
85,live,57,17
85,live,58,7
85,live,59,9
85,live,60,8
85,live,61,9
85,live,62,13
85,live,63,9
85,live,64,10
85,live,65,10
85,live,66,11
85,live,67,15
85,live,68,18
85,live,69,5
85,live,70,5
85,live,71,4
85,live,72,4
85,live,73,10
85,live,74,8
85,live,75,7
85,live,76,13
85,live,77,7
85,live,78,8
85,live,79,13
85,live,80,24
85,live,81,17
85,live,82,202
85,live,83,194
85,live,84,126
85,live,85,2
86,removed,0,15876
86,removed,1,9221
86,removed,2,4226
86,removed,3,2093
86,removed,4,1043
86,removed,5,710
86,removed,6,387
86,removed,7,196
86,removed,8,86
86,removed,9,15
86,removed,10,14
86,removed,11,8
86,removed,12,8
86,removed,13,6
86,removed,14,3
86,removed,15,3
86,removed,16,4
86,removed,17,3
86,removed,18,3
86,removed,19,3
86,removed,20,3
86,removed,21,4
86,removed,22,6
86,removed,23,8
86,removed,24,11
86,removed,25,11
86,removed,26,11
86,removed,27,9
86,removed,28,12
86,removed,29,14
86,removed,30,14
86,removed,31,17
86,removed,32,10
86,removed,33,16
86,removed,34,13
86,removed,35,13
86,removed,36,15
86,removed,37,14
86,removed,38,11
86,removed,39,114
86,removed,40,146
86,removed,41,206
86,removed,42,188
86,removed,43,182
86,removed,44,138
86,removed,45,80
86,removed,46,42
86,removed,47,57
86,removed,48,29
86,removed,49,8
86,removed,50,0
86,removed,51,5
86,removed,52,0
86,removed,53,1
86,removed,54,0
86,removed,55,0
86,removed,56,0
86,removed,57,1
86,removed,58,1
86,removed,59,1
86,removed,60,1
86,removed,61,1
86,removed,62,0
86,removed,63,0
86,removed,64,0
86,removed,65,0
86,removed,66,0
86,removed,67,0
86,removed,68,2
86,removed,69,1
86,removed,70,0
86,removed,71,0
86,removed,72,0
86,removed,73,1
86,removed,74,0
86,removed,75,0
86,removed,76,0
86,removed,77,1
86,removed,78,3
86,removed,79,1
86,removed,80,3
86,removed,81,0
86,removed,82,23
86,removed,83,5
86,removed,84,1
86,removed,85,0
86,live,0,0
86,live,1,35409
86,live,2,23486
86,live,3,12974
86,live,4,8723
86,live,5,6155
86,live,6,3993
86,live,7,1915
86,live,8,403
86,live,9,205
86,live,10,118
86,live,11,42
86,live,12,41
86,live,13,33
86,live,14,33
86,live,15,37
86,live,16,36
86,live,17,41
86,live,18,34
86,live,19,42
86,live,20,43
86,live,21,44
86,live,22,54
86,live,23,44
86,live,24,55
86,live,25,56
86,live,26,74
86,live,27,64
86,live,28,75
86,live,29,105
86,live,30,113
86,live,31,112
86,live,32,112
86,live,33,148
86,live,34,124
86,live,35,176
86,live,36,141
86,live,37,145
86,live,38,115
86,live,39,111
86,live,40,531
86,live,41,813
86,live,42,1076
86,live,43,1806
86,live,44,3012
86,live,45,3222
86,live,46,1425
86,live,47,2172
86,live,48,1339
86,live,49,724
86,live,50,219
86,live,51,77
86,live,52,62
86,live,53,41
86,live,54,17
86,live,55,15
86,live,56,10
86,live,57,6
86,live,58,16
86,live,59,6
86,live,60,8
86,live,61,7
86,live,62,8
86,live,63,13
86,live,64,9
86,live,65,10
86,live,66,10
86,live,67,11
86,live,68,15
86,live,69,16
86,live,70,4
86,live,71,5
86,live,72,4
86,live,73,4
86,live,74,9
86,live,75,8
86,live,76,7
86,live,77,13
86,live,78,6
86,live,79,5
86,live,80,12
86,live,81,21
86,live,82,17
86,live,83,179
86,live,84,189
86,live,85,125
86,live,86,2
87,removed,0,15880
87,removed,1,12807
87,removed,2,5716
87,removed,3,3414
87,removed,4,1503
87,removed,5,1151
87,removed,6,584
87,removed,7,356
87,removed,8,58
87,removed,9,34
87,removed,10,28
87,removed,11,7
87,removed,12,6
87,removed,13,3
87,removed,14,5
87,removed,15,6
87,removed,16,5
87,removed,17,6
87,removed,18,6
87,removed,19,6
87,removed,20,6
87,removed,21,6
87,removed,22,4
87,removed,23,5
87,removed,24,9
87,removed,25,4
87,removed,26,10
87,removed,27,7
87,removed,28,10
87,removed,29,13
87,removed,30,15
87,removed,31,14
87,removed,32,23
87,removed,33,11
87,removed,34,14
87,removed,35,14
87,removed,36,21
87,removed,37,13
87,removed,38,16
87,removed,39,20
87,removed,40,73
87,removed,41,107
87,removed,42,140
87,removed,43,324
87,removed,44,443
87,removed,45,364
87,removed,46,155
87,removed,47,193
87,removed,48,133
87,removed,49,109
87,removed,50,25
87,removed,51,4
87,removed,52,2
87,removed,53,8
87,removed,54,2
87,removed,55,2
87,removed,56,2
87,removed,57,1
87,removed,58,2
87,removed,59,1
87,removed,60,2
87,removed,61,0
87,removed,62,1
87,removed,63,5
87,removed,64,3
87,removed,65,1
87,removed,66,1
87,removed,67,4
87,removed,68,2
87,removed,69,3
87,removed,70,2
87,removed,71,1
87,removed,72,0
87,removed,73,0
87,removed,74,2
87,removed,75,1
87,removed,76,1
87,removed,77,1
87,removed,78,2
87,removed,79,2
87,removed,80,1
87,removed,81,2
87,removed,82,1
87,removed,83,33
87,removed,84,18
87,removed,85,11
87,removed,86,0
87,live,0,0
87,live,1,35312
87,live,2,22602
87,live,3,17770
87,live,4,9560
87,live,5,7220
87,live,6,5004
87,live,7,3409
87,live,8,1559
87,live,9,345
87,live,10,171
87,live,11,90
87,live,12,35
87,live,13,35
87,live,14,30
87,live,15,28
87,live,16,31
87,live,17,31
87,live,18,35
87,live,19,28
87,live,20,36
87,live,21,37
87,live,22,38
87,live,23,50
87,live,24,39
87,live,25,46
87,live,26,52
87,live,27,64
87,live,28,57
87,live,29,65
87,live,30,92
87,live,31,98
87,live,32,98
87,live,33,89
87,live,34,137
87,live,35,110
87,live,36,162
87,live,37,120
87,live,38,132
87,live,39,99
87,live,40,91
87,live,41,458
87,live,42,706
87,live,43,936
87,live,44,1482
87,live,45,2569
87,live,46,2858
87,live,47,1270
87,live,48,1979
87,live,49,1206
87,live,50,615
87,live,51,194
87,live,52,73
87,live,53,60
87,live,54,33
87,live,55,15
87,live,56,13
87,live,57,8
87,live,58,5
87,live,59,14
87,live,60,5
87,live,61,6
87,live,62,7
87,live,63,7
87,live,64,8
87,live,65,6
87,live,66,9
87,live,67,9
87,live,68,7
87,live,69,13
87,live,70,13
87,live,71,2
87,live,72,4
87,live,73,4
87,live,74,4
87,live,75,7
87,live,76,7
87,live,77,6
87,live,78,12
87,live,79,4
87,live,80,3
87,live,81,11
87,live,82,19
87,live,83,16
87,live,84,146
87,live,85,171
87,live,86,114
87,live,87,2
88,removed,0,15628
88,removed,1,12917
88,removed,2,4949
88,removed,3,2790
88,removed,4,1187
88,removed,5,704
88,removed,6,173
88,removed,7,289
88,removed,8,150
88,removed,9,48
88,removed,10,16
88,removed,11,9
88,removed,12,5
88,removed,13,1
88,removed,14,1
88,removed,15,3
88,removed,16,3
88,removed,17,3
88,removed,18,4
88,removed,19,3
88,removed,20,4
88,removed,21,2
88,removed,22,2
88,removed,23,3
88,removed,24,2
88,removed,25,3
88,removed,26,4
88,removed,27,3
88,removed,28,1
88,removed,29,10
88,removed,30,2
88,removed,31,4
88,removed,32,4
88,removed,33,9
88,removed,34,5
88,removed,35,7
88,removed,36,15
88,removed,37,7
88,removed,38,10
88,removed,39,8
88,removed,40,9
88,removed,41,55
88,removed,42,95
88,removed,43,120
88,removed,44,98
88,removed,45,68
88,removed,46,59
88,removed,47,57
88,removed,48,18
88,removed,49,11
88,removed,50,3
88,removed,51,6
88,removed,52,2
88,removed,53,2
88,removed,54,0
88,removed,55,0
88,removed,56,0
88,removed,57,1
88,removed,58,0
88,removed,59,0
88,removed,60,0
88,removed,61,0
88,removed,62,0
88,removed,63,0
88,removed,64,0
88,removed,65,0
88,removed,66,0
88,removed,67,0
88,removed,68,1
88,removed,69,1
88,removed,70,0
88,removed,71,0
88,removed,72,0
88,removed,73,0
88,removed,74,0
88,removed,75,0
88,removed,76,0
88,removed,77,0
88,removed,78,0
88,removed,79,0
88,removed,80,0
88,removed,81,1
88,removed,82,1
88,removed,83,0
88,removed,84,3
88,removed,85,1
88,removed,86,0
88,removed,87,0
88,live,0,0
88,live,1,35536
88,live,2,22395
88,live,3,17653
88,live,4,14980
88,live,5,8373
88,live,6,6516
88,live,7,4831
88,live,8,3120
88,live,9,1409
88,live,10,297
88,live,11,155
88,live,12,81
88,live,13,30
88,live,14,34
88,live,15,29
88,live,16,25
88,live,17,28
88,live,18,28
88,live,19,31
88,live,20,25
88,live,21,32
88,live,22,35
88,live,23,36
88,live,24,47
88,live,25,37
88,live,26,43
88,live,27,48
88,live,28,61
88,live,29,56
88,live,30,55
88,live,31,90
88,live,32,94
88,live,33,94
88,live,34,80
88,live,35,132
88,live,36,103
88,live,37,147
88,live,38,113
88,live,39,122
88,live,40,91
88,live,41,82
88,live,42,403
88,live,43,611
88,live,44,816
88,live,45,1384
88,live,46,2501
88,live,47,2799
88,live,48,1213
88,live,49,1961
88,live,50,1195
88,live,51,612
88,live,52,188
88,live,53,71
88,live,54,58
88,live,55,33
88,live,56,15
88,live,57,13
88,live,58,7
88,live,59,5
88,live,60,14
88,live,61,5
88,live,62,6
88,live,63,7
88,live,64,7
88,live,65,8
88,live,66,6
88,live,67,9
88,live,68,9
88,live,69,6
88,live,70,12
88,live,71,13
88,live,72,2
88,live,73,4
88,live,74,4
88,live,75,4
88,live,76,7
88,live,77,7
88,live,78,6
88,live,79,12
88,live,80,4
88,live,81,3
88,live,82,10
88,live,83,18
88,live,84,16
88,live,85,143
88,live,86,170
88,live,87,114
88,live,88,2
89,removed,0,15324
89,removed,1,11790
89,removed,2,5494
89,removed,3,2246
89,removed,4,928
89,removed,5,505
89,removed,6,303
89,removed,7,171
89,removed,8,86
89,removed,9,63
89,removed,10,37
89,removed,11,25
89,removed,12,7
89,removed,13,0
89,removed,14,0
89,removed,15,2
89,removed,16,0
89,removed,17,0
89,removed,18,1
89,removed,19,0
89,removed,20,0
89,removed,21,0
89,removed,22,1
89,removed,23,1
89,removed,24,1
89,removed,25,1
89,removed,26,2
89,removed,27,1
89,removed,28,1
89,removed,29,2
89,removed,30,0
89,removed,31,1
89,removed,32,0
89,removed,33,3
89,removed,34,1
89,removed,35,2
89,removed,36,5
89,removed,37,2
89,removed,38,3
89,removed,39,0
89,removed,40,2
89,removed,41,0
89,removed,42,47
89,removed,43,21
89,removed,44,49
89,removed,45,44
89,removed,46,35
89,removed,47,19
89,removed,48,22
89,removed,49,8
89,removed,50,7
89,removed,51,3
89,removed,52,0
89,removed,53,3
89,removed,54,0
89,removed,55,2
89,removed,56,0
89,removed,57,0
89,removed,58,0
89,removed,59,0
89,removed,60,0
89,removed,61,0
89,removed,62,0
89,removed,63,0
89,removed,64,0
89,removed,65,0
89,removed,66,0
89,removed,67,0
89,removed,68,0
89,removed,69,0
89,removed,70,0
89,removed,71,0
89,removed,72,0
89,removed,73,0
89,removed,74,0
89,removed,75,0
89,removed,76,0
89,removed,77,0
89,removed,78,1
89,removed,79,0
89,removed,80,0
89,removed,81,0
89,removed,82,0
89,removed,83,0
89,removed,84,0
89,removed,85,2
89,removed,86,0
89,removed,87,0
89,removed,88,0
89,live,0,0
89,live,1,35855
89,live,2,23746
89,live,3,16901
89,live,4,15407
89,live,5,14052
89,live,6,7868
89,live,7,6213
89,live,8,4660
89,live,9,3034
89,live,10,1346
89,live,11,260
89,live,12,130
89,live,13,74
89,live,14,30
89,live,15,34
89,live,16,27
89,live,17,25
89,live,18,28
89,live,19,27
89,live,20,31
89,live,21,25
89,live,22,32
89,live,23,34
89,live,24,35
89,live,25,46
89,live,26,36
89,live,27,41
89,live,28,47
89,live,29,60
89,live,30,54
89,live,31,55
89,live,32,89
89,live,33,94
89,live,34,91
89,live,35,79
89,live,36,130
89,live,37,98
89,live,38,145
89,live,39,110
89,live,40,122
89,live,41,89
89,live,42,82
89,live,43,356
89,live,44,590
89,live,45,767
89,live,46,1340
89,live,47,2466
89,live,48,2780
89,live,49,1191
89,live,50,1953
89,live,51,1188
89,live,52,609
89,live,53,188
89,live,54,68
89,live,55,58
89,live,56,31
89,live,57,15
89,live,58,13
89,live,59,7
89,live,60,5
89,live,61,14
89,live,62,5
89,live,63,6
89,live,64,7
89,live,65,7
89,live,66,8
89,live,67,6
89,live,68,9
89,live,69,9
89,live,70,6
89,live,71,12
89,live,72,13
89,live,73,2
89,live,74,4
89,live,75,4
89,live,76,4
89,live,77,7
89,live,78,7
89,live,79,5
89,live,80,12
89,live,81,4
89,live,82,3
89,live,83,10
89,live,84,18
89,live,85,16
89,live,86,141
89,live,87,170
89,live,88,114
89,live,89,2
90,removed,0,16690
90,removed,1,13812
90,removed,2,5590
90,removed,3,3660
90,removed,4,1389
90,removed,5,638
90,removed,6,414
90,removed,7,214
90,removed,8,115
90,removed,9,87
90,removed,10,60
90,removed,11,18
90,removed,12,8
90,removed,13,2
90,removed,14,1
90,removed,15,2
90,removed,16,0
90,removed,17,0
90,removed,18,0
90,removed,19,0
90,removed,20,1
90,removed,21,2
90,removed,22,1
90,removed,23,0
90,removed,24,1
90,removed,25,1
90,removed,26,0
90,removed,27,0
90,removed,28,0
90,removed,29,0
90,removed,30,0
90,removed,31,2
90,removed,32,1
90,removed,33,5
90,removed,34,1
90,removed,35,1
90,removed,36,0
90,removed,37,1
90,removed,38,5
90,removed,39,3
90,removed,40,6
90,removed,41,0
90,removed,42,1
90,removed,43,39
90,removed,44,14
90,removed,45,61
90,removed,46,53
90,removed,47,46
90,removed,48,22
90,removed,49,11
90,removed,50,4
90,removed,51,2
90,removed,52,1
90,removed,53,1
90,removed,54,0
90,removed,55,0
90,removed,56,0
90,removed,57,0
90,removed,58,0
90,removed,59,0
90,removed,60,0
90,removed,61,0
90,removed,62,0
90,removed,63,0
90,removed,64,0
90,removed,65,0
90,removed,66,0
90,removed,67,0
90,removed,68,0
90,removed,69,0
90,removed,70,0
90,removed,71,0
90,removed,72,0
90,removed,73,0
90,removed,74,1
90,removed,75,0
90,removed,76,0
90,removed,77,0
90,removed,78,0
90,removed,79,0
90,removed,80,0
90,removed,81,0
90,removed,82,0
90,removed,83,0
90,removed,84,0
90,removed,85,0
90,removed,86,3
90,removed,87,0
90,removed,88,0
90,removed,89,0
90,live,0,0
90,live,1,34483
90,live,2,22043
90,live,3,18156
90,live,4,13241
90,live,5,14018
90,live,6,13414
90,live,7,7454
90,live,8,5999
90,live,9,4545
90,live,10,2947
90,live,11,1286
90,live,12,242
90,live,13,122
90,live,14,72
90,live,15,29
90,live,16,32
90,live,17,27
90,live,18,25
90,live,19,28
90,live,20,27
90,live,21,30
90,live,22,23
90,live,23,31
90,live,24,34
90,live,25,34
90,live,26,45
90,live,27,36
90,live,28,41
90,live,29,47
90,live,30,60
90,live,31,54
90,live,32,53
90,live,33,88
90,live,34,89
90,live,35,90
90,live,36,78
90,live,37,130
90,live,38,97
90,live,39,140
90,live,40,107
90,live,41,116
90,live,42,89
90,live,43,81
90,live,44,317
90,live,45,576
90,live,46,706
90,live,47,1287
90,live,48,2420
90,live,49,2758
90,live,50,1180
90,live,51,1949
90,live,52,1186
90,live,53,608
90,live,54,187
90,live,55,68
90,live,56,58
90,live,57,31
90,live,58,15
90,live,59,13
90,live,60,7
90,live,61,5
90,live,62,14
90,live,63,5
90,live,64,6
90,live,65,7
90,live,66,7
90,live,67,8
90,live,68,6
90,live,69,9
90,live,70,9
90,live,71,6
90,live,72,12
90,live,73,13
90,live,74,2
90,live,75,3
90,live,76,4
90,live,77,4
90,live,78,7
90,live,79,7
90,live,80,5
90,live,81,12
90,live,82,4
90,live,83,3
90,live,84,10
90,live,85,18
90,live,86,16
90,live,87,138
90,live,88,170
90,live,89,114
90,live,90,2
91,removed,0,16750
91,removed,1,14066
91,removed,2,5492
91,removed,3,4349
91,removed,4,2171
91,removed,5,927
91,removed,6,391
91,removed,7,275
91,removed,8,160
91,removed,9,91
91,removed,10,49
91,removed,11,38
91,removed,12,20
91,removed,13,14
91,removed,14,6
91,removed,15,0
91,removed,16,0
91,removed,17,0
91,removed,18,0
91,removed,19,0
91,removed,20,1
91,removed,21,1
91,removed,22,0
91,removed,23,0
91,removed,24,0
91,removed,25,0
91,removed,26,2
91,removed,27,2
91,removed,28,3
91,removed,29,4
91,removed,30,12
91,removed,31,11
91,removed,32,3
91,removed,33,0
91,removed,34,1
91,removed,35,5
91,removed,36,4
91,removed,37,8
91,removed,38,2
91,removed,39,1
91,removed,40,1
91,removed,41,1
91,removed,42,0
91,removed,43,6
91,removed,44,48
91,removed,45,19
91,removed,46,33
91,removed,47,41
91,removed,48,15
91,removed,49,11
91,removed,50,16
91,removed,51,10
91,removed,52,1
91,removed,53,0
91,removed,54,1
91,removed,55,0
91,removed,56,0
91,removed,57,0
91,removed,58,0
91,removed,59,0
91,removed,60,0
91,removed,61,0
91,removed,62,0
91,removed,63,0
91,removed,64,0
91,removed,65,0
91,removed,66,0
91,removed,67,0
91,removed,68,0
91,removed,69,0
91,removed,70,0
91,removed,71,0
91,removed,72,0
91,removed,73,0
91,removed,74,0
91,removed,75,0
91,removed,76,0
91,removed,77,0
91,removed,78,0
91,removed,79,0
91,removed,80,0
91,removed,81,0
91,removed,82,0
91,removed,83,0
91,removed,84,0
91,removed,85,0
91,removed,86,0
91,removed,87,0
91,removed,88,0
91,removed,89,0
91,removed,90,0
91,live,0,0
91,live,1,34430
91,live,2,20417
91,live,3,16551
91,live,4,13807
91,live,5,11070
91,live,6,13091
91,live,7,13023
91,live,8,7179
91,live,9,5839
91,live,10,4454
91,live,11,2898
91,live,12,1248
91,live,13,222
91,live,14,108
91,live,15,66
91,live,16,29
91,live,17,32
91,live,18,27
91,live,19,25
91,live,20,28
91,live,21,26
91,live,22,29
91,live,23,23
91,live,24,31
91,live,25,34
91,live,26,34
91,live,27,43
91,live,28,34
91,live,29,38
91,live,30,43
91,live,31,48
91,live,32,43
91,live,33,50
91,live,34,88
91,live,35,88
91,live,36,85
91,live,37,74
91,live,38,122
91,live,39,95
91,live,40,139
91,live,41,106
91,live,42,115
91,live,43,89
91,live,44,75
91,live,45,269
91,live,46,557
91,live,47,673
91,live,48,1246
91,live,49,2405
91,live,50,2747
91,live,51,1164
91,live,52,1939
91,live,53,1185
91,live,54,608
91,live,55,186
91,live,56,68
91,live,57,58
91,live,58,31
91,live,59,15
91,live,60,13
91,live,61,7
91,live,62,5
91,live,63,14
91,live,64,5
91,live,65,6
91,live,66,7
91,live,67,7
91,live,68,8
91,live,69,6
91,live,70,9
91,live,71,9
91,live,72,6
91,live,73,12
91,live,74,13
91,live,75,2
91,live,76,3
91,live,77,4
91,live,78,4
91,live,79,7
91,live,80,7
91,live,81,5
91,live,82,12
91,live,83,4
91,live,84,3
91,live,85,10
91,live,86,18
91,live,87,16
91,live,88,138
91,live,89,170
91,live,90,114
91,live,91,2
92,removed,0,21156
92,removed,1,14008
92,removed,2,5913
92,removed,3,4299
92,removed,4,2273
92,removed,5,1210
92,removed,6,487
92,removed,7,413
92,removed,8,139
92,removed,9,134
92,removed,10,57
92,removed,11,45
92,removed,12,6
92,removed,13,11
92,removed,14,6
92,removed,15,4
92,removed,16,0
92,removed,17,0
92,removed,18,1
92,removed,19,0
92,removed,20,0
92,removed,21,0
92,removed,22,0
92,removed,23,0
92,removed,24,0
92,removed,25,0
92,removed,26,1
92,removed,27,1
92,removed,28,0
92,removed,29,0
92,removed,30,0
92,removed,31,0
92,removed,32,0
92,removed,33,0
92,removed,34,0
92,removed,35,0
92,removed,36,0
92,removed,37,0
92,removed,38,1
92,removed,39,0
92,removed,40,0
92,removed,41,0
92,removed,42,0
92,removed,43,0
92,removed,44,1
92,removed,45,4
92,removed,46,5
92,removed,47,8
92,removed,48,2
92,removed,49,4
92,removed,50,4
92,removed,51,8
92,removed,52,0
92,removed,53,3
92,removed,54,3
92,removed,55,0
92,removed,56,0
92,removed,57,0
92,removed,58,0
92,removed,59,0
92,removed,60,0
92,removed,61,0
92,removed,62,0
92,removed,63,0
92,removed,64,0
92,removed,65,0
92,removed,66,0
92,removed,67,0
92,removed,68,0
92,removed,69,0
92,removed,70,0
92,removed,71,0
92,removed,72,0
92,removed,73,0
92,removed,74,0
92,removed,75,0
92,removed,76,0
92,removed,77,0
92,removed,78,0
92,removed,79,0
92,removed,80,0
92,removed,81,0
92,removed,82,0
92,removed,83,0
92,removed,84,0
92,removed,85,0
92,removed,86,0
92,removed,87,0
92,removed,88,0
92,removed,89,1
92,removed,90,0
92,removed,91,0
92,live,0,0
92,live,1,30552
92,live,2,20422
92,live,3,14504
92,live,4,12252
92,live,5,11534
92,live,6,9860
92,live,7,12604
92,live,8,12610
92,live,9,7040
92,live,10,5705
92,live,11,4397
92,live,12,2853
92,live,13,1242
92,live,14,211
92,live,15,102
92,live,16,62
92,live,17,29
92,live,18,32
92,live,19,26
92,live,20,25
92,live,21,28
92,live,22,26
92,live,23,29
92,live,24,23
92,live,25,31
92,live,26,34
92,live,27,33
92,live,28,42
92,live,29,34
92,live,30,38
92,live,31,43
92,live,32,48
92,live,33,43
92,live,34,50
92,live,35,88
92,live,36,88
92,live,37,85
92,live,38,74
92,live,39,121
92,live,40,95
92,live,41,139
92,live,42,106
92,live,43,115
92,live,44,89
92,live,45,74
92,live,46,265
92,live,47,552
92,live,48,665
92,live,49,1244
92,live,50,2401
92,live,51,2743
92,live,52,1156
92,live,53,1939
92,live,54,1182
92,live,55,605
92,live,56,186
92,live,57,68
92,live,58,58
92,live,59,31
92,live,60,15
92,live,61,13
92,live,62,7
92,live,63,5
92,live,64,14
92,live,65,5
92,live,66,6
92,live,67,7
92,live,68,7
92,live,69,8
92,live,70,6
92,live,71,9
92,live,72,9
92,live,73,6
92,live,74,12
92,live,75,13
92,live,76,2
92,live,77,3
92,live,78,4
92,live,79,4
92,live,80,7
92,live,81,7
92,live,82,5
92,live,83,12
92,live,84,4
92,live,85,3
92,live,86,10
92,live,87,18
92,live,88,16
92,live,89,138
92,live,90,169
92,live,91,114
92,live,92,2
93,removed,0,22061
93,removed,1,11332
93,removed,2,6376
93,removed,3,3548
93,removed,4,2075
93,removed,5,1458
93,removed,6,745
93,removed,7,373
93,removed,8,342
93,removed,9,58
93,removed,10,165
93,removed,11,37
93,removed,12,31
93,removed,13,10
93,removed,14,1
93,removed,15,6
93,removed,16,3
93,removed,17,0
93,removed,18,0
93,removed,19,0
93,removed,20,0
93,removed,21,0
93,removed,22,1
93,removed,23,0
93,removed,24,0
93,removed,25,0
93,removed,26,0
93,removed,27,0
93,removed,28,0
93,removed,29,1
93,removed,30,0
93,removed,31,0
93,removed,32,1
93,removed,33,6
93,removed,34,2
93,removed,35,0
93,removed,36,0
93,removed,37,0
93,removed,38,0
93,removed,39,1
93,removed,40,1
93,removed,41,0
93,removed,42,1
93,removed,43,0
93,removed,44,1
93,removed,45,1
93,removed,46,20
93,removed,47,0
93,removed,48,18
93,removed,49,5
93,removed,50,53
93,removed,51,3
93,removed,52,29
93,removed,53,10
93,removed,54,14
93,removed,55,4
93,removed,56,0
93,removed,57,1
93,removed,58,1
93,removed,59,0
93,removed,60,0
93,removed,61,0
93,removed,62,0
93,removed,63,0
93,removed,64,0
93,removed,65,0
93,removed,66,0
93,removed,67,0
93,removed,68,0
93,removed,69,0
93,removed,70,0
93,removed,71,0
93,removed,72,0
93,removed,73,0
93,removed,74,0
93,removed,75,0
93,removed,76,0
93,removed,77,0
93,removed,78,0
93,removed,79,0
93,removed,80,0
93,removed,81,0
93,removed,82,0
93,removed,83,0
93,removed,84,0
93,removed,85,0
93,removed,86,0
93,removed,87,0
93,removed,88,0
93,removed,89,0
93,removed,90,3
93,removed,91,0
93,removed,92,0
93,live,0,0
93,live,1,29594
93,live,2,19220
93,live,3,14046
93,live,4,10956
93,live,5,10177
93,live,6,10076
93,live,7,9115
93,live,8,12231
93,live,9,12268
93,live,10,6982
93,live,11,5540
93,live,12,4360
93,live,13,2822
93,live,14,1232
93,live,15,210
93,live,16,96
93,live,17,59
93,live,18,29
93,live,19,32
93,live,20,26
93,live,21,25
93,live,22,28
93,live,23,25
93,live,24,29
93,live,25,23
93,live,26,31
93,live,27,34
93,live,28,33
93,live,29,42
93,live,30,33
93,live,31,38
93,live,32,43
93,live,33,47
93,live,34,37
93,live,35,48
93,live,36,88
93,live,37,88
93,live,38,85
93,live,39,74
93,live,40,120
93,live,41,94
93,live,42,139
93,live,43,105
93,live,44,115
93,live,45,88
93,live,46,73
93,live,47,245
93,live,48,552
93,live,49,647
93,live,50,1239
93,live,51,2348
93,live,52,2740
93,live,53,1127
93,live,54,1929
93,live,55,1168
93,live,56,601
93,live,57,186
93,live,58,67
93,live,59,57
93,live,60,31
93,live,61,15
93,live,62,13
93,live,63,7
93,live,64,5
93,live,65,14
93,live,66,5
93,live,67,6
93,live,68,7
93,live,69,7
93,live,70,8
93,live,71,6
93,live,72,9
93,live,73,9
93,live,74,6
93,live,75,12
93,live,76,13
93,live,77,2
93,live,78,3
93,live,79,4
93,live,80,4
93,live,81,7
93,live,82,7
93,live,83,5
93,live,84,12
93,live,85,4
93,live,86,3
93,live,87,10
93,live,88,18
93,live,89,16
93,live,90,138
93,live,91,166
93,live,92,114
93,live,93,2
94,removed,0,22408
94,removed,1,11968
94,removed,2,5598
94,removed,3,2758
94,removed,4,2164
94,removed,5,1250
94,removed,6,914
94,removed,7,610
94,removed,8,259
94,removed,9,370
94,removed,10,41
94,removed,11,123
94,removed,12,21
94,removed,13,10
94,removed,14,10
94,removed,15,1
94,removed,16,1
94,removed,17,2
94,removed,18,0
94,removed,19,0
94,removed,20,1
94,removed,21,0
94,removed,22,0
94,removed,23,0
94,removed,24,1
94,removed,25,0
94,removed,26,0
94,removed,27,0
94,removed,28,0
94,removed,29,2
94,removed,30,0
94,removed,31,1
94,removed,32,0
94,removed,33,0
94,removed,34,0
94,removed,35,0
94,removed,36,0
94,removed,37,0
94,removed,38,0
94,removed,39,1
94,removed,40,0
94,removed,41,1
94,removed,42,0
94,removed,43,0
94,removed,44,0
94,removed,45,0
94,removed,46,0
94,removed,47,2
94,removed,48,6
94,removed,49,1
94,removed,50,4
94,removed,51,29
94,removed,52,13
94,removed,53,4
94,removed,54,6
94,removed,55,9
94,removed,56,6
94,removed,57,0
94,removed,58,0
94,removed,59,0
94,removed,60,0
94,removed,61,0
94,removed,62,0
94,removed,63,0
94,removed,64,0
94,removed,65,0
94,removed,66,0
94,removed,67,0
94,removed,68,0
94,removed,69,0
94,removed,70,0
94,removed,71,0
94,removed,72,0
94,removed,73,0
94,removed,74,0
94,removed,75,0
94,removed,76,0
94,removed,77,0
94,removed,78,0
94,removed,79,0
94,removed,80,0
94,removed,81,0
94,removed,82,0
94,removed,83,0
94,removed,84,0
94,removed,85,0
94,removed,86,0
94,removed,87,0
94,removed,88,0
94,removed,89,0
94,removed,90,0
94,removed,91,0
94,removed,92,0
94,removed,93,0
94,live,0,0
94,live,1,29258
94,live,2,17626
94,live,3,13622
94,live,4,11288
94,live,5,8792
94,live,6,8927
94,live,7,9162
94,live,8,8505
94,live,9,11972
94,live,10,11898
94,live,11,6941
94,live,12,5417
94,live,13,4339
94,live,14,2812
94,live,15,1222
94,live,16,209
94,live,17,95
94,live,18,57
94,live,19,29
94,live,20,32
94,live,21,25
94,live,22,25
94,live,23,28
94,live,24,25
94,live,25,28
94,live,26,23
94,live,27,31
94,live,28,34
94,live,29,33
94,live,30,40
94,live,31,33
94,live,32,37
94,live,33,43
94,live,34,47
94,live,35,37
94,live,36,48
94,live,37,88
94,live,38,88
94,live,39,85
94,live,40,73
94,live,41,120
94,live,42,93
94,live,43,139
94,live,44,105
94,live,45,115
94,live,46,88
94,live,47,73
94,live,48,243
94,live,49,546
94,live,50,646
94,live,51,1235
94,live,52,2319
94,live,53,2727
94,live,54,1123
94,live,55,1923
94,live,56,1159
94,live,57,595
94,live,58,186
94,live,59,67
94,live,60,57
94,live,61,31
94,live,62,15
94,live,63,13
94,live,64,7
94,live,65,5
94,live,66,14
94,live,67,5
94,live,68,6
94,live,69,7
94,live,70,7
94,live,71,8
94,live,72,6
94,live,73,9
94,live,74,9
94,live,75,6
94,live,76,12
94,live,77,13
94,live,78,2
94,live,79,3
94,live,80,4
94,live,81,4
94,live,82,7
94,live,83,7
94,live,84,5
94,live,85,12
94,live,86,4
94,live,87,3
94,live,88,10
94,live,89,18
94,live,90,16
94,live,91,138
94,live,92,166
94,live,93,114
94,live,94,2
95,removed,0,22620
95,removed,1,11976
95,removed,2,5499
95,removed,3,2680
95,removed,4,1852
95,removed,5,1406
95,removed,6,844
95,removed,7,597
95,removed,8,362
95,removed,9,165
95,removed,10,78
95,removed,11,41
95,removed,12,3
95,removed,13,3
95,removed,14,6
95,removed,15,0
95,removed,16,0
95,removed,17,0
95,removed,18,0
95,removed,19,0
95,removed,20,0
95,removed,21,0
95,removed,22,0
95,removed,23,0
95,removed,24,0
95,removed,25,1
95,removed,26,0
95,removed,27,0
95,removed,28,0
95,removed,29,0
95,removed,30,0
95,removed,31,0
95,removed,32,0
95,removed,33,0
95,removed,34,0
95,removed,35,0
95,removed,36,0
95,removed,37,0
95,removed,38,0
95,removed,39,0
95,removed,40,0
95,removed,41,0
95,removed,42,0
95,removed,43,0
95,removed,44,0
95,removed,45,0
95,removed,46,0
95,removed,47,0
95,removed,48,0
95,removed,49,0
95,removed,50,0
95,removed,51,0
95,removed,52,2
95,removed,53,0
95,removed,54,1
95,removed,55,1
95,removed,56,0
95,removed,57,0
95,removed,58,0
95,removed,59,0
95,removed,60,0
95,removed,61,0
95,removed,62,0
95,removed,63,0
95,removed,64,0
95,removed,65,0
95,removed,66,0
95,removed,67,0
95,removed,68,0
95,removed,69,0
95,removed,70,0
95,removed,71,0
95,removed,72,0
95,removed,73,0
95,removed,74,0
95,removed,75,0
95,removed,76,0
95,removed,77,0
95,removed,78,0
95,removed,79,0
95,removed,80,0
95,removed,81,0
95,removed,82,0
95,removed,83,0
95,removed,84,0
95,removed,85,0
95,removed,86,0
95,removed,87,0
95,removed,88,0
95,removed,89,0
95,removed,90,0
95,removed,91,1
95,removed,92,1
95,removed,93,0
95,removed,94,0
95,live,0,0
95,live,1,29029
95,live,2,17282
95,live,3,12127
95,live,4,10942
95,live,5,9436
95,live,6,7386
95,live,7,8083
95,live,8,8565
95,live,9,8143
95,live,10,11807
95,live,11,11820
95,live,12,6900
95,live,13,5414
95,live,14,4336
95,live,15,2806
95,live,16,1222
95,live,17,209
95,live,18,95
95,live,19,57
95,live,20,29
95,live,21,32
95,live,22,25
95,live,23,25
95,live,24,28
95,live,25,25
95,live,26,27
95,live,27,23
95,live,28,31
95,live,29,34
95,live,30,33
95,live,31,40
95,live,32,33
95,live,33,37
95,live,34,43
95,live,35,47
95,live,36,37
95,live,37,48
95,live,38,88
95,live,39,88
95,live,40,85
95,live,41,73
95,live,42,120
95,live,43,93
95,live,44,139
95,live,45,105
95,live,46,115
95,live,47,88
95,live,48,73
95,live,49,243
95,live,50,546
95,live,51,646
95,live,52,1235
95,live,53,2317
95,live,54,2727
95,live,55,1122
95,live,56,1922
95,live,57,1159
95,live,58,595
95,live,59,186
95,live,60,67
95,live,61,57
95,live,62,31
95,live,63,15
95,live,64,13
95,live,65,7
95,live,66,5
95,live,67,14
95,live,68,5
95,live,69,6
95,live,70,7
95,live,71,7
95,live,72,8
95,live,73,6
95,live,74,9
95,live,75,9
95,live,76,6
95,live,77,12
95,live,78,13
95,live,79,2
95,live,80,3
95,live,81,4
95,live,82,4
95,live,83,7
95,live,84,7
95,live,85,5
95,live,86,12
95,live,87,4
95,live,88,3
95,live,89,10
95,live,90,18
95,live,91,16
95,live,92,137
95,live,93,165
95,live,94,114
95,live,95,2
96,removed,0,23286
96,removed,1,12000
96,removed,2,5815
96,removed,3,3094
96,removed,4,1838
96,removed,5,1459
96,removed,6,1038
96,removed,7,732
96,removed,8,490
96,removed,9,331
96,removed,10,119
96,removed,11,69
96,removed,12,17
96,removed,13,29
96,removed,14,25
96,removed,15,19
96,removed,16,0
96,removed,17,0
96,removed,18,0
96,removed,19,0
96,removed,20,0
96,removed,21,0
96,removed,22,0
96,removed,23,0
96,removed,24,0
96,removed,25,0
96,removed,26,0
96,removed,27,0
96,removed,28,0
96,removed,29,0
96,removed,30,0
96,removed,31,0
96,removed,32,0
96,removed,33,0
96,removed,34,0
96,removed,35,0
96,removed,36,0
96,removed,37,0
96,removed,38,0
96,removed,39,0
96,removed,40,0
96,removed,41,0
96,removed,42,0
96,removed,43,0
96,removed,44,0
96,removed,45,0
96,removed,46,0
96,removed,47,0
96,removed,48,0
96,removed,49,3
96,removed,50,1
96,removed,51,0
96,removed,52,1
96,removed,53,25
96,removed,54,5
96,removed,55,18
96,removed,56,9
96,removed,57,7
96,removed,58,8
96,removed,59,2
96,removed,60,0
96,removed,61,1
96,removed,62,0
96,removed,63,0
96,removed,64,0
96,removed,65,0
96,removed,66,0
96,removed,67,0
96,removed,68,0
96,removed,69,0
96,removed,70,0
96,removed,71,0
96,removed,72,0
96,removed,73,0
96,removed,74,0
96,removed,75,0
96,removed,76,0
96,removed,77,0
96,removed,78,0
96,removed,79,0
96,removed,80,0
96,removed,81,0
96,removed,82,0
96,removed,83,0
96,removed,84,0
96,removed,85,0
96,removed,86,0
96,removed,87,0
96,removed,88,0
96,removed,89,0
96,removed,90,0
96,removed,91,0
96,removed,92,3
96,removed,93,2
96,removed,94,1
96,removed,95,0
96,live,0,0
96,live,1,28379
96,live,2,17029
96,live,3,11467
96,live,4,9033
96,live,5,9104
96,live,6,7977
96,live,7,6348
96,live,8,7351
96,live,9,8075
96,live,10,7812
96,live,11,11688
96,live,12,11751
96,live,13,6883
96,live,14,5385
96,live,15,4311
96,live,16,2787
96,live,17,1222
96,live,18,209
96,live,19,95
96,live,20,57
96,live,21,29
96,live,22,32
96,live,23,25
96,live,24,25
96,live,25,28
96,live,26,25
96,live,27,27
96,live,28,23
96,live,29,31
96,live,30,34
96,live,31,33
96,live,32,40
96,live,33,33
96,live,34,37
96,live,35,43
96,live,36,47
96,live,37,37
96,live,38,48
96,live,39,88
96,live,40,88
96,live,41,85
96,live,42,73
96,live,43,120
96,live,44,93
96,live,45,139
96,live,46,105
96,live,47,115
96,live,48,88
96,live,49,73
96,live,50,240
96,live,51,545
96,live,52,646
96,live,53,1234
96,live,54,2292
96,live,55,2722
96,live,56,1104
96,live,57,1913
96,live,58,1152
96,live,59,587
96,live,60,184
96,live,61,67
96,live,62,56
96,live,63,31
96,live,64,15
96,live,65,13
96,live,66,7
96,live,67,5
96,live,68,14
96,live,69,5
96,live,70,6
96,live,71,7
96,live,72,7
96,live,73,8
96,live,74,6
96,live,75,9
96,live,76,9
96,live,77,6
96,live,78,12
96,live,79,13
96,live,80,2
96,live,81,3
96,live,82,4
96,live,83,4
96,live,84,7
96,live,85,7
96,live,86,5
96,live,87,12
96,live,88,4
96,live,89,3
96,live,90,10
96,live,91,18
96,live,92,16
96,live,93,134
96,live,94,163
96,live,95,113
96,live,96,2
97,removed,0,23043
97,removed,1,12270
97,removed,2,5750
97,removed,3,2959
97,removed,4,2052
97,removed,5,1309
97,removed,6,1218
97,removed,7,769
97,removed,8,998
97,removed,9,401
97,removed,10,479
97,removed,11,254
97,removed,12,136
97,removed,13,61
97,removed,14,52
97,removed,15,12
97,removed,16,32
97,removed,17,13
97,removed,18,7
97,removed,19,0
97,removed,20,0
97,removed,21,1
97,removed,22,0
97,removed,23,0
97,removed,24,0
97,removed,25,0
97,removed,26,0
97,removed,27,0
97,removed,28,0
97,removed,29,0
97,removed,30,0
97,removed,31,0
97,removed,32,0
97,removed,33,0
97,removed,34,0
97,removed,35,0
97,removed,36,0
97,removed,37,0
97,removed,38,0
97,removed,39,0
97,removed,40,2
97,removed,41,0
97,removed,42,0
97,removed,43,0
97,removed,44,0
97,removed,45,0
97,removed,46,0
97,removed,47,0
97,removed,48,0
97,removed,49,0
97,removed,50,5
97,removed,51,10
97,removed,52,4
97,removed,53,23
97,removed,54,19
97,removed,55,5
97,removed,56,7
97,removed,57,2
97,removed,58,7
97,removed,59,4
97,removed,60,1
97,removed,61,0
97,removed,62,0
97,removed,63,0
97,removed,64,0
97,removed,65,0
97,removed,66,0
97,removed,67,0
97,removed,68,0
97,removed,69,0
97,removed,70,0
97,removed,71,0
97,removed,72,0
97,removed,73,0
97,removed,74,0
97,removed,75,0
97,removed,76,0
97,removed,77,0
97,removed,78,0
97,removed,79,0
97,removed,80,0
97,removed,81,0
97,removed,82,0
97,removed,83,0
97,removed,84,0
97,removed,85,0
97,removed,86,0
97,removed,87,0
97,removed,88,0
97,removed,89,0
97,removed,90,0
97,removed,91,0
97,removed,92,0
97,removed,93,0
97,removed,94,1
97,removed,95,0
97,removed,96,0
97,live,0,0
97,live,1,28623
97,live,2,16109
97,live,3,11279
97,live,4,8508
97,live,5,6981
97,live,6,7795
97,live,7,6759
97,live,8,5579
97,live,9,6353
97,live,10,7674
97,live,11,7333
97,live,12,11434
97,live,13,11615
97,live,14,6822
97,live,15,5333
97,live,16,4299
97,live,17,2755
97,live,18,1209
97,live,19,202
97,live,20,95
97,live,21,57
97,live,22,28
97,live,23,32
97,live,24,25
97,live,25,25
97,live,26,28
97,live,27,25
97,live,28,27
97,live,29,23
97,live,30,31
97,live,31,34
97,live,32,33
97,live,33,40
97,live,34,33
97,live,35,37
97,live,36,43
97,live,37,47
97,live,38,37
97,live,39,48
97,live,40,88
97,live,41,86
97,live,42,85
97,live,43,73
97,live,44,120
97,live,45,93
97,live,46,139
97,live,47,105
97,live,48,115
97,live,49,88
97,live,50,73
97,live,51,235
97,live,52,535
97,live,53,642
97,live,54,1211
97,live,55,2273
97,live,56,2717
97,live,57,1097
97,live,58,1911
97,live,59,1145
97,live,60,583
97,live,61,183
97,live,62,67
97,live,63,56
97,live,64,31
97,live,65,15
97,live,66,13
97,live,67,7
97,live,68,5
97,live,69,14
97,live,70,5
97,live,71,6
97,live,72,7
97,live,73,7
97,live,74,8
97,live,75,6
97,live,76,9
97,live,77,9
97,live,78,6
97,live,79,12
97,live,80,13
97,live,81,2
97,live,82,3
97,live,83,4
97,live,84,4
97,live,85,7
97,live,86,7
97,live,87,5
97,live,88,12
97,live,89,4
97,live,90,3
97,live,91,10
97,live,92,18
97,live,93,16
97,live,94,134
97,live,95,162
97,live,96,113
97,live,97,2
98,removed,0,23558
98,removed,1,12007
98,removed,2,5084
98,removed,3,2866
98,removed,4,1799
98,removed,5,1393
98,removed,6,846
98,removed,7,729
98,removed,8,554
98,removed,9,373
98,removed,10,294
98,removed,11,174
98,removed,12,49
98,removed,13,13
98,removed,14,11
98,removed,15,4
98,removed,16,0
98,removed,17,0
98,removed,18,0
98,removed,19,0
98,removed,20,0
98,removed,21,0
98,removed,22,0
98,removed,23,0
98,removed,24,0
98,removed,25,0
98,removed,26,0
98,removed,27,0
98,removed,28,0
98,removed,29,0
98,removed,30,0
98,removed,31,0
98,removed,32,0
98,removed,33,0
98,removed,34,0
98,removed,35,0
98,removed,36,0
98,removed,37,0
98,removed,38,0
98,removed,39,0
98,removed,40,0
98,removed,41,0
98,removed,42,0
98,removed,43,0
98,removed,44,0
98,removed,45,0
98,removed,46,0
98,removed,47,0
98,removed,48,0
98,removed,49,0
98,removed,50,0
98,removed,51,0
98,removed,52,0
98,removed,53,0
98,removed,54,0
98,removed,55,1
98,removed,56,2
98,removed,57,0
98,removed,58,0
98,removed,59,0
98,removed,60,0
98,removed,61,0
98,removed,62,0
98,removed,63,0
98,removed,64,0
98,removed,65,0
98,removed,66,0
98,removed,67,0
98,removed,68,0
98,removed,69,0
98,removed,70,0
98,removed,71,0
98,removed,72,0
98,removed,73,0
98,removed,74,0
98,removed,75,0
98,removed,76,0
98,removed,77,0
98,removed,78,0
98,removed,79,0
98,removed,80,0
98,removed,81,0
98,removed,82,0
98,removed,83,0
98,removed,84,0
98,removed,85,0
98,removed,86,0
98,removed,87,0
98,removed,88,0
98,removed,89,0
98,removed,90,0
98,removed,91,0
98,removed,92,0
98,removed,93,0
98,removed,94,0
98,removed,95,0
98,removed,96,0
98,removed,97,0
98,live,0,0
98,live,1,28095
98,live,2,16616
98,live,3,11025
98,live,4,8413
98,live,5,6709
98,live,6,5588
98,live,7,6949
98,live,8,6030
98,live,9,5025
98,live,10,5980
98,live,11,7380
98,live,12,7159
98,live,13,11385
98,live,14,11602
98,live,15,6811
98,live,16,5329
98,live,17,4299
98,live,18,2755
98,live,19,1209
98,live,20,202
98,live,21,95
98,live,22,57
98,live,23,28
98,live,24,32
98,live,25,25
98,live,26,25
98,live,27,28
98,live,28,25
98,live,29,27
98,live,30,23
98,live,31,31
98,live,32,34
98,live,33,33
98,live,34,40
98,live,35,33
98,live,36,37
98,live,37,43
98,live,38,47
98,live,39,37
98,live,40,48
98,live,41,88
98,live,42,86
98,live,43,85
98,live,44,73
98,live,45,120
98,live,46,93
98,live,47,139
98,live,48,105
98,live,49,115
98,live,50,88
98,live,51,73
98,live,52,235
98,live,53,535
98,live,54,642
98,live,55,1211
98,live,56,2272
98,live,57,2715
98,live,58,1097
98,live,59,1911
98,live,60,1145
98,live,61,583
98,live,62,183
98,live,63,67
98,live,64,56
98,live,65,31
98,live,66,15
98,live,67,13
98,live,68,7
98,live,69,5
98,live,70,14
98,live,71,5
98,live,72,6
98,live,73,7
98,live,74,7
98,live,75,8
98,live,76,6
98,live,77,9
98,live,78,9
98,live,79,6
98,live,80,12
98,live,81,13
98,live,82,2
98,live,83,3
98,live,84,4
98,live,85,4
98,live,86,7
98,live,87,7
98,live,88,5
98,live,89,12
98,live,90,4
98,live,91,3
98,live,92,10
98,live,93,18
98,live,94,16
98,live,95,134
98,live,96,162
98,live,97,113
98,live,98,2
99,removed,0,23447
99,removed,1,12069
99,removed,2,5398
99,removed,3,2944
99,removed,4,1902
99,removed,5,1362
99,removed,6,1098
99,removed,7,710
99,removed,8,614
99,removed,9,583
99,removed,10,381
99,removed,11,231
99,removed,12,204
99,removed,13,58
99,removed,14,13
99,removed,15,20
99,removed,16,7
99,removed,17,3
99,removed,18,6
99,removed,19,0
99,removed,20,0
99,removed,21,0
99,removed,22,0
99,removed,23,0
99,removed,24,0
99,removed,25,0
99,removed,26,0
99,removed,27,0
99,removed,28,0
99,removed,29,0
99,removed,30,0
99,removed,31,0
99,removed,32,0
99,removed,33,0
99,removed,34,0
99,removed,35,0
99,removed,36,0
99,removed,37,0
99,removed,38,0
99,removed,39,0
99,removed,40,0
99,removed,41,0
99,removed,42,0
99,removed,43,0
99,removed,44,0
99,removed,45,0
99,removed,46,0
99,removed,47,0
99,removed,48,0
99,removed,49,0
99,removed,50,0
99,removed,51,0
99,removed,52,0
99,removed,53,0
99,removed,54,0
99,removed,55,4
99,removed,56,1
99,removed,57,1
99,removed,58,1
99,removed,59,1
99,removed,60,0
99,removed,61,0
99,removed,62,1
99,removed,63,0
99,removed,64,0
99,removed,65,0
99,removed,66,0
99,removed,67,0
99,removed,68,0
99,removed,69,0
99,removed,70,0
99,removed,71,0
99,removed,72,0
99,removed,73,0
99,removed,74,0
99,removed,75,0
99,removed,76,0
99,removed,77,0
99,removed,78,0
99,removed,79,0
99,removed,80,0
99,removed,81,0
99,removed,82,0
99,removed,83,0
99,removed,84,0
99,removed,85,0
99,removed,86,0
99,removed,87,0
99,removed,88,0
99,removed,89,0
99,removed,90,0
99,removed,91,0
99,removed,92,0
99,removed,93,0
99,removed,94,0
99,removed,95,1
99,removed,96,1
99,removed,97,0
99,removed,98,1
99,live,0,0
99,live,1,28233
99,live,2,16026
99,live,3,11218
99,live,4,8081
99,live,5,6511
99,live,6,5347
99,live,7,4490
99,live,8,6239
99,live,9,5416
99,live,10,4442
99,live,11,5599
99,live,12,7149
99,live,13,6955
99,live,14,11327
99,live,15,11589
99,live,16,6791
99,live,17,5322
99,live,18,4296
99,live,19,2749
99,live,20,1209
99,live,21,202
99,live,22,95
99,live,23,57
99,live,24,28
99,live,25,32
99,live,26,25
99,live,27,25
99,live,28,28
99,live,29,25
99,live,30,27
99,live,31,23
99,live,32,31
99,live,33,34
99,live,34,33
99,live,35,40
99,live,36,33
99,live,37,37
99,live,38,43
99,live,39,47
99,live,40,37
99,live,41,48
99,live,42,88
99,live,43,86
99,live,44,85
99,live,45,73
99,live,46,120
99,live,47,93
99,live,48,139
99,live,49,105
99,live,50,115
99,live,51,88
99,live,52,73
99,live,53,235
99,live,54,535
99,live,55,642
99,live,56,1207
99,live,57,2271
99,live,58,2714
99,live,59,1096
99,live,60,1910
99,live,61,1145
99,live,62,583
99,live,63,182
99,live,64,67
99,live,65,56
99,live,66,31
99,live,67,15
99,live,68,13
99,live,69,7
99,live,70,5
99,live,71,14
99,live,72,5
99,live,73,6
99,live,74,7
99,live,75,7
99,live,76,8
99,live,77,6
99,live,78,9
99,live,79,9
99,live,80,6
99,live,81,12
99,live,82,13
99,live,83,2
99,live,84,3
99,live,85,4
99,live,86,4
99,live,87,7
99,live,88,7
99,live,89,5
99,live,90,12
99,live,91,4
99,live,92,3
99,live,93,10
99,live,94,18
99,live,95,16
99,live,96,133
99,live,97,161
99,live,98,113
99,live,99,1
100,removed,0,24271
100,removed,1,12402
100,removed,2,5444
100,removed,3,3218
100,removed,4,2021
100,removed,5,1447
100,removed,6,1082
100,removed,7,818
100,removed,8,642
100,removed,9,561
100,removed,10,391
100,removed,11,378
100,removed,12,162
100,removed,13,146
100,removed,14,73
100,removed,15,26
100,removed,16,39
100,removed,17,7
100,removed,18,10
100,removed,19,1
100,removed,20,1
100,removed,21,2
100,removed,22,0
100,removed,23,0
100,removed,24,1
100,removed,25,0
100,removed,26,0
100,removed,27,0
100,removed,28,0
100,removed,29,0
100,removed,30,0
100,removed,31,0
100,removed,32,0
100,removed,33,0
100,removed,34,0
100,removed,35,1
100,removed,36,0
100,removed,37,0
100,removed,38,0
100,removed,39,0
100,removed,40,0
100,removed,41,0
100,removed,42,0
100,removed,43,0
100,removed,44,0
100,removed,45,0
100,removed,46,0
100,removed,47,0
100,removed,48,0
100,removed,49,0
100,removed,50,0
100,removed,51,0
100,removed,52,0
100,removed,53,0
100,removed,54,2
100,removed,55,1
100,removed,56,1
100,removed,57,0
100,removed,58,2
100,removed,59,1
100,removed,60,1
100,removed,61,6
100,removed,62,2
100,removed,63,0
100,removed,64,0
100,removed,65,0
100,removed,66,0
100,removed,67,0
100,removed,68,0
100,removed,69,0
100,removed,70,0
100,removed,71,0
100,removed,72,0
100,removed,73,0
100,removed,74,0
100,removed,75,0
100,removed,76,0
100,removed,77,0
100,removed,78,0
100,removed,79,0
100,removed,80,0
100,removed,81,0
100,removed,82,0
100,removed,83,0
100,removed,84,0
100,removed,85,0
100,removed,86,0
100,removed,87,0
100,removed,88,0
100,removed,89,0
100,removed,90,0
100,removed,91,0
100,removed,92,0
100,removed,93,0
100,removed,94,0
100,removed,95,0
100,removed,96,0
100,removed,97,0
100,removed,98,0
100,removed,99,0
100,live,0,0
100,live,1,27409
100,live,2,15831
100,live,3,10582
100,live,4,8000
100,live,5,6060
100,live,6,5064
100,live,7,4265
100,live,8,3672
100,live,9,5597
100,live,10,4855
100,live,11,4051
100,live,12,5221
100,live,13,6987
100,live,14,6809
100,live,15,11254
100,live,16,11563
100,live,17,6752
100,live,18,5315
100,live,19,4286
100,live,20,2748
100,live,21,1208
100,live,22,200
100,live,23,95
100,live,24,57
100,live,25,27
100,live,26,32
100,live,27,25
100,live,28,25
100,live,29,28
100,live,30,25
100,live,31,27
100,live,32,23
100,live,33,31
100,live,34,34
100,live,35,33
100,live,36,39
100,live,37,33
100,live,38,37
100,live,39,43
100,live,40,47
100,live,41,37
100,live,42,48
100,live,43,88
100,live,44,86
100,live,45,85
100,live,46,73
100,live,47,120
100,live,48,93
100,live,49,139
100,live,50,105
100,live,51,115
100,live,52,88
100,live,53,73
100,live,54,235
100,live,55,533
100,live,56,641
100,live,57,1206
100,live,58,2271
100,live,59,2712
100,live,60,1095
100,live,61,1909
100,live,62,1139
100,live,63,581
100,live,64,182
100,live,65,67
100,live,66,56
100,live,67,31
100,live,68,15
100,live,69,13
100,live,70,7
100,live,71,5
100,live,72,14
100,live,73,5
100,live,74,6
100,live,75,7
100,live,76,7
100,live,77,8
100,live,78,6
100,live,79,9
100,live,80,9
100,live,81,6
100,live,82,12
100,live,83,13
100,live,84,2
100,live,85,3
100,live,86,4
100,live,87,4
100,live,88,7
100,live,89,7
100,live,90,5
100,live,91,12
100,live,92,4
100,live,93,3
100,live,94,10
100,live,95,18
100,live,96,16
100,live,97,133
100,live,98,161
100,live,99,113
100,live,100,1
101,removed,0,24541
101,removed,1,11987
101,removed,2,5583
101,removed,3,3086
101,removed,4,1999
101,removed,5,1374
101,removed,6,1116
101,removed,7,842
101,removed,8,710
101,removed,9,545
101,removed,10,581
101,removed,11,302
101,removed,12,440
101,removed,13,139
101,removed,14,118
101,removed,15,63
101,removed,16,12
101,removed,17,22
101,removed,18,6
101,removed,19,6
101,removed,20,1
101,removed,21,4
101,removed,22,3
101,removed,23,0
101,removed,24,0
101,removed,25,0
101,removed,26,0
101,removed,27,0
101,removed,28,0
101,removed,29,0
101,removed,30,0
101,removed,31,0
101,removed,32,0
101,removed,33,0
101,removed,34,0
101,removed,35,0
101,removed,36,0
101,removed,37,0
101,removed,38,0
101,removed,39,0
101,removed,40,0
101,removed,41,0
101,removed,42,0
101,removed,43,0
101,removed,44,0
101,removed,45,0
101,removed,46,0
101,removed,47,0
101,removed,48,0
101,removed,49,0
101,removed,50,0
101,removed,51,0
101,removed,52,0
101,removed,53,0
101,removed,54,0
101,removed,55,0
101,removed,56,2
101,removed,57,2
101,removed,58,6
101,removed,59,1
101,removed,60,9
101,removed,61,2
101,removed,62,0
101,removed,63,1
101,removed,64,0
101,removed,65,0
101,removed,66,0
101,removed,67,0
101,removed,68,0
101,removed,69,0
101,removed,70,0
101,removed,71,0
101,removed,72,1
101,removed,73,0
101,removed,74,0
101,removed,75,0
101,removed,76,0
101,removed,77,0
101,removed,78,0
101,removed,79,0
101,removed,80,0
101,removed,81,0
101,removed,82,0
101,removed,83,0
101,removed,84,0
101,removed,85,0
101,removed,86,0
101,removed,87,0
101,removed,88,0
101,removed,89,0
101,removed,90,0
101,removed,91,0
101,removed,92,0
101,removed,93,0
101,removed,94,0
101,removed,95,0
101,removed,96,0
101,removed,97,0
101,removed,98,0
101,removed,99,0
101,removed,100,0
101,live,0,0
101,live,1,27131
101,live,2,15422
101,live,3,10248
101,live,4,7496
101,live,5,6001
101,live,6,4686
101,live,7,3948
101,live,8,3423
101,live,9,2962
101,live,10,5052
101,live,11,4274
101,live,12,3749
101,live,13,4781
101,live,14,6848
101,live,15,6691
101,live,16,11191
101,live,17,11551
101,live,18,6730
101,live,19,5309
101,live,20,4280
101,live,21,2747
101,live,22,1204
101,live,23,197
101,live,24,95
101,live,25,57
101,live,26,27
101,live,27,32
101,live,28,25
101,live,29,25
101,live,30,28
101,live,31,25
101,live,32,27
101,live,33,23
101,live,34,31
101,live,35,34
101,live,36,33
101,live,37,39
101,live,38,33
101,live,39,37
101,live,40,43
101,live,41,47
101,live,42,37
101,live,43,48
101,live,44,88
101,live,45,86
101,live,46,85
101,live,47,73
101,live,48,120
101,live,49,93
101,live,50,139
101,live,51,105
101,live,52,115
101,live,53,88
101,live,54,73
101,live,55,235
101,live,56,533
101,live,57,639
101,live,58,1204
101,live,59,2265
101,live,60,2711
101,live,61,1086
101,live,62,1907
101,live,63,1139
101,live,64,580
101,live,65,182
101,live,66,67
101,live,67,56
101,live,68,31
101,live,69,15
101,live,70,13
101,live,71,7
101,live,72,5
101,live,73,13
101,live,74,5
101,live,75,6
101,live,76,7
101,live,77,7
101,live,78,8
101,live,79,6
101,live,80,9
101,live,81,9
101,live,82,6
101,live,83,12
101,live,84,13
101,live,85,2
101,live,86,3
101,live,87,4
101,live,88,4
101,live,89,7
101,live,90,7
101,live,91,5
101,live,92,12
101,live,93,4
101,live,94,3
101,live,95,10
101,live,96,18
101,live,97,16
101,live,98,133
101,live,99,161
101,live,100,113
101,live,101,1
102,removed,0,24630
102,removed,1,12491
102,removed,2,5555
102,removed,3,3067
102,removed,4,1895
102,removed,5,1452
102,removed,6,1003
102,removed,7,769
102,removed,8,587
102,removed,9,550
102,removed,10,402
102,removed,11,280
102,removed,12,222
102,removed,13,167
102,removed,14,124
102,removed,15,75
102,removed,16,25
102,removed,17,3
102,removed,18,8
102,removed,19,2
102,removed,20,0
102,removed,21,2
102,removed,22,1
102,removed,23,0
102,removed,24,0
102,removed,25,0
102,removed,26,0
102,removed,27,0
102,removed,28,0
102,removed,29,0
102,removed,30,0
102,removed,31,0
102,removed,32,0
102,removed,33,0
102,removed,34,0
102,removed,35,0
102,removed,36,0
102,removed,37,0
102,removed,38,0
102,removed,39,0
102,removed,40,0
102,removed,41,0
102,removed,42,0
102,removed,43,0
102,removed,44,0
102,removed,45,0
102,removed,46,0
102,removed,47,0
102,removed,48,0
102,removed,49,0
102,removed,50,0
102,removed,51,0
102,removed,52,0
102,removed,53,0
102,removed,54,0
102,removed,55,0
102,removed,56,2
102,removed,57,0
102,removed,58,0
102,removed,59,0
102,removed,60,0
102,removed,61,1
102,removed,62,0
102,removed,63,0
102,removed,64,0
102,removed,65,0
102,removed,66,0
102,removed,67,0
102,removed,68,0
102,removed,69,0
102,removed,70,0
102,removed,71,0
102,removed,72,0
102,removed,73,0
102,removed,74,0
102,removed,75,0
102,removed,76,0
102,removed,77,0
102,removed,78,0
102,removed,79,0
102,removed,80,0
102,removed,81,0
102,removed,82,0
102,removed,83,0
102,removed,84,0
102,removed,85,0
102,removed,86,0
102,removed,87,0
102,removed,88,0
102,removed,89,0
102,removed,90,0
102,removed,91,0
102,removed,92,0
102,removed,93,0
102,removed,94,0
102,removed,95,0
102,removed,96,0
102,removed,97,0
102,removed,98,1
102,removed,99,0
102,removed,100,0
102,removed,101,0
102,live,0,0
102,live,1,27068
102,live,2,14640
102,live,3,9867
102,live,4,7181
102,live,5,5601
102,live,6,4549
102,live,7,3683
102,live,8,3179
102,live,9,2836
102,live,10,2412
102,live,11,4650
102,live,12,3994
102,live,13,3527
102,live,14,4614
102,live,15,6724
102,live,16,6616
102,live,17,11166
102,live,18,11548
102,live,19,6722
102,live,20,5307
102,live,21,4280
102,live,22,2745
102,live,23,1203
102,live,24,197
102,live,25,95
102,live,26,57
102,live,27,27
102,live,28,32
102,live,29,25
102,live,30,25
102,live,31,28
102,live,32,25
102,live,33,27
102,live,34,23
102,live,35,31
102,live,36,34
102,live,37,33
102,live,38,39
102,live,39,33
102,live,40,37
102,live,41,43
102,live,42,47
102,live,43,37
102,live,44,48
102,live,45,88
102,live,46,86
102,live,47,85
102,live,48,73
102,live,49,120
102,live,50,93
102,live,51,139
102,live,52,105
102,live,53,115
102,live,54,88
102,live,55,73
102,live,56,235
102,live,57,531
102,live,58,639
102,live,59,1204
102,live,60,2265
102,live,61,2711
102,live,62,1085
102,live,63,1907
102,live,64,1139
102,live,65,580
102,live,66,182
102,live,67,67
102,live,68,56
102,live,69,31
102,live,70,15
102,live,71,13
102,live,72,7
102,live,73,5
102,live,74,13
102,live,75,5
102,live,76,6
102,live,77,7
102,live,78,7
102,live,79,8
102,live,80,6
102,live,81,9
102,live,82,9
102,live,83,6
102,live,84,12
102,live,85,13
102,live,86,2
102,live,87,3
102,live,88,4
102,live,89,4
102,live,90,7
102,live,91,7
102,live,92,5
102,live,93,12
102,live,94,4
102,live,95,3
102,live,96,10
102,live,97,18
102,live,98,16
102,live,99,132
102,live,100,161
102,live,101,113
102,live,102,1
103,removed,0,25258
103,removed,1,12562
103,removed,2,5290
103,removed,3,2904
103,removed,4,1680
103,removed,5,1203
103,removed,6,815
103,removed,7,606
103,removed,8,510
103,removed,9,431
103,removed,10,398
103,removed,11,304
103,removed,12,242
103,removed,13,168
103,removed,14,130
103,removed,15,58
103,removed,16,50
103,removed,17,55
103,removed,18,6
103,removed,19,20
103,removed,20,2
103,removed,21,6
103,removed,22,2
103,removed,23,0
103,removed,24,0
103,removed,25,0
103,removed,26,0
103,removed,27,0
103,removed,28,0
103,removed,29,0
103,removed,30,0
103,removed,31,0
103,removed,32,0
103,removed,33,0
103,removed,34,0
103,removed,35,0
103,removed,36,0
103,removed,37,0
103,removed,38,0
103,removed,39,0
103,removed,40,0
103,removed,41,0
103,removed,42,0
103,removed,43,0
103,removed,44,0
103,removed,45,0
103,removed,46,0
103,removed,47,0
103,removed,48,0
103,removed,49,0
103,removed,50,0
103,removed,51,0
103,removed,52,0
103,removed,53,0
103,removed,54,0
103,removed,55,0
103,removed,56,1
103,removed,57,0
103,removed,58,0
103,removed,59,0
103,removed,60,0
103,removed,61,1
103,removed,62,2
103,removed,63,0
103,removed,64,3
103,removed,65,1
103,removed,66,0
103,removed,67,0
103,removed,68,0
103,removed,69,0
103,removed,70,0
103,removed,71,0
103,removed,72,0
103,removed,73,0
103,removed,74,0
103,removed,75,0
103,removed,76,0
103,removed,77,0
103,removed,78,0
103,removed,79,0
103,removed,80,0
103,removed,81,0
103,removed,82,0
103,removed,83,0
103,removed,84,0
103,removed,85,0
103,removed,86,0
103,removed,87,0
103,removed,88,0
103,removed,89,0
103,removed,90,0
103,removed,91,0
103,removed,92,0
103,removed,93,0
103,removed,94,0
103,removed,95,0
103,removed,96,0
103,removed,97,0
103,removed,98,0
103,removed,99,0
103,removed,100,0
103,removed,101,0
103,removed,102,0
103,live,0,0
103,live,1,26435
103,live,2,14506
103,live,3,9350
103,live,4,6963
103,live,5,5501
103,live,6,4398
103,live,7,3734
103,live,8,3077
103,live,9,2669
103,live,10,2405
103,live,11,2014
103,live,12,4346
103,live,13,3752
103,live,14,3359
103,live,15,4484
103,live,16,6666
103,live,17,6566
103,live,18,11111
103,live,19,11542
103,live,20,6702
103,live,21,5305
103,live,22,4274
103,live,23,2743
103,live,24,1203
103,live,25,197
103,live,26,95
103,live,27,57
103,live,28,27
103,live,29,32
103,live,30,25
103,live,31,25
103,live,32,28
103,live,33,25
103,live,34,27
103,live,35,23
103,live,36,31
103,live,37,34
103,live,38,33
103,live,39,39
103,live,40,33
103,live,41,37
103,live,42,43
103,live,43,47
103,live,44,37
103,live,45,48
103,live,46,88
103,live,47,86
103,live,48,85
103,live,49,73
103,live,50,120
103,live,51,93
103,live,52,139
103,live,53,105
103,live,54,115
103,live,55,88
103,live,56,73
103,live,57,234
103,live,58,531
103,live,59,639
103,live,60,1204
103,live,61,2265
103,live,62,2710
103,live,63,1083
103,live,64,1907
103,live,65,1136
103,live,66,579
103,live,67,182
103,live,68,67
103,live,69,56
103,live,70,31
103,live,71,15
103,live,72,13
103,live,73,7
103,live,74,5
103,live,75,13
103,live,76,5
103,live,77,6
103,live,78,7
103,live,79,7
103,live,80,8
103,live,81,6
103,live,82,9
103,live,83,9
103,live,84,6
103,live,85,12
103,live,86,13
103,live,87,2
103,live,88,3
103,live,89,4
103,live,90,4
103,live,91,7
103,live,92,7
103,live,93,5
103,live,94,12
103,live,95,4
103,live,96,3
103,live,97,10
103,live,98,18
103,live,99,16
103,live,100,132
103,live,101,161
103,live,102,113
103,live,103,1
104,removed,0,25834
104,removed,1,12362
104,removed,2,5474
104,removed,3,2863
104,removed,4,1784
104,removed,5,1298
104,removed,6,1018
104,removed,7,784
104,removed,8,646
104,removed,9,471
104,removed,10,372
104,removed,11,342
104,removed,12,261
104,removed,13,194
104,removed,14,144
104,removed,15,154
104,removed,16,71
104,removed,17,55
104,removed,18,21
104,removed,19,16
104,removed,20,3
104,removed,21,6
104,removed,22,2
104,removed,23,0
104,removed,24,0
104,removed,25,0
104,removed,26,0
104,removed,27,0
104,removed,28,0
104,removed,29,0
104,removed,30,0
104,removed,31,0
104,removed,32,0
104,removed,33,0
104,removed,34,0
104,removed,35,0
104,removed,36,0
104,removed,37,0
104,removed,38,0
104,removed,39,0
104,removed,40,0
104,removed,41,0
104,removed,42,0
104,removed,43,0
104,removed,44,0
104,removed,45,0
104,removed,46,0
104,removed,47,0
104,removed,48,0
104,removed,49,0
104,removed,50,0
104,removed,51,0
104,removed,52,0
104,removed,53,0
104,removed,54,0
104,removed,55,0
104,removed,56,0
104,removed,57,0
104,removed,58,0
104,removed,59,0
104,removed,60,0
104,removed,61,1
104,removed,62,0
104,removed,63,0
104,removed,64,0
104,removed,65,1
104,removed,66,2
104,removed,67,0
104,removed,68,1
104,removed,69,0
104,removed,70,0
104,removed,71,0
104,removed,72,0
104,removed,73,0
104,removed,74,0
104,removed,75,0
104,removed,76,0
104,removed,77,0
104,removed,78,0
104,removed,79,0
104,removed,80,0
104,removed,81,0
104,removed,82,0
104,removed,83,0
104,removed,84,0
104,removed,85,0
104,removed,86,0
104,removed,87,0
104,removed,88,0
104,removed,89,0
104,removed,90,0
104,removed,91,0
104,removed,92,0
104,removed,93,0
104,removed,94,0
104,removed,95,0
104,removed,96,0
104,removed,97,0
104,removed,98,0
104,removed,99,0
104,removed,100,0
104,removed,101,0
104,removed,102,0
104,removed,103,0
104,live,0,0
104,live,1,25865
104,live,2,14073
104,live,3,9032
104,live,4,6487
104,live,5,5179
104,live,6,4203
104,live,7,3380
104,live,8,2950
104,live,9,2431
104,live,10,2198
104,live,11,2033
104,live,12,1672
104,live,13,4085
104,live,14,3558
104,live,15,3215
104,live,16,4330
104,live,17,6595
104,live,18,6511
104,live,19,11090
104,live,20,11526
104,live,21,6699
104,live,22,5299
104,live,23,4272
104,live,24,2743
104,live,25,1203
104,live,26,197
104,live,27,95
104,live,28,57
104,live,29,27
104,live,30,32
104,live,31,25
104,live,32,25
104,live,33,28
104,live,34,25
104,live,35,27
104,live,36,23
104,live,37,31
104,live,38,34
104,live,39,33
104,live,40,39
104,live,41,33
104,live,42,37
104,live,43,43
104,live,44,47
104,live,45,37
104,live,46,48
104,live,47,88
104,live,48,86
104,live,49,85
104,live,50,73
104,live,51,120
104,live,52,93
104,live,53,139
104,live,54,105
104,live,55,115
104,live,56,88
104,live,57,73
104,live,58,234
104,live,59,531
104,live,60,639
104,live,61,1204
104,live,62,2264
104,live,63,2710
104,live,64,1083
104,live,65,1907
104,live,66,1135
104,live,67,577
104,live,68,182
104,live,69,66
104,live,70,56
104,live,71,31
104,live,72,15
104,live,73,13
104,live,74,7
104,live,75,5
104,live,76,13
104,live,77,5
104,live,78,6
104,live,79,7
104,live,80,7
104,live,81,8
104,live,82,6
104,live,83,9
104,live,84,9
104,live,85,6
104,live,86,12
104,live,87,13
104,live,88,2
104,live,89,3
104,live,90,4
104,live,91,4
104,live,92,7
104,live,93,7
104,live,94,5
104,live,95,12
104,live,96,4
104,live,97,3
104,live,98,10
104,live,99,18
104,live,100,16
104,live,101,132
104,live,102,161
104,live,103,113
104,live,104,1
105,removed,0,25646
105,removed,1,12006
105,removed,2,5297
105,removed,3,2724
105,removed,4,1703
105,removed,5,1218
105,removed,6,798
105,removed,7,632
105,removed,8,508
105,removed,9,382
105,removed,10,334
105,removed,11,318
105,removed,12,255
105,removed,13,207
105,removed,14,208
105,removed,15,106
105,removed,16,151
105,removed,17,36
105,removed,18,61
105,removed,19,52
105,removed,20,20
105,removed,21,17
105,removed,22,15
105,removed,23,0
105,removed,24,4
105,removed,25,1
105,removed,26,1
105,removed,27,0
105,removed,28,0
105,removed,29,0
105,removed,30,0
105,removed,31,0
105,removed,32,0
105,removed,33,0
105,removed,34,0
105,removed,35,0
105,removed,36,0
105,removed,37,1
105,removed,38,1
105,removed,39,0
105,removed,40,0
105,removed,41,0
105,removed,42,0
105,removed,43,0
105,removed,44,0
105,removed,45,0
105,removed,46,0
105,removed,47,5
105,removed,48,4
105,removed,49,6
105,removed,50,0
105,removed,51,0
105,removed,52,0
105,removed,53,0
105,removed,54,0
105,removed,55,0
105,removed,56,0
105,removed,57,0
105,removed,58,1
105,removed,59,2
105,removed,60,3
105,removed,61,4
105,removed,62,0
105,removed,63,0
105,removed,64,0
105,removed,65,0
105,removed,66,0
105,removed,67,0
105,removed,68,0
105,removed,69,0
105,removed,70,0
105,removed,71,0
105,removed,72,0
105,removed,73,0
105,removed,74,0
105,removed,75,0
105,removed,76,0
105,removed,77,0
105,removed,78,0
105,removed,79,0
105,removed,80,0
105,removed,81,0
105,removed,82,0
105,removed,83,0
105,removed,84,0
105,removed,85,0
105,removed,86,0
105,removed,87,0
105,removed,88,0
105,removed,89,0
105,removed,90,0
105,removed,91,0
105,removed,92,0
105,removed,93,0
105,removed,94,0
105,removed,95,0
105,removed,96,0
105,removed,97,0
105,removed,98,0
105,removed,99,0
105,removed,100,0
105,removed,101,0
105,removed,102,0
105,removed,103,0
105,removed,104,0
105,live,0,0
105,live,1,26036
105,live,2,13859
105,live,3,8776
105,live,4,6308
105,live,5,4784
105,live,6,3961
105,live,7,3405
105,live,8,2748
105,live,9,2442
105,live,10,2049
105,live,11,1864
105,live,12,1715
105,live,13,1417
105,live,14,3878
105,live,15,3350
105,live,16,3109
105,live,17,4179
105,live,18,6559
105,live,19,6450
105,live,20,11038
105,live,21,11506
105,live,22,6682
105,live,23,5284
105,live,24,4272
105,live,25,2739
105,live,26,1202
105,live,27,196
105,live,28,95
105,live,29,57
105,live,30,27
105,live,31,32
105,live,32,25
105,live,33,25
105,live,34,28
105,live,35,25
105,live,36,27
105,live,37,23
105,live,38,30
105,live,39,33
105,live,40,33
105,live,41,39
105,live,42,33
105,live,43,37
105,live,44,43
105,live,45,47
105,live,46,37
105,live,47,48
105,live,48,83
105,live,49,82
105,live,50,79
105,live,51,73
105,live,52,120
105,live,53,93
105,live,54,139
105,live,55,105
105,live,56,115
105,live,57,88
105,live,58,73
105,live,59,233
105,live,60,529
105,live,61,636
105,live,62,1200
105,live,63,2264
105,live,64,2710
105,live,65,1083
105,live,66,1907
105,live,67,1135
105,live,68,577
105,live,69,182
105,live,70,66
105,live,71,56
105,live,72,31
105,live,73,15
105,live,74,13
105,live,75,7
105,live,76,5
105,live,77,13
105,live,78,5
105,live,79,6
105,live,80,7
105,live,81,7
105,live,82,8
105,live,83,6
105,live,84,9
105,live,85,9
105,live,86,6
105,live,87,12
105,live,88,13
105,live,89,2
105,live,90,3
105,live,91,4
105,live,92,4
105,live,93,7
105,live,94,7
105,live,95,5
105,live,96,12
105,live,97,4
105,live,98,3
105,live,99,10
105,live,100,18
105,live,101,16
105,live,102,132
105,live,103,161
105,live,104,113
105,live,105,1
106,removed,0,27477
106,removed,1,13269
106,removed,2,5884
106,removed,3,3111
106,removed,4,1824
106,removed,5,1173
106,removed,6,897
106,removed,7,723
106,removed,8,502
106,removed,9,470
106,removed,10,357
106,removed,11,319
106,removed,12,283
106,removed,13,213
106,removed,14,161
106,removed,15,132
106,removed,16,80
106,removed,17,93
106,removed,18,68
106,removed,19,76
106,removed,20,73
106,removed,21,7
106,removed,22,38
106,removed,23,2
106,removed,24,2
106,removed,25,0
106,removed,26,0
106,removed,27,1
106,removed,28,0
106,removed,29,0
106,removed,30,0
106,removed,31,0
106,removed,32,0
106,removed,33,0
106,removed,34,0
106,removed,35,0
106,removed,36,0
106,removed,37,0
106,removed,38,0
106,removed,39,0
106,removed,40,0
106,removed,41,0
106,removed,42,0
106,removed,43,0
106,removed,44,0
106,removed,45,0
106,removed,46,0
106,removed,47,0
106,removed,48,0
106,removed,49,0
106,removed,50,0
106,removed,51,0
106,removed,52,0
106,removed,53,0
106,removed,54,0
106,removed,55,0
106,removed,56,0
106,removed,57,0
106,removed,58,0
106,removed,59,1
106,removed,60,0
106,removed,61,0
106,removed,62,2
106,removed,63,2
106,removed,64,0
106,removed,65,0
106,removed,66,0
106,removed,67,1
106,removed,68,0
106,removed,69,0
106,removed,70,0
106,removed,71,0
106,removed,72,0
106,removed,73,0
106,removed,74,0
106,removed,75,0
106,removed,76,0
106,removed,77,0
106,removed,78,0
106,removed,79,0
106,removed,80,0
106,removed,81,0
106,removed,82,0
106,removed,83,0
106,removed,84,0
106,removed,85,0
106,removed,86,0
106,removed,87,0
106,removed,88,0
106,removed,89,0
106,removed,90,0
106,removed,91,0
106,removed,92,0
106,removed,93,0
106,removed,94,0
106,removed,95,0
106,removed,96,0
106,removed,97,0
106,removed,98,0
106,removed,99,0
106,removed,100,0
106,removed,101,0
106,removed,102,0
106,removed,103,0
106,removed,104,0
106,removed,105,0
106,live,0,0
106,live,1,24230
106,live,2,12767
106,live,3,7975
106,live,4,5665
106,live,5,4484
106,live,6,3611
106,live,7,3064
106,live,8,2682
106,live,9,2246
106,live,10,1972
106,live,11,1692
106,live,12,1545
106,live,13,1432
106,live,14,1204
106,live,15,3717
106,live,16,3218
106,live,17,3029
106,live,18,4086
106,live,19,6491
106,live,20,6374
106,live,21,10965
106,live,22,11499
106,live,23,6644
106,live,24,5282
106,live,25,4270
106,live,26,2739
106,live,27,1202
106,live,28,195
106,live,29,95
106,live,30,57
106,live,31,27
106,live,32,32
106,live,33,25
106,live,34,25
106,live,35,28
106,live,36,25
106,live,37,27
106,live,38,23
106,live,39,30
106,live,40,33
106,live,41,33
106,live,42,39
106,live,43,33
106,live,44,37
106,live,45,43
106,live,46,47
106,live,47,37
106,live,48,48
106,live,49,83
106,live,50,82
106,live,51,79
106,live,52,73
106,live,53,120
106,live,54,93
106,live,55,139
106,live,56,105
106,live,57,115
106,live,58,88
106,live,59,73
106,live,60,232
106,live,61,529
106,live,62,636
106,live,63,1198
106,live,64,2262
106,live,65,2710
106,live,66,1083
106,live,67,1907
106,live,68,1134
106,live,69,577
106,live,70,182
106,live,71,66
106,live,72,56
106,live,73,31
106,live,74,15
106,live,75,13
106,live,76,7
106,live,77,5
106,live,78,13
106,live,79,5
106,live,80,6
106,live,81,7
106,live,82,7
106,live,83,8
106,live,84,6
106,live,85,9
106,live,86,9
106,live,87,6
106,live,88,12
106,live,89,13
106,live,90,2
106,live,91,3
106,live,92,4
106,live,93,4
106,live,94,7
106,live,95,7
106,live,96,5
106,live,97,12
106,live,98,4
106,live,99,3
106,live,100,10
106,live,101,18
106,live,102,16
106,live,103,132
106,live,104,161
106,live,105,113
106,live,106,1
107,removed,0,26684
107,removed,1,11341
107,removed,2,4880
107,removed,3,2555
107,removed,4,1531
107,removed,5,1079
107,removed,6,816
107,removed,7,616
107,removed,8,481
107,removed,9,378
107,removed,10,286
107,removed,11,299
107,removed,12,245
107,removed,13,213
107,removed,14,166
107,removed,15,115
107,removed,16,148
107,removed,17,59
107,removed,18,104
107,removed,19,67
107,removed,20,50
107,removed,21,52
107,removed,22,10
107,removed,23,16
107,removed,24,19
107,removed,25,0
107,removed,26,5
107,removed,27,0
107,removed,28,2
107,removed,29,0
107,removed,30,0
107,removed,31,0
107,removed,32,0
107,removed,33,0
107,removed,34,0
107,removed,35,0
107,removed,36,0
107,removed,37,0
107,removed,38,0
107,removed,39,0
107,removed,40,0
107,removed,41,0
107,removed,42,0
107,removed,43,0
107,removed,44,0
107,removed,45,0
107,removed,46,0
107,removed,47,0
107,removed,48,0
107,removed,49,0
107,removed,50,0
107,removed,51,0
107,removed,52,0
107,removed,53,0
107,removed,54,0
107,removed,55,0
107,removed,56,0
107,removed,57,0
107,removed,58,0
107,removed,59,0
107,removed,60,7
107,removed,61,6
107,removed,62,6
107,removed,63,0
107,removed,64,0
107,removed,65,2
107,removed,66,0
107,removed,67,1
107,removed,68,0
107,removed,69,1
107,removed,70,0
107,removed,71,1
107,removed,72,0
107,removed,73,0
107,removed,74,0
107,removed,75,0
107,removed,76,0
107,removed,77,0
107,removed,78,0
107,removed,79,0
107,removed,80,0
107,removed,81,0
107,removed,82,0
107,removed,83,0
107,removed,84,0
107,removed,85,0
107,removed,86,0
107,removed,87,0
107,removed,88,0
107,removed,89,0
107,removed,90,0
107,removed,91,0
107,removed,92,0
107,removed,93,0
107,removed,94,0
107,removed,95,0
107,removed,96,0
107,removed,97,0
107,removed,98,0
107,removed,99,0
107,removed,100,0
107,removed,101,0
107,removed,102,0
107,removed,103,0
107,removed,104,0
107,removed,105,0
107,removed,106,0
107,live,0,0
107,live,1,25047
107,live,2,12889
107,live,3,7887
107,live,4,5420
107,live,5,4134
107,live,6,3405
107,live,7,2795
107,live,8,2448
107,live,9,2201
107,live,10,1868
107,live,11,1686
107,live,12,1393
107,live,13,1300
107,live,14,1219
107,live,15,1038
107,live,16,3602
107,live,17,3070
107,live,18,2970
107,live,19,3982
107,live,20,6424
107,live,21,6324
107,live,22,10913
107,live,23,11489
107,live,24,6628
107,live,25,5263
107,live,26,4270
107,live,27,2734
107,live,28,1202
107,live,29,193
107,live,30,95
107,live,31,57
107,live,32,27
107,live,33,32
107,live,34,25
107,live,35,25
107,live,36,28
107,live,37,25
107,live,38,27
107,live,39,23
107,live,40,30
107,live,41,33
107,live,42,33
107,live,43,39
107,live,44,33
107,live,45,37
107,live,46,43
107,live,47,47
107,live,48,37
107,live,49,48
107,live,50,83
107,live,51,82
107,live,52,79
107,live,53,73
107,live,54,120
107,live,55,93
107,live,56,139
107,live,57,105
107,live,58,115
107,live,59,88
107,live,60,73
107,live,61,225
107,live,62,523
107,live,63,630
107,live,64,1198
107,live,65,2262
107,live,66,2708
107,live,67,1083
107,live,68,1906
107,live,69,1134
107,live,70,576
107,live,71,182
107,live,72,65
107,live,73,56
107,live,74,31
107,live,75,15
107,live,76,13
107,live,77,7
107,live,78,5
107,live,79,13
107,live,80,5
107,live,81,6
107,live,82,7
107,live,83,7
107,live,84,8
107,live,85,6
107,live,86,9
107,live,87,9
107,live,88,6
107,live,89,12
107,live,90,13
107,live,91,2
107,live,92,3
107,live,93,4
107,live,94,4
107,live,95,7
107,live,96,7
107,live,97,5
107,live,98,12
107,live,99,4
107,live,100,3
107,live,101,10
107,live,102,18
107,live,103,16
107,live,104,132
107,live,105,161
107,live,106,113
107,live,107,1
108,removed,0,27762
108,removed,1,12738
108,removed,2,5390
108,removed,3,2727
108,removed,4,1640
108,removed,5,1046
108,removed,6,731
108,removed,7,581
108,removed,8,443
108,removed,9,368
108,removed,10,299
108,removed,11,278
108,removed,12,201
108,removed,13,176
108,removed,14,169
108,removed,15,99
108,removed,16,123
108,removed,17,73
108,removed,18,95
108,removed,19,84
108,removed,20,22
108,removed,21,58
108,removed,22,17
108,removed,23,16
108,removed,24,13
108,removed,25,14
108,removed,26,0
108,removed,27,8
108,removed,28,2
108,removed,29,3
108,removed,30,0
108,removed,31,0
108,removed,32,0
108,removed,33,0
108,removed,34,0
108,removed,35,0
108,removed,36,0
108,removed,37,0
108,removed,38,0
108,removed,39,0
108,removed,40,0
108,removed,41,0
108,removed,42,0
108,removed,43,0
108,removed,44,0
108,removed,45,0
108,removed,46,0
108,removed,47,0
108,removed,48,0
108,removed,49,0
108,removed,50,0
108,removed,51,0
108,removed,52,0
108,removed,53,0
108,removed,54,0
108,removed,55,0
108,removed,56,0
108,removed,57,0
108,removed,58,0
108,removed,59,0
108,removed,60,0
108,removed,61,1
108,removed,62,4
108,removed,63,1
108,removed,64,2
108,removed,65,0
108,removed,66,3
108,removed,67,3
108,removed,68,0
108,removed,69,2
108,removed,70,0
108,removed,71,0
108,removed,72,0
108,removed,73,0
108,removed,74,0
108,removed,75,0
108,removed,76,0
108,removed,77,0
108,removed,78,0
108,removed,79,0
108,removed,80,0
108,removed,81,0
108,removed,82,0
108,removed,83,0
108,removed,84,0
108,removed,85,0
108,removed,86,0
108,removed,87,0
108,removed,88,0
108,removed,89,0
108,removed,90,0
108,removed,91,0
108,removed,92,0
108,removed,93,0
108,removed,94,0
108,removed,95,0
108,removed,96,0
108,removed,97,0
108,removed,98,0
108,removed,99,0
108,removed,100,0
108,removed,101,0
108,removed,102,0
108,removed,103,0
108,removed,104,1
108,removed,105,0
108,removed,106,0
108,removed,107,0
108,live,0,0
108,live,1,23949
108,live,2,12309
108,live,3,7499
108,live,4,5160
108,live,5,3780
108,live,6,3088
108,live,7,2674
108,live,8,2214
108,live,9,2005
108,live,10,1833
108,live,11,1569
108,live,12,1408
108,live,13,1192
108,live,14,1124
108,live,15,1050
108,live,16,939
108,live,17,3479
108,live,18,2997
108,live,19,2875
108,live,20,3898
108,live,21,6402
108,live,22,6266
108,live,23,10896
108,live,24,11473
108,live,25,6615
108,live,26,5249
108,live,27,4270
108,live,28,2726
108,live,29,1200
108,live,30,190
108,live,31,95
108,live,32,57
108,live,33,27
108,live,34,32
108,live,35,25
108,live,36,25
108,live,37,28
108,live,38,25
108,live,39,27
108,live,40,23
108,live,41,30
108,live,42,33
108,live,43,33
108,live,44,39
108,live,45,33
108,live,46,37
108,live,47,43
108,live,48,47
108,live,49,37
108,live,50,48
108,live,51,83
108,live,52,82
108,live,53,79
108,live,54,73
108,live,55,120
108,live,56,93
108,live,57,139
108,live,58,105
108,live,59,115
108,live,60,88
108,live,61,73
108,live,62,224
108,live,63,519
108,live,64,629
108,live,65,1196
108,live,66,2262
108,live,67,2705
108,live,68,1080
108,live,69,1906
108,live,70,1132
108,live,71,576
108,live,72,182
108,live,73,65
108,live,74,56
108,live,75,31
108,live,76,15
108,live,77,13
108,live,78,7
108,live,79,5
108,live,80,13
108,live,81,5
108,live,82,6
108,live,83,7
108,live,84,7
108,live,85,8
108,live,86,6
108,live,87,9
108,live,88,9
108,live,89,6
108,live,90,12
108,live,91,13
108,live,92,2
108,live,93,3
108,live,94,4
108,live,95,4
108,live,96,7
108,live,97,7
108,live,98,5
108,live,99,12
108,live,100,4
108,live,101,3
108,live,102,10
108,live,103,18
108,live,104,16
108,live,105,131
108,live,106,161
108,live,107,113
108,live,108,1
109,removed,0,28922
109,removed,1,12410
109,removed,2,5495
109,removed,3,2658
109,removed,4,1609
109,removed,5,971
109,removed,6,754
109,removed,7,581
109,removed,8,399
109,removed,9,361
109,removed,10,320
109,removed,11,264
109,removed,12,224
109,removed,13,145
109,removed,14,168
109,removed,15,143
109,removed,16,107
109,removed,17,73
109,removed,18,117
109,removed,19,40
109,removed,20,83
109,removed,21,27
109,removed,22,33
109,removed,23,13
109,removed,24,11
109,removed,25,13
109,removed,26,2
109,removed,27,3
109,removed,28,2
109,removed,29,2
109,removed,30,0
109,removed,31,0
109,removed,32,0
109,removed,33,0
109,removed,34,0
109,removed,35,0
109,removed,36,0
109,removed,37,0
109,removed,38,0
109,removed,39,0
109,removed,40,0
109,removed,41,0
109,removed,42,0
109,removed,43,0
109,removed,44,0
109,removed,45,0
109,removed,46,0
109,removed,47,0
109,removed,48,0
109,removed,49,0
109,removed,50,0
109,removed,51,0
109,removed,52,0
109,removed,53,0
109,removed,54,0
109,removed,55,0
109,removed,56,0
109,removed,57,0
109,removed,58,0
109,removed,59,0
109,removed,60,0
109,removed,61,0
109,removed,62,0
109,removed,63,1
109,removed,64,1
109,removed,65,3
109,removed,66,1
109,removed,67,0
109,removed,68,0
109,removed,69,0
109,removed,70,0
109,removed,71,0
109,removed,72,0
109,removed,73,0
109,removed,74,0
109,removed,75,0
109,removed,76,0
109,removed,77,0
109,removed,78,0
109,removed,79,0
109,removed,80,0
109,removed,81,0
109,removed,82,0
109,removed,83,0
109,removed,84,0
109,removed,85,0
109,removed,86,0
109,removed,87,0
109,removed,88,0
109,removed,89,0
109,removed,90,0
109,removed,91,0
109,removed,92,0
109,removed,93,0
109,removed,94,0
109,removed,95,0
109,removed,96,0
109,removed,97,0
109,removed,98,0
109,removed,99,0
109,removed,100,0
109,removed,101,0
109,removed,102,0
109,removed,103,0
109,removed,104,0
109,removed,105,0
109,removed,106,0
109,removed,107,0
109,removed,108,0
109,live,0,0
109,live,1,22828
109,live,2,11539
109,live,3,6814
109,live,4,4841
109,live,5,3551
109,live,6,2809
109,live,7,2334
109,live,8,2093
109,live,9,1815
109,live,10,1644
109,live,11,1513
109,live,12,1305
109,live,13,1184
109,live,14,1047
109,live,15,956
109,live,16,907
109,live,17,832
109,live,18,3406
109,live,19,2880
109,live,20,2835
109,live,21,3815
109,live,22,6375
109,live,23,6233
109,live,24,10883
109,live,25,11462
109,live,26,6602
109,live,27,5247
109,live,28,4267
109,live,29,2724
109,live,30,1198
109,live,31,190
109,live,32,95
109,live,33,57
109,live,34,27
109,live,35,32
109,live,36,25
109,live,37,25
109,live,38,28
109,live,39,25
109,live,40,27
109,live,41,23
109,live,42,30
109,live,43,33
109,live,44,33
109,live,45,39
109,live,46,33
109,live,47,37
109,live,48,43
109,live,49,47
109,live,50,37
109,live,51,48
109,live,52,83
109,live,53,82
109,live,54,79
109,live,55,73
109,live,56,120
109,live,57,93
109,live,58,139
109,live,59,105
109,live,60,115
109,live,61,88
109,live,62,73
109,live,63,224
109,live,64,518
109,live,65,628
109,live,66,1193
109,live,67,2261
109,live,68,2705
109,live,69,1080
109,live,70,1906
109,live,71,1132
109,live,72,576
109,live,73,182
109,live,74,65
109,live,75,56
109,live,76,31
109,live,77,15
109,live,78,13
109,live,79,7
109,live,80,5
109,live,81,13
109,live,82,5
109,live,83,6
109,live,84,7
109,live,85,7
109,live,86,8
109,live,87,6
109,live,88,9
109,live,89,9
109,live,90,6
109,live,91,12
109,live,92,13
109,live,93,2
109,live,94,3
109,live,95,4
109,live,96,4
109,live,97,7
109,live,98,7
109,live,99,5
109,live,100,12
109,live,101,4
109,live,102,3
109,live,103,10
109,live,104,18
109,live,105,16
109,live,106,131
109,live,107,161
109,live,108,113
109,live,109,1
110,removed,0,29393
110,removed,1,12327
110,removed,2,5360
110,removed,3,2675
110,removed,4,1773
110,removed,5,1079
110,removed,6,749
110,removed,7,565
110,removed,8,445
110,removed,9,386
110,removed,10,318
110,removed,11,269
110,removed,12,184
110,removed,13,188
110,removed,14,165
110,removed,15,148
110,removed,16,93
110,removed,17,75
110,removed,18,76
110,removed,19,70
110,removed,20,23
110,removed,21,18
110,removed,22,12
110,removed,23,9
110,removed,24,3
110,removed,25,0
110,removed,26,5
110,removed,27,0
110,removed,28,1
110,removed,29,0
110,removed,30,0
110,removed,31,0
110,removed,32,0
110,removed,33,0
110,removed,34,0
110,removed,35,0
110,removed,36,0
110,removed,37,0
110,removed,38,0
110,removed,39,0
110,removed,40,0
110,removed,41,0
110,removed,42,0
110,removed,43,1
110,removed,44,0
110,removed,45,0
110,removed,46,0
110,removed,47,0
110,removed,48,0
110,removed,49,0
110,removed,50,0
110,removed,51,0
110,removed,52,0
110,removed,53,0
110,removed,54,0
110,removed,55,0
110,removed,56,0
110,removed,57,0
110,removed,58,0
110,removed,59,0
110,removed,60,0
110,removed,61,0
110,removed,62,0
110,removed,63,0
110,removed,64,0
110,removed,65,1
110,removed,66,0
110,removed,67,0
110,removed,68,0
110,removed,69,0
110,removed,70,0
110,removed,71,1
110,removed,72,0
110,removed,73,0
110,removed,74,0
110,removed,75,0
110,removed,76,0
110,removed,77,0
110,removed,78,0
110,removed,79,0
110,removed,80,0
110,removed,81,0
110,removed,82,0
110,removed,83,0
110,removed,84,0
110,removed,85,0
110,removed,86,0
110,removed,87,0
110,removed,88,0
110,removed,89,0
110,removed,90,0
110,removed,91,0
110,removed,92,0
110,removed,93,0
110,removed,94,0
110,removed,95,0
110,removed,96,0
110,removed,97,0
110,removed,98,0
110,removed,99,0
110,removed,100,0
110,removed,101,0
110,removed,102,0
110,removed,103,0
110,removed,104,0
110,removed,105,0
110,removed,106,0
110,removed,107,0
110,removed,108,0
110,removed,109,0
110,live,0,0
110,live,1,22393
110,live,2,10501
110,live,3,6179
110,live,4,4139
110,live,5,3068
110,live,6,2472
110,live,7,2060
110,live,8,1769
110,live,9,1648
110,live,10,1429
110,live,11,1326
110,live,12,1244
110,live,13,1121
110,live,14,996
110,live,15,882
110,live,16,808
110,live,17,814
110,live,18,757
110,live,19,3330
110,live,20,2810
110,live,21,2812
110,live,22,3797
110,live,23,6363
110,live,24,6224
110,live,25,10880
110,live,26,11462
110,live,27,6597
110,live,28,5247
110,live,29,4266
110,live,30,2724
110,live,31,1198
110,live,32,190
110,live,33,95
110,live,34,57
110,live,35,27
110,live,36,32
110,live,37,25
110,live,38,25
110,live,39,28
110,live,40,25
110,live,41,27
110,live,42,23
110,live,43,30
110,live,44,32
110,live,45,33
110,live,46,39
110,live,47,33
110,live,48,37
110,live,49,43
110,live,50,47
110,live,51,37
110,live,52,48
110,live,53,83
110,live,54,82
110,live,55,79
110,live,56,73
110,live,57,120
110,live,58,93
110,live,59,139
110,live,60,105
110,live,61,115
110,live,62,88
110,live,63,73
110,live,64,224
110,live,65,518
110,live,66,627
110,live,67,1193
110,live,68,2261
110,live,69,2705
110,live,70,1080
110,live,71,1906
110,live,72,1131
110,live,73,576
110,live,74,182
110,live,75,65
110,live,76,56
110,live,77,31
110,live,78,15
110,live,79,13
110,live,80,7
110,live,81,5
110,live,82,13
110,live,83,5
110,live,84,6
110,live,85,7
110,live,86,7
110,live,87,8
110,live,88,6
110,live,89,9
110,live,90,9
110,live,91,6
110,live,92,12
110,live,93,13
110,live,94,2
110,live,95,3
110,live,96,4
110,live,97,4
110,live,98,7
110,live,99,7
110,live,100,5
110,live,101,12
110,live,102,4
110,live,103,3
110,live,104,10
110,live,105,18
110,live,106,16
110,live,107,131
110,live,108,161
110,live,109,113
110,live,110,1
111,removed,0,29974
111,removed,1,12302
111,removed,2,4896
111,removed,3,2419
111,removed,4,1321
111,removed,5,920
111,removed,6,630
111,removed,7,523
111,removed,8,448
111,removed,9,376
111,removed,10,285
111,removed,11,210
111,removed,12,213
111,removed,13,189
111,removed,14,142
111,removed,15,122
111,removed,16,119
111,removed,17,85
111,removed,18,64
111,removed,19,105
111,removed,20,36
111,removed,21,40
111,removed,22,175
111,removed,23,73
111,removed,24,78
111,removed,25,71
111,removed,26,53
111,removed,27,34
111,removed,28,4
111,removed,29,37
111,removed,30,10
111,removed,31,31
111,removed,32,0
111,removed,33,0
111,removed,34,0
111,removed,35,0
111,removed,36,1
111,removed,37,1
111,removed,38,0
111,removed,39,0
111,removed,40,0
111,removed,41,1
111,removed,42,0
111,removed,43,0
111,removed,44,0
111,removed,45,0
111,removed,46,0
111,removed,47,0
111,removed,48,0
111,removed,49,0
111,removed,50,0
111,removed,51,0
111,removed,52,1
111,removed,53,0
111,removed,54,0
111,removed,55,1
111,removed,56,0
111,removed,57,1
111,removed,58,1
111,removed,59,1
111,removed,60,0
111,removed,61,1
111,removed,62,0
111,removed,63,0
111,removed,64,2
111,removed,65,15
111,removed,66,4
111,removed,67,17
111,removed,68,15
111,removed,69,5
111,removed,70,13
111,removed,71,13
111,removed,72,3
111,removed,73,8
111,removed,74,1
111,removed,75,0
111,removed,76,0
111,removed,77,0
111,removed,78,0
111,removed,79,0
111,removed,80,0
111,removed,81,0
111,removed,82,0
111,removed,83,0
111,removed,84,0
111,removed,85,0
111,removed,86,0
111,removed,87,0
111,removed,88,0
111,removed,89,0
111,removed,90,0
111,removed,91,0
111,removed,92,0
111,removed,93,0
111,removed,94,0
111,removed,95,0
111,removed,96,0
111,removed,97,0
111,removed,98,0
111,removed,99,0
111,removed,100,0
111,removed,101,0
111,removed,102,0
111,removed,103,0
111,removed,104,0
111,removed,105,0
111,removed,106,0
111,removed,107,1
111,removed,108,0
111,removed,109,0
111,removed,110,0
111,live,0,0
111,live,1,21898
111,live,2,10091
111,live,3,5605
111,live,4,3760
111,live,5,2818
111,live,6,2148
111,live,7,1842
111,live,8,1537
111,live,9,1321
111,live,10,1272
111,live,11,1144
111,live,12,1116
111,live,13,1031
111,live,14,932
111,live,15,854
111,live,16,760
111,live,17,689
111,live,18,729
111,live,19,693
111,live,20,3225
111,live,21,2774
111,live,22,2772
111,live,23,3622
111,live,24,6290
111,live,25,6146
111,live,26,10809
111,live,27,11409
111,live,28,6563
111,live,29,5243
111,live,30,4229
111,live,31,2714
111,live,32,1167
111,live,33,190
111,live,34,95
111,live,35,57
111,live,36,27
111,live,37,31
111,live,38,24
111,live,39,25
111,live,40,28
111,live,41,25
111,live,42,26
111,live,43,23
111,live,44,30
111,live,45,32
111,live,46,33
111,live,47,39
111,live,48,33
111,live,49,37
111,live,50,43
111,live,51,47
111,live,52,37
111,live,53,47
111,live,54,83
111,live,55,82
111,live,56,78
111,live,57,73
111,live,58,119
111,live,59,92
111,live,60,138
111,live,61,105
111,live,62,114
111,live,63,88
111,live,64,73
111,live,65,222
111,live,66,503
111,live,67,623
111,live,68,1176
111,live,69,2246
111,live,70,2700
111,live,71,1067
111,live,72,1893
111,live,73,1128
111,live,74,568
111,live,75,181
111,live,76,65
111,live,77,56
111,live,78,31
111,live,79,15
111,live,80,13
111,live,81,7
111,live,82,5
111,live,83,13
111,live,84,5
111,live,85,6
111,live,86,7
111,live,87,7
111,live,88,8
111,live,89,6
111,live,90,9
111,live,91,9
111,live,92,6
111,live,93,12
111,live,94,13
111,live,95,2
111,live,96,3
111,live,97,4
111,live,98,4
111,live,99,7
111,live,100,7
111,live,101,5
111,live,102,12
111,live,103,4
111,live,104,3
111,live,105,10
111,live,106,18
111,live,107,16
111,live,108,130
111,live,109,161
111,live,110,113
111,live,111,1
112,removed,0,31845
112,removed,1,12523
112,removed,2,4879
112,removed,3,2413
112,removed,4,1392
112,removed,5,984
112,removed,6,618
112,removed,7,469
112,removed,8,322
112,removed,9,230
112,removed,10,214
112,removed,11,177
112,removed,12,155
112,removed,13,135
112,removed,14,87
112,removed,15,125
112,removed,16,69
112,removed,17,53
112,removed,18,81
112,removed,19,71
112,removed,20,32
112,removed,21,87
112,removed,22,45
112,removed,23,18
112,removed,24,89
112,removed,25,20
112,removed,26,76
112,removed,27,51
112,removed,28,59
112,removed,29,2
112,removed,30,47
112,removed,31,4
112,removed,32,18
112,removed,33,2
112,removed,34,1
112,removed,35,0
112,removed,36,0
112,removed,37,0
112,removed,38,0
112,removed,39,0
112,removed,40,0
112,removed,41,0
112,removed,42,0
112,removed,43,0
112,removed,44,0
112,removed,45,0
112,removed,46,0
112,removed,47,0
112,removed,48,0
112,removed,49,0
112,removed,50,0
112,removed,51,0
112,removed,52,0
112,removed,53,0
112,removed,54,0
112,removed,55,0
112,removed,56,0
112,removed,57,0
112,removed,58,0
112,removed,59,0
112,removed,60,0
112,removed,61,0
112,removed,62,0
112,removed,63,0
112,removed,64,1
112,removed,65,0
112,removed,66,18
112,removed,67,9
112,removed,68,15
112,removed,69,7
112,removed,70,2
112,removed,71,5
112,removed,72,2
112,removed,73,6
112,removed,74,0
112,removed,75,0
112,removed,76,0
112,removed,77,0
112,removed,78,0
112,removed,79,0
112,removed,80,0
112,removed,81,0
112,removed,82,0
112,removed,83,0
112,removed,84,0
112,removed,85,0
112,removed,86,0
112,removed,87,0
112,removed,88,0
112,removed,89,0
112,removed,90,0
112,removed,91,0
112,removed,92,0
112,removed,93,0
112,removed,94,0
112,removed,95,0
112,removed,96,0
112,removed,97,0
112,removed,98,0
112,removed,99,0
112,removed,100,0
112,removed,101,0
112,removed,102,0
112,removed,103,0
112,removed,104,0
112,removed,105,0
112,removed,106,0
112,removed,107,0
112,removed,108,0
112,removed,109,0
112,removed,110,0
112,removed,111,0
112,live,0,0
112,live,1,20031
112,live,2,9375
112,live,3,5212
112,live,4,3192
112,live,5,2368
112,live,6,1834
112,live,7,1530
112,live,8,1373
112,live,9,1215
112,live,10,1091
112,live,11,1058
112,live,12,967
112,live,13,961
112,live,14,896
112,live,15,845
112,live,16,729
112,live,17,691
112,live,18,636
112,live,19,648
112,live,20,622
112,live,21,3193
112,live,22,2687
112,live,23,2727
112,live,24,3604
112,live,25,6201
112,live,26,6126
112,live,27,10733
112,live,28,11358
112,live,29,6504
112,live,30,5241
112,live,31,4182
112,live,32,2710
112,live,33,1149
112,live,34,188
112,live,35,94
112,live,36,57
112,live,37,27
112,live,38,31
112,live,39,24
112,live,40,25
112,live,41,28
112,live,42,25
112,live,43,26
112,live,44,23
112,live,45,30
112,live,46,32
112,live,47,33
112,live,48,39
112,live,49,33
112,live,50,37
112,live,51,43
112,live,52,47
112,live,53,37
112,live,54,47
112,live,55,83
112,live,56,82
112,live,57,78
112,live,58,73
112,live,59,119
112,live,60,92
112,live,61,138
112,live,62,105
112,live,63,114
112,live,64,88
112,live,65,72
112,live,66,222
112,live,67,485
112,live,68,614
112,live,69,1161
112,live,70,2239
112,live,71,2698
112,live,72,1062
112,live,73,1891
112,live,74,1122
112,live,75,568
112,live,76,181
112,live,77,65
112,live,78,56
112,live,79,31
112,live,80,15
112,live,81,13
112,live,82,7
112,live,83,5
112,live,84,13
112,live,85,5
112,live,86,6
112,live,87,7
112,live,88,7
112,live,89,8
112,live,90,6
112,live,91,9
112,live,92,9
112,live,93,6
112,live,94,12
112,live,95,13
112,live,96,2
112,live,97,3
112,live,98,4
112,live,99,4
112,live,100,7
112,live,101,7
112,live,102,5
112,live,103,12
112,live,104,4
112,live,105,3
112,live,106,10
112,live,107,18
112,live,108,16
112,live,109,130
112,live,110,161
112,live,111,113
112,live,112,1
113,removed,0,31693
113,removed,1,11892
113,removed,2,4594
113,removed,3,2160
113,removed,4,1153
113,removed,5,727
113,removed,6,450
113,removed,7,344
113,removed,8,336
113,removed,9,244
113,removed,10,202
113,removed,11,171
113,removed,12,136
113,removed,13,126
113,removed,14,97
113,removed,15,92
113,removed,16,73
113,removed,17,57
113,removed,18,46
113,removed,19,49
113,removed,20,43
113,removed,21,43
113,removed,22,24
113,removed,23,20
113,removed,24,166
113,removed,25,5
113,removed,26,57
113,removed,27,14
113,removed,28,4
113,removed,29,1
113,removed,30,1
113,removed,31,0
113,removed,32,0
113,removed,33,0
113,removed,34,0
113,removed,35,0
113,removed,36,0
113,removed,37,0
113,removed,38,0
113,removed,39,0
113,removed,40,0
113,removed,41,0
113,removed,42,0
113,removed,43,0
113,removed,44,0
113,removed,45,0
113,removed,46,0
113,removed,47,0
113,removed,48,0
113,removed,49,0
113,removed,50,0
113,removed,51,0
113,removed,52,0
113,removed,53,0
113,removed,54,0
113,removed,55,0
113,removed,56,0
113,removed,57,0
113,removed,58,0
113,removed,59,0
113,removed,60,0
113,removed,61,0
113,removed,62,0
113,removed,63,0
113,removed,64,0
113,removed,65,0
113,removed,66,0
113,removed,67,0
113,removed,68,0
113,removed,69,0
113,removed,70,2
113,removed,71,0
113,removed,72,0
113,removed,73,0
113,removed,74,0
113,removed,75,0
113,removed,76,0
113,removed,77,0
113,removed,78,0
113,removed,79,0
113,removed,80,0
113,removed,81,0
113,removed,82,0
113,removed,83,0
113,removed,84,0
113,removed,85,0
113,removed,86,0
113,removed,87,0
113,removed,88,0
113,removed,89,0
113,removed,90,0
113,removed,91,0
113,removed,92,0
113,removed,93,0
113,removed,94,0
113,removed,95,0
113,removed,96,0
113,removed,97,0
113,removed,98,0
113,removed,99,0
113,removed,100,0
113,removed,101,0
113,removed,102,0
113,removed,103,0
113,removed,104,0
113,removed,105,0
113,removed,106,0
113,removed,107,0
113,removed,108,0
113,removed,109,0
113,removed,110,0
113,removed,111,0
113,removed,112,0
113,live,0,0
113,live,1,20307
113,live,2,8139
113,live,3,4781
113,live,4,3052
113,live,5,2039
113,live,6,1641
113,live,7,1384
113,live,8,1186
113,live,9,1037
113,live,10,971
113,live,11,889
113,live,12,887
113,live,13,831
113,live,14,835
113,live,15,799
113,live,16,753
113,live,17,656
113,live,18,634
113,live,19,590
113,live,20,599
113,live,21,579
113,live,22,3150
113,live,23,2663
113,live,24,2707
113,live,25,3438
113,live,26,6196
113,live,27,6069
113,live,28,10719
113,live,29,11354
113,live,30,6503
113,live,31,5240
113,live,32,4182
113,live,33,2710
113,live,34,1149
113,live,35,188
113,live,36,94
113,live,37,57
113,live,38,27
113,live,39,31
113,live,40,24
113,live,41,25
113,live,42,28
113,live,43,25
113,live,44,26
113,live,45,23
113,live,46,30
113,live,47,32
113,live,48,33
113,live,49,39
113,live,50,33
113,live,51,37
113,live,52,43
113,live,53,47
113,live,54,37
113,live,55,47
113,live,56,83
113,live,57,82
113,live,58,78
113,live,59,73
113,live,60,119
113,live,61,92
113,live,62,138
113,live,63,105
113,live,64,114
113,live,65,88
113,live,66,72
113,live,67,222
113,live,68,485
113,live,69,614
113,live,70,1161
113,live,71,2237
113,live,72,2698
113,live,73,1062
113,live,74,1891
113,live,75,1122
113,live,76,568
113,live,77,181
113,live,78,65
113,live,79,56
113,live,80,31
113,live,81,15
113,live,82,13
113,live,83,7
113,live,84,5
113,live,85,13
113,live,86,5
113,live,87,6
113,live,88,7
113,live,89,7
113,live,90,8
113,live,91,6
113,live,92,9
113,live,93,9
113,live,94,6
113,live,95,12
113,live,96,13
113,live,97,2
113,live,98,3
113,live,99,4
113,live,100,4
113,live,101,7
113,live,102,7
113,live,103,5
113,live,104,12
113,live,105,4
113,live,106,3
113,live,107,10
113,live,108,18
113,live,109,16
113,live,110,130
113,live,111,161
113,live,112,113
113,live,113,1
114,removed,0,32729
114,removed,1,12048
114,removed,2,3974
114,removed,3,1943
114,removed,4,1078
114,removed,5,619
114,removed,6,431
114,removed,7,312
114,removed,8,229
114,removed,9,186
114,removed,10,161
114,removed,11,119
114,removed,12,92
114,removed,13,102
114,removed,14,85
114,removed,15,78
114,removed,16,63
114,removed,17,55
114,removed,18,17
114,removed,19,23
114,removed,20,26
114,removed,21,17
114,removed,22,53
114,removed,23,52
114,removed,24,37
114,removed,25,23
114,removed,26,17
114,removed,27,4
114,removed,28,22
114,removed,29,0
114,removed,30,9
114,removed,31,0
114,removed,32,3
114,removed,33,0
114,removed,34,0
114,removed,35,0
114,removed,36,0
114,removed,37,0
114,removed,38,0
114,removed,39,0
114,removed,40,0
114,removed,41,0
114,removed,42,0
114,removed,43,0
114,removed,44,0
114,removed,45,0
114,removed,46,0
114,removed,47,0
114,removed,48,0
114,removed,49,0
114,removed,50,0
114,removed,51,0
114,removed,52,0
114,removed,53,0
114,removed,54,0
114,removed,55,0
114,removed,56,0
114,removed,57,0
114,removed,58,0
114,removed,59,0
114,removed,60,0
114,removed,61,0
114,removed,62,0
114,removed,63,0
114,removed,64,0
114,removed,65,0
114,removed,66,0
114,removed,67,1
114,removed,68,1
114,removed,69,0
114,removed,70,1
114,removed,71,0
114,removed,72,0
114,removed,73,0
114,removed,74,0
114,removed,75,0
114,removed,76,0
114,removed,77,0
114,removed,78,0
114,removed,79,0
114,removed,80,0
114,removed,81,0
114,removed,82,0
114,removed,83,0
114,removed,84,0
114,removed,85,0
114,removed,86,0
114,removed,87,0
114,removed,88,0
114,removed,89,0
114,removed,90,0
114,removed,91,0
114,removed,92,0
114,removed,93,0
114,removed,94,0
114,removed,95,0
114,removed,96,0
114,removed,97,0
114,removed,98,0
114,removed,99,0
114,removed,100,0
114,removed,101,0
114,removed,102,0
114,removed,103,0
114,removed,104,0
114,removed,105,0
114,removed,106,0
114,removed,107,0
114,removed,108,0
114,removed,109,0
114,removed,110,0
114,removed,111,0
114,removed,112,0
114,removed,113,0
114,live,0,0
114,live,1,19415
114,live,2,8259
114,live,3,4165
114,live,4,2838
114,live,5,1974
114,live,6,1420
114,live,7,1210
114,live,8,1072
114,live,9,957
114,live,10,851
114,live,11,810
114,live,12,770
114,live,13,795
114,live,14,729
114,live,15,750
114,live,16,721
114,live,17,690
114,live,18,601
114,live,19,617
114,live,20,567
114,live,21,573
114,live,22,562
114,live,23,3097
114,live,24,2611
114,live,25,2670
114,live,26,3415
114,live,27,6179
114,live,28,6065
114,live,29,10697
114,live,30,11354
114,live,31,6494
114,live,32,5240
114,live,33,4179
114,live,34,2710
114,live,35,1149
114,live,36,188
114,live,37,94
114,live,38,57
114,live,39,27
114,live,40,31
114,live,41,24
114,live,42,25
114,live,43,28
114,live,44,25
114,live,45,26
114,live,46,23
114,live,47,30
114,live,48,32
114,live,49,33
114,live,50,39
114,live,51,33
114,live,52,37
114,live,53,43
114,live,54,47
114,live,55,37
114,live,56,47
114,live,57,83
114,live,58,82
114,live,59,78
114,live,60,73
114,live,61,119
114,live,62,92
114,live,63,138
114,live,64,105
114,live,65,114
114,live,66,88
114,live,67,72
114,live,68,221
114,live,69,484
114,live,70,614
114,live,71,1160
114,live,72,2237
114,live,73,2698
114,live,74,1062
114,live,75,1891
114,live,76,1122
114,live,77,568
114,live,78,181
114,live,79,65
114,live,80,56
114,live,81,31
114,live,82,15
114,live,83,13
114,live,84,7
114,live,85,5
114,live,86,13
114,live,87,5
114,live,88,6
114,live,89,7
114,live,90,7
114,live,91,8
114,live,92,6
114,live,93,9
114,live,94,9
114,live,95,6
114,live,96,12
114,live,97,13
114,live,98,2
114,live,99,3
114,live,100,4
114,live,101,4
114,live,102,7
114,live,103,7
114,live,104,5
114,live,105,12
114,live,106,4
114,live,107,3
114,live,108,10
114,live,109,18
114,live,110,16
114,live,111,130
114,live,112,161
114,live,113,113
114,live,114,1
115,removed,0,33278
115,removed,1,11600
115,removed,2,4199
115,removed,3,1709
115,removed,4,1043
115,removed,5,657
115,removed,6,420
115,removed,7,288
115,removed,8,240
115,removed,9,201
115,removed,10,162
115,removed,11,120
115,removed,12,86
115,removed,13,104
115,removed,14,95
115,removed,15,70
115,removed,16,53
115,removed,17,56
115,removed,18,29
115,removed,19,38
115,removed,20,21
115,removed,21,25
115,removed,22,15
115,removed,23,117
115,removed,24,12
115,removed,25,17
115,removed,26,15
115,removed,27,174
115,removed,28,14
115,removed,29,98
115,removed,30,20
115,removed,31,15
115,removed,32,0
115,removed,33,3
115,removed,34,0
115,removed,35,9
115,removed,36,0
115,removed,37,1
115,removed,38,0
115,removed,39,0
115,removed,40,0
115,removed,41,1
115,removed,42,0
115,removed,43,0
115,removed,44,0
115,removed,45,0
115,removed,46,0
115,removed,47,0
115,removed,48,0
115,removed,49,1
115,removed,50,1
115,removed,51,1
115,removed,52,0
115,removed,53,0
115,removed,54,0
115,removed,55,0
115,removed,56,0
115,removed,57,0
115,removed,58,0
115,removed,59,0
115,removed,60,0
115,removed,61,0
115,removed,62,0
115,removed,63,0
115,removed,64,0
115,removed,65,0
115,removed,66,0
115,removed,67,0
115,removed,68,0
115,removed,69,4
115,removed,70,2
115,removed,71,4
115,removed,72,5
115,removed,73,0
115,removed,74,4
115,removed,75,1
115,removed,76,2
115,removed,77,0
115,removed,78,1
115,removed,79,0
115,removed,80,0
115,removed,81,0
115,removed,82,0
115,removed,83,0
115,removed,84,0
115,removed,85,0
115,removed,86,0
115,removed,87,0
115,removed,88,0
115,removed,89,0
115,removed,90,0
115,removed,91,0
115,removed,92,0
115,removed,93,0
115,removed,94,0
115,removed,95,0
115,removed,96,0
115,removed,97,0
115,removed,98,0
115,removed,99,0
115,removed,100,0
115,removed,101,0
115,removed,102,0
115,removed,103,0
115,removed,104,0
115,removed,105,0
115,removed,106,0
115,removed,107,0
115,removed,108,0
115,removed,109,0
115,removed,110,0
115,removed,111,0
115,removed,112,0
115,removed,113,0
115,removed,114,0
115,live,0,0
115,live,1,19046
115,live,2,7815
115,live,3,4060
115,live,4,2456
115,live,5,1795
115,live,6,1317
115,live,7,1000
115,live,8,922
115,live,9,832
115,live,10,756
115,live,11,689
115,live,12,690
115,live,13,684
115,live,14,691
115,live,15,634
115,live,16,680
115,live,17,668
115,live,18,634
115,live,19,572
115,live,20,579
115,live,21,546
115,live,22,548
115,live,23,547
115,live,24,2980
115,live,25,2599
115,live,26,2653
115,live,27,3400
115,live,28,6005
115,live,29,6051
115,live,30,10599
115,live,31,11334
115,live,32,6479
115,live,33,5240
115,live,34,4176
115,live,35,2710
115,live,36,1140
115,live,37,188
115,live,38,93
115,live,39,57
115,live,40,27
115,live,41,31
115,live,42,23
115,live,43,25
115,live,44,28
115,live,45,25
115,live,46,26
115,live,47,23
115,live,48,30
115,live,49,32
115,live,50,32
115,live,51,38
115,live,52,32
115,live,53,37
115,live,54,43
115,live,55,47
115,live,56,37
115,live,57,47
115,live,58,83
115,live,59,82
115,live,60,78
115,live,61,73
115,live,62,119
115,live,63,92
115,live,64,138
115,live,65,105
115,live,66,114
115,live,67,88
115,live,68,72
115,live,69,221
115,live,70,480
115,live,71,612
115,live,72,1156
115,live,73,2232
115,live,74,2698
115,live,75,1058
115,live,76,1890
115,live,77,1120
115,live,78,568
115,live,79,180
115,live,80,65
115,live,81,56
115,live,82,31
115,live,83,15
115,live,84,13
115,live,85,7
115,live,86,5
115,live,87,13
115,live,88,5
115,live,89,6
115,live,90,7
115,live,91,7
115,live,92,8
115,live,93,6
115,live,94,9
115,live,95,9
115,live,96,6
115,live,97,12
115,live,98,13
115,live,99,2
115,live,100,3
115,live,101,4
115,live,102,4
115,live,103,7
115,live,104,7
115,live,105,5
115,live,106,12
115,live,107,4
115,live,108,3
115,live,109,10
115,live,110,18
115,live,111,16
115,live,112,130
115,live,113,161
115,live,114,113
115,live,115,1
116,removed,0,34373
116,removed,1,12107
116,removed,2,4105
116,removed,3,1946
116,removed,4,1008
116,removed,5,629
116,removed,6,418
116,removed,7,273
116,removed,8,178
116,removed,9,157
116,removed,10,120
116,removed,11,123
116,removed,12,82
116,removed,13,60
116,removed,14,66
116,removed,15,50
116,removed,16,61
116,removed,17,59
116,removed,18,42
116,removed,19,38
116,removed,20,13
116,removed,21,14
116,removed,22,19
116,removed,23,20
116,removed,24,58
116,removed,25,43
116,removed,26,9
116,removed,27,12
116,removed,28,121
116,removed,29,3
116,removed,30,89
116,removed,31,55
116,removed,32,65
116,removed,33,5
116,removed,34,21
116,removed,35,14
116,removed,36,12
116,removed,37,0
116,removed,38,0
116,removed,39,0
116,removed,40,0
116,removed,41,0
116,removed,42,0
116,removed,43,1
116,removed,44,0
116,removed,45,0
116,removed,46,0
116,removed,47,1
116,removed,48,0
116,removed,49,0
116,removed,50,0
116,removed,51,0
116,removed,52,0
116,removed,53,0
116,removed,54,0
116,removed,55,1
116,removed,56,0
116,removed,57,0
116,removed,58,0
116,removed,59,0
116,removed,60,0
116,removed,61,0
116,removed,62,0
116,removed,63,0
116,removed,64,0
116,removed,65,0
116,removed,66,0
116,removed,67,0
116,removed,68,0
116,removed,69,0
116,removed,70,13
116,removed,71,0
116,removed,72,18
116,removed,73,21
116,removed,74,13
116,removed,75,3
116,removed,76,0
116,removed,77,1
116,removed,78,1
116,removed,79,7
116,removed,80,1
116,removed,81,0
116,removed,82,0
116,removed,83,1
116,removed,84,0
116,removed,85,0
116,removed,86,0
116,removed,87,0
116,removed,88,0
116,removed,89,0
116,removed,90,0
116,removed,91,0
116,removed,92,0
116,removed,93,0
116,removed,94,1
116,removed,95,1
116,removed,96,1
116,removed,97,1
116,removed,98,0
116,removed,99,0
116,removed,100,0
116,removed,101,0
116,removed,102,0
116,removed,103,0
116,removed,104,0
116,removed,105,0
116,removed,106,0
116,removed,107,0
116,removed,108,0
116,removed,109,0
116,removed,110,0
116,removed,111,0
116,removed,112,1
116,removed,113,0
116,removed,114,0
116,removed,115,0
116,live,0,0
116,live,1,18125
116,live,2,6939
116,live,3,3710
116,live,4,2114
116,live,5,1448
116,live,6,1166
116,live,7,899
116,live,8,727
116,live,9,744
116,live,10,675
116,live,11,636
116,live,12,566
116,live,13,608
116,live,14,624
116,live,15,625
116,live,16,584
116,live,17,619
116,live,18,609
116,live,19,592
116,live,20,534
116,live,21,566
116,live,22,532
116,live,23,529
116,live,24,527
116,live,25,2922
116,live,26,2556
116,live,27,2644
116,live,28,3388
116,live,29,5884
116,live,30,6048
116,live,31,10510
116,live,32,11279
116,live,33,6414
116,live,34,5235
116,live,35,4155
116,live,36,2696
116,live,37,1128
116,live,38,188
116,live,39,93
116,live,40,57
116,live,41,27
116,live,42,31
116,live,43,23
116,live,44,24
116,live,45,28
116,live,46,25
116,live,47,26
116,live,48,22
116,live,49,30
116,live,50,32
116,live,51,32
116,live,52,38
116,live,53,32
116,live,54,37
116,live,55,43
116,live,56,46
116,live,57,37
116,live,58,47
116,live,59,83
116,live,60,82
116,live,61,78
116,live,62,73
116,live,63,119
116,live,64,92
116,live,65,138
116,live,66,105
116,live,67,114
116,live,68,88
116,live,69,72
116,live,70,221
116,live,71,467
116,live,72,612
116,live,73,1138
116,live,74,2211
116,live,75,2685
116,live,76,1055
116,live,77,1890
116,live,78,1119
116,live,79,567
116,live,80,173
116,live,81,64
116,live,82,56
116,live,83,31
116,live,84,14
116,live,85,13
116,live,86,7
116,live,87,5
116,live,88,13
116,live,89,5
116,live,90,6
116,live,91,7
116,live,92,7
116,live,93,8
116,live,94,6
116,live,95,8
116,live,96,8
116,live,97,5
116,live,98,11
116,live,99,13
116,live,100,2
116,live,101,3
116,live,102,4
116,live,103,4
116,live,104,7
116,live,105,7
116,live,106,5
116,live,107,12
116,live,108,4
116,live,109,3
116,live,110,10
116,live,111,18
116,live,112,16
116,live,113,129
116,live,114,161
116,live,115,113
116,live,116,1
117,removed,0,35646
117,removed,1,11705
117,removed,2,3931
117,removed,3,1813
117,removed,4,908
117,removed,5,511
117,removed,6,385
117,removed,7,200
117,removed,8,143
117,removed,9,122
117,removed,10,101
117,removed,11,79
117,removed,12,51
117,removed,13,46
117,removed,14,43
117,removed,15,42
117,removed,16,37
117,removed,17,33
117,removed,18,34
117,removed,19,23
117,removed,20,13
117,removed,21,11
117,removed,22,13
117,removed,23,13
117,removed,24,17
117,removed,25,110
117,removed,26,37
117,removed,27,60
117,removed,28,23
117,removed,29,9
117,removed,30,11
117,removed,31,15
117,removed,32,2
117,removed,33,8
117,removed,34,0
117,removed,35,1
117,removed,36,0
117,removed,37,0
117,removed,38,0
117,removed,39,0
117,removed,40,0
117,removed,41,0
117,removed,42,0
117,removed,43,0
117,removed,44,0
117,removed,45,0
117,removed,46,0
117,removed,47,0
117,removed,48,0
117,removed,49,0
117,removed,50,0
117,removed,51,0
117,removed,52,0
117,removed,53,0
117,removed,54,0
117,removed,55,0
117,removed,56,0
117,removed,57,0
117,removed,58,0
117,removed,59,0
117,removed,60,0
117,removed,61,0
117,removed,62,0
117,removed,63,0
117,removed,64,0
117,removed,65,0
117,removed,66,0
117,removed,67,0
117,removed,68,0
117,removed,69,0
117,removed,70,0
117,removed,71,0
117,removed,72,0
117,removed,73,0
117,removed,74,0
117,removed,75,0
117,removed,76,0
117,removed,77,0
117,removed,78,0
117,removed,79,0
117,removed,80,0
117,removed,81,1
117,removed,82,0
117,removed,83,0
117,removed,84,0
117,removed,85,0
117,removed,86,0
117,removed,87,0
117,removed,88,0
117,removed,89,0
117,removed,90,0
117,removed,91,0
117,removed,92,0
117,removed,93,0
117,removed,94,0
117,removed,95,0
117,removed,96,0
117,removed,97,0
117,removed,98,0
117,removed,99,0
117,removed,100,0
117,removed,101,0
117,removed,102,0
117,removed,103,0
117,removed,104,0
117,removed,105,0
117,removed,106,0
117,removed,107,0
117,removed,108,0
117,removed,109,0
117,removed,110,0
117,removed,111,0
117,removed,112,0
117,removed,113,0
117,removed,114,0
117,removed,115,0
117,removed,116,0
117,live,0,0
117,live,1,17244
117,live,2,6420
117,live,3,3008
117,live,4,1897
117,live,5,1206
117,live,6,937
117,live,7,781
117,live,8,699
117,live,9,584
117,live,10,622
117,live,11,574
117,live,12,557
117,live,13,515
117,live,14,562
117,live,15,581
117,live,16,583
117,live,17,547
117,live,18,586
117,live,19,575
117,live,20,569
117,live,21,521
117,live,22,555
117,live,23,519
117,live,24,516
117,live,25,510
117,live,26,2812
117,live,27,2519
117,live,28,2584
117,live,29,3365
117,live,30,5875
117,live,31,6037
117,live,32,10495
117,live,33,11277
117,live,34,6406
117,live,35,5235
117,live,36,4154
117,live,37,2696
117,live,38,1128
117,live,39,188
117,live,40,93
117,live,41,57
117,live,42,27
117,live,43,31
117,live,44,23
117,live,45,24
117,live,46,28
117,live,47,25
117,live,48,26
117,live,49,22
117,live,50,30
117,live,51,32
117,live,52,32
117,live,53,38
117,live,54,32
117,live,55,37
117,live,56,43
117,live,57,46
117,live,58,37
117,live,59,47
117,live,60,83
117,live,61,82
117,live,62,78
117,live,63,73
117,live,64,119
117,live,65,92
117,live,66,138
117,live,67,105
117,live,68,114
117,live,69,88
117,live,70,72
117,live,71,221
117,live,72,467
117,live,73,612
117,live,74,1138
117,live,75,2211
117,live,76,2685
117,live,77,1055
117,live,78,1890
117,live,79,1119
117,live,80,567
117,live,81,173
117,live,82,63
117,live,83,56
117,live,84,31
117,live,85,14
117,live,86,13
117,live,87,7
117,live,88,5
117,live,89,13
117,live,90,5
117,live,91,6
117,live,92,7
117,live,93,7
117,live,94,8
117,live,95,6
117,live,96,8
117,live,97,8
117,live,98,5
117,live,99,11
117,live,100,13
117,live,101,2
117,live,102,3
117,live,103,4
117,live,104,4
117,live,105,7
117,live,106,7
117,live,107,5
117,live,108,12
117,live,109,4
117,live,110,3
117,live,111,10
117,live,112,18
117,live,113,16
117,live,114,129
117,live,115,161
117,live,116,113
117,live,117,1
118,removed,0,36801
118,removed,1,11203
118,removed,2,3786
118,removed,3,1459
118,removed,4,771
118,removed,5,427
118,removed,6,277
118,removed,7,202
118,removed,8,128
118,removed,9,70
118,removed,10,75
118,removed,11,60
118,removed,12,45
118,removed,13,43
118,removed,14,54
118,removed,15,51
118,removed,16,34
118,removed,17,23
118,removed,18,26
118,removed,19,21
118,removed,20,20
118,removed,21,15
118,removed,22,11
118,removed,23,14
118,removed,24,14
118,removed,25,13
118,removed,26,201
118,removed,27,151
118,removed,28,88
118,removed,29,111
118,removed,30,80
118,removed,31,69
118,removed,32,48
118,removed,33,55
118,removed,34,22
118,removed,35,19
118,removed,36,3
118,removed,37,6
118,removed,38,0
118,removed,39,0
118,removed,40,0
118,removed,41,2
118,removed,42,0
118,removed,43,0
118,removed,44,0
118,removed,45,0
118,removed,46,0
118,removed,47,0
118,removed,48,0
118,removed,49,0
118,removed,50,0
118,removed,51,0
118,removed,52,0
118,removed,53,0
118,removed,54,0
118,removed,55,0
118,removed,56,0
118,removed,57,0
118,removed,58,0
118,removed,59,0
118,removed,60,0
118,removed,61,0
118,removed,62,0
118,removed,63,0
118,removed,64,0
118,removed,65,0
118,removed,66,0
118,removed,67,0
118,removed,68,0
118,removed,69,0
118,removed,70,0
118,removed,71,0
118,removed,72,0
118,removed,73,1
118,removed,74,1
118,removed,75,0
118,removed,76,1
118,removed,77,0
118,removed,78,0
118,removed,79,0
118,removed,80,0
118,removed,81,0
118,removed,82,0
118,removed,83,0
118,removed,84,0
118,removed,85,0
118,removed,86,0
118,removed,87,0
118,removed,88,0
118,removed,89,0
118,removed,90,0
118,removed,91,0
118,removed,92,0
118,removed,93,0
118,removed,94,0
118,removed,95,0
118,removed,96,0
118,removed,97,0
118,removed,98,0
118,removed,99,0
118,removed,100,0
118,removed,101,0
118,removed,102,0
118,removed,103,0
118,removed,104,0
118,removed,105,0
118,removed,106,0
118,removed,107,0
118,removed,108,0
118,removed,109,0
118,removed,110,0
118,removed,111,0
118,removed,112,0
118,removed,113,0
118,removed,114,0
118,removed,115,0
118,removed,116,0
118,removed,117,0
118,live,0,0
118,live,1,16705
118,live,2,6041
118,live,3,2634
118,live,4,1549
118,live,5,1126
118,live,6,779
118,live,7,660
118,live,8,579
118,live,9,571
118,live,10,514
118,live,11,547
118,live,12,514
118,live,13,512
118,live,14,472
118,live,15,508
118,live,16,530
118,live,17,549
118,live,18,524
118,live,19,560
118,live,20,554
118,live,21,549
118,live,22,506
118,live,23,544
118,live,24,505
118,live,25,502
118,live,26,497
118,live,27,2611
118,live,28,2368
118,live,29,2496
118,live,30,3254
118,live,31,5795
118,live,32,5968
118,live,33,10447
118,live,34,11222
118,live,35,6384
118,live,36,5216
118,live,37,4151
118,live,38,2690
118,live,39,1128
118,live,40,188
118,live,41,93
118,live,42,55
118,live,43,27
118,live,44,31
118,live,45,23
118,live,46,24
118,live,47,28
118,live,48,25
118,live,49,26
118,live,50,22
118,live,51,30
118,live,52,32
118,live,53,32
118,live,54,38
118,live,55,32
118,live,56,37
118,live,57,43
118,live,58,46
118,live,59,37
118,live,60,47
118,live,61,83
118,live,62,82
118,live,63,78
118,live,64,73
118,live,65,119
118,live,66,92
118,live,67,138
118,live,68,105
118,live,69,114
118,live,70,88
118,live,71,72
118,live,72,221
118,live,73,467
118,live,74,611
118,live,75,1137
118,live,76,2211
118,live,77,2684
118,live,78,1055
118,live,79,1890
118,live,80,1119
118,live,81,567
118,live,82,173
118,live,83,63
118,live,84,56
118,live,85,31
118,live,86,14
118,live,87,13
118,live,88,7
118,live,89,5
118,live,90,13
118,live,91,5
118,live,92,6
118,live,93,7
118,live,94,7
118,live,95,8
118,live,96,6
118,live,97,8
118,live,98,8
118,live,99,5
118,live,100,11
118,live,101,13
118,live,102,2
118,live,103,3
118,live,104,4
118,live,105,4
118,live,106,7
118,live,107,7
118,live,108,5
118,live,109,12
118,live,110,4
118,live,111,3
118,live,112,10
118,live,113,18
118,live,114,16
118,live,115,129
118,live,116,161
118,live,117,113
118,live,118,1
119,removed,0,36844
119,removed,1,10731
119,removed,2,3247
119,removed,3,1264
119,removed,4,613
119,removed,5,354
119,removed,6,178
119,removed,7,128
119,removed,8,99
119,removed,9,78
119,removed,10,50
119,removed,11,61
119,removed,12,41
119,removed,13,47
119,removed,14,34
119,removed,15,33
119,removed,16,30
119,removed,17,28
119,removed,18,21
119,removed,19,21
119,removed,20,28
119,removed,21,23
119,removed,22,15
119,removed,23,27
119,removed,24,16
119,removed,25,25
119,removed,26,17
119,removed,27,102
119,removed,28,305
119,removed,29,60
119,removed,30,51
119,removed,31,456
119,removed,32,22
119,removed,33,402
119,removed,34,187
119,removed,35,113
119,removed,36,57
119,removed,37,15
119,removed,38,62
119,removed,39,11
119,removed,40,0
119,removed,41,0
119,removed,42,0
119,removed,43,3
119,removed,44,0
119,removed,45,0
119,removed,46,0
119,removed,47,0
119,removed,48,1
119,removed,49,0
119,removed,50,0
119,removed,51,3
119,removed,52,1
119,removed,53,1
119,removed,54,1
119,removed,55,2
119,removed,56,1
119,removed,57,0
119,removed,58,0
119,removed,59,0
119,removed,60,0
119,removed,61,0
119,removed,62,0
119,removed,63,1
119,removed,64,0
119,removed,65,1
119,removed,66,0
119,removed,67,4
119,removed,68,0
119,removed,69,1
119,removed,70,1
119,removed,71,2
119,removed,72,2
119,removed,73,33
119,removed,74,10
119,removed,75,38
119,removed,76,31
119,removed,77,9
119,removed,78,21
119,removed,79,2
119,removed,80,20
119,removed,81,2
119,removed,82,5
119,removed,83,3
119,removed,84,1
119,removed,85,1
119,removed,86,0
119,removed,87,0
119,removed,88,0
119,removed,89,0
119,removed,90,0
119,removed,91,0
119,removed,92,0
119,removed,93,0
119,removed,94,0
119,removed,95,0
119,removed,96,0
119,removed,97,0
119,removed,98,1
119,removed,99,0
119,removed,100,1
119,removed,101,1
119,removed,102,0
119,removed,103,0
119,removed,104,0
119,removed,105,0
119,removed,106,0
119,removed,107,0
119,removed,108,0
119,removed,109,0
119,removed,110,0
119,removed,111,0
119,removed,112,0
119,removed,113,0
119,removed,114,0
119,removed,115,4
119,removed,116,1
119,removed,117,0
119,removed,118,0
119,live,0,0
119,live,1,17353
119,live,2,5974
119,live,3,2794
119,live,4,1370
119,live,5,936
119,live,6,772
119,live,7,601
119,live,8,532
119,live,9,480
119,live,10,493
119,live,11,464
119,live,12,486
119,live,13,473
119,live,14,465
119,live,15,438
119,live,16,475
119,live,17,500
119,live,18,521
119,live,19,503
119,live,20,539
119,live,21,526
119,live,22,526
119,live,23,491
119,live,24,517
119,live,25,489
119,live,26,477
119,live,27,480
119,live,28,2509
119,live,29,2063
119,live,30,2436
119,live,31,3203
119,live,32,5339
119,live,33,5946
119,live,34,10045
119,live,35,11035
119,live,36,6271
119,live,37,5159
119,live,38,4136
119,live,39,2628
119,live,40,1117
119,live,41,188
119,live,42,93
119,live,43,55
119,live,44,24
119,live,45,31
119,live,46,23
119,live,47,24
119,live,48,28
119,live,49,24
119,live,50,26
119,live,51,22
119,live,52,27
119,live,53,31
119,live,54,31
119,live,55,37
119,live,56,30
119,live,57,36
119,live,58,43
119,live,59,46
119,live,60,37
119,live,61,47
119,live,62,83
119,live,63,82
119,live,64,77
119,live,65,73
119,live,66,118
119,live,67,92
119,live,68,134
119,live,69,105
119,live,70,113
119,live,71,87
119,live,72,70
119,live,73,219
119,live,74,434
119,live,75,601
119,live,76,1099
119,live,77,2180
119,live,78,2675
119,live,79,1034
119,live,80,1888
119,live,81,1099
119,live,82,565
119,live,83,168
119,live,84,60
119,live,85,55
119,live,86,30
119,live,87,14
119,live,88,13
119,live,89,7
119,live,90,5
119,live,91,13
119,live,92,5
119,live,93,6
119,live,94,7
119,live,95,7
119,live,96,8
119,live,97,6
119,live,98,8
119,live,99,7
119,live,100,5
119,live,101,10
119,live,102,12
119,live,103,2
119,live,104,3
119,live,105,4
119,live,106,4
119,live,107,7
119,live,108,7
119,live,109,5
119,live,110,12
119,live,111,4
119,live,112,3
119,live,113,10
119,live,114,18
119,live,115,16
119,live,116,125
119,live,117,160
119,live,118,113
119,live,119,1
120,removed,0,37383
120,removed,1,11559
120,removed,2,3310
120,removed,3,1400
120,removed,4,542
120,removed,5,306
120,removed,6,192
120,removed,7,131
120,removed,8,99
120,removed,9,59
120,removed,10,55
120,removed,11,38
120,removed,12,38
120,removed,13,38
120,removed,14,26
120,removed,15,24
120,removed,16,26
120,removed,17,24
120,removed,18,27
120,removed,19,18
120,removed,20,26
120,removed,21,23
120,removed,22,23
120,removed,23,21
120,removed,24,18
120,removed,25,17
120,removed,26,15
120,removed,27,12
120,removed,28,309
120,removed,29,264
120,removed,30,120
120,removed,31,102
120,removed,32,138
120,removed,33,67
120,removed,34,81
120,removed,35,33
120,removed,36,12
120,removed,37,8
120,removed,38,6
120,removed,39,9
120,removed,40,3
120,removed,41,0
120,removed,42,0
120,removed,43,0
120,removed,44,0
120,removed,45,0
120,removed,46,0
120,removed,47,0
120,removed,48,0
120,removed,49,0
120,removed,50,0
120,removed,51,0
120,removed,52,0
120,removed,53,0
120,removed,54,0
120,removed,55,0
120,removed,56,0
120,removed,57,0
120,removed,58,0
120,removed,59,0
120,removed,60,0
120,removed,61,0
120,removed,62,0
120,removed,63,0
120,removed,64,0
120,removed,65,0
120,removed,66,0
120,removed,67,0
120,removed,68,0
120,removed,69,0
120,removed,70,1
120,removed,71,1
120,removed,72,0
120,removed,73,0
120,removed,74,8
120,removed,75,2
120,removed,76,0
120,removed,77,1
120,removed,78,2
120,removed,79,0
120,removed,80,0
120,removed,81,0
120,removed,82,5
120,removed,83,0
120,removed,84,0
120,removed,85,0
120,removed,86,0
120,removed,87,0
120,removed,88,0
120,removed,89,0
120,removed,90,0
120,removed,91,0
120,removed,92,0
120,removed,93,0
120,removed,94,0
120,removed,95,0
120,removed,96,0
120,removed,97,0
120,removed,98,0
120,removed,99,0
120,removed,100,0
120,removed,101,0
120,removed,102,0
120,removed,103,0
120,removed,104,0
120,removed,105,0
120,removed,106,0
120,removed,107,0
120,removed,108,0
120,removed,109,0
120,removed,110,0
120,removed,111,0
120,removed,112,0
120,removed,113,0
120,removed,114,0
120,removed,115,0
120,removed,116,0
120,removed,117,0
120,removed,118,0
120,removed,119,0
120,live,0,0
120,live,1,17961
120,live,2,5794
120,live,3,2664
120,live,4,1394
120,live,5,828
120,live,6,630
120,live,7,580
120,live,8,470
120,live,9,433
120,live,10,421
120,live,11,438
120,live,12,426
120,live,13,448
120,live,14,435
120,live,15,439
120,live,16,414
120,live,17,449
120,live,18,476
120,live,19,494
120,live,20,485
120,live,21,513
120,live,22,503
120,live,23,503
120,live,24,470
120,live,25,499
120,live,26,472
120,live,27,462
120,live,28,468
120,live,29,2200
120,live,30,1799
120,live,31,2316
120,live,32,3101
120,live,33,5201
120,live,34,5879
120,live,35,9964
120,live,36,11002
120,live,37,6259
120,live,38,5151
120,live,39,4130
120,live,40,2619
120,live,41,1114
120,live,42,188
120,live,43,93
120,live,44,55
120,live,45,24
120,live,46,31
120,live,47,23
120,live,48,24
120,live,49,28
120,live,50,24
120,live,51,26
120,live,52,22
120,live,53,27
120,live,54,31
120,live,55,31
120,live,56,37
120,live,57,30
120,live,58,36
120,live,59,43
120,live,60,46
120,live,61,37
120,live,62,47
120,live,63,83
120,live,64,82
120,live,65,77
120,live,66,73
120,live,67,118
120,live,68,92
120,live,69,134
120,live,70,105
120,live,71,112
120,live,72,86
120,live,73,70
120,live,74,219
120,live,75,426
120,live,76,599
120,live,77,1099
120,live,78,2179
120,live,79,2673
120,live,80,1034
120,live,81,1888
120,live,82,1099
120,live,83,560
120,live,84,168
120,live,85,60
120,live,86,55
120,live,87,30
120,live,88,14
120,live,89,13
120,live,90,7
120,live,91,5
120,live,92,13
120,live,93,5
120,live,94,6
120,live,95,7
120,live,96,7
120,live,97,8
120,live,98,6
120,live,99,8
120,live,100,7
120,live,101,5
120,live,102,10
120,live,103,12
120,live,104,2
120,live,105,3
120,live,106,4
120,live,107,4
120,live,108,7
120,live,109,7
120,live,110,5
120,live,111,12
120,live,112,4
120,live,113,3
120,live,114,10
120,live,115,18
120,live,116,16
120,live,117,125
120,live,118,160
120,live,119,113
120,live,120,1
121,removed,0,36582
121,removed,1,11529
121,removed,2,3446
121,removed,3,1380
121,removed,4,620
121,removed,5,265
121,removed,6,164
121,removed,7,130
121,removed,8,69
121,removed,9,74
121,removed,10,60
121,removed,11,55
121,removed,12,46
121,removed,13,41
121,removed,14,36
121,removed,15,30
121,removed,16,32
121,removed,17,30
121,removed,18,38
121,removed,19,26
121,removed,20,31
121,removed,21,19
121,removed,22,29
121,removed,23,28
121,removed,24,27
121,removed,25,28
121,removed,26,24
121,removed,27,21
121,removed,28,24
121,removed,29,663
121,removed,30,356
121,removed,31,508
121,removed,32,154
121,removed,33,382
121,removed,34,142
121,removed,35,159
121,removed,36,1282
121,removed,37,47
121,removed,38,712
121,removed,39,184
121,removed,40,150
121,removed,41,18
121,removed,42,3
121,removed,43,1
121,removed,44,1
121,removed,45,0
121,removed,46,1
121,removed,47,0
121,removed,48,0
121,removed,49,1
121,removed,50,0
121,removed,51,0
121,removed,52,0
121,removed,53,0
121,removed,54,0
121,removed,55,0
121,removed,56,1
121,removed,57,0
121,removed,58,0
121,removed,59,0
121,removed,60,1
121,removed,61,0
121,removed,62,0
121,removed,63,1
121,removed,64,1
121,removed,65,1
121,removed,66,1
121,removed,67,0
121,removed,68,0
121,removed,69,0
121,removed,70,2
121,removed,71,0
121,removed,72,4
121,removed,73,0
121,removed,74,20
121,removed,75,14
121,removed,76,20
121,removed,77,3
121,removed,78,10
121,removed,79,221
121,removed,80,8
121,removed,81,154
121,removed,82,31
121,removed,83,15
121,removed,84,5
121,removed,85,7
121,removed,86,0
121,removed,87,0
121,removed,88,1
121,removed,89,0
121,removed,90,0
121,removed,91,0
121,removed,92,0
121,removed,93,0
121,removed,94,0
121,removed,95,0
121,removed,96,0
121,removed,97,0
121,removed,98,0
121,removed,99,0
121,removed,100,1
121,removed,101,1
121,removed,102,0
121,removed,103,0
121,removed,104,0
121,removed,105,1
121,removed,106,1
121,removed,107,1
121,removed,108,2
121,removed,109,0
121,removed,110,1
121,removed,111,1
121,removed,112,1
121,removed,113,0
121,removed,114,0
121,removed,115,0
121,removed,116,1
121,removed,117,8
121,removed,118,25
121,removed,119,14
121,removed,120,0
121,live,0,0
121,live,1,20043
121,live,2,6432
121,live,3,2348
121,live,4,1284
121,live,5,774
121,live,6,563
121,live,7,466
121,live,8,450
121,live,9,401
121,live,10,359
121,live,11,361
121,live,12,383
121,live,13,380
121,live,14,407
121,live,15,399
121,live,16,409
121,live,17,382
121,live,18,419
121,live,19,438
121,live,20,468
121,live,21,454
121,live,22,494
121,live,23,474
121,live,24,475
121,live,25,443
121,live,26,471
121,live,27,448
121,live,28,441
121,live,29,444
121,live,30,1537
121,live,31,1443
121,live,32,1808
121,live,33,2947
121,live,34,4819
121,live,35,5737
121,live,36,9805
121,live,37,9720
121,live,38,6212
121,live,39,4439
121,live,40,3946
121,live,41,2469
121,live,42,1096
121,live,43,185
121,live,44,92
121,live,45,54
121,live,46,24
121,live,47,30
121,live,48,23
121,live,49,24
121,live,50,27
121,live,51,24
121,live,52,26
121,live,53,22
121,live,54,27
121,live,55,31
121,live,56,31
121,live,57,36
121,live,58,30
121,live,59,36
121,live,60,43
121,live,61,45
121,live,62,37
121,live,63,47
121,live,64,82
121,live,65,81
121,live,66,76
121,live,67,72
121,live,68,118
121,live,69,92
121,live,70,134
121,live,71,103
121,live,72,112
121,live,73,82
121,live,74,70
121,live,75,199
121,live,76,412
121,live,77,579
121,live,78,1096
121,live,79,2169
121,live,80,2452
121,live,81,1026
121,live,82,1734
121,live,83,1068
121,live,84,545
121,live,85,163
121,live,86,53
121,live,87,55
121,live,88,30
121,live,89,13
121,live,90,13
121,live,91,7
121,live,92,5
121,live,93,13
121,live,94,5
121,live,95,6
121,live,96,7
121,live,97,7
121,live,98,8
121,live,99,6
121,live,100,8
121,live,101,6
121,live,102,4
121,live,103,10
121,live,104,12
121,live,105,2
121,live,106,2
121,live,107,3
121,live,108,3
121,live,109,5
121,live,110,7
121,live,111,4
121,live,112,11
121,live,113,3
121,live,114,3
121,live,115,10
121,live,116,18
121,live,117,15
121,live,118,117
121,live,119,135
121,live,120,99
121,live,121,1
122,removed,0,28363
122,removed,1,11287
122,removed,2,3126
122,removed,3,1020
122,removed,4,491
122,removed,5,222
122,removed,6,128
122,removed,7,105
122,removed,8,88
122,removed,9,76
122,removed,10,58
122,removed,11,53
122,removed,12,54
122,removed,13,55
122,removed,14,47
122,removed,15,43
122,removed,16,44
122,removed,17,51
122,removed,18,44
122,removed,19,54
122,removed,20,42
122,removed,21,54
122,removed,22,45
122,removed,23,45
122,removed,24,50
122,removed,25,39
122,removed,26,42
122,removed,27,43
122,removed,28,34
122,removed,29,47
122,removed,30,187
122,removed,31,634
122,removed,32,565
122,removed,33,967
122,removed,34,478
122,removed,35,778
122,removed,36,382
122,removed,37,265
122,removed,38,171
122,removed,39,104
122,removed,40,41
122,removed,41,84
122,removed,42,26
122,removed,43,4
122,removed,44,8
122,removed,45,2
122,removed,46,0
122,removed,47,1
122,removed,48,1
122,removed,49,0
122,removed,50,0
122,removed,51,0
122,removed,52,0
122,removed,53,0
122,removed,54,0
122,removed,55,0
122,removed,56,0
122,removed,57,4
122,removed,58,2
122,removed,59,1
122,removed,60,0
122,removed,61,0
122,removed,62,0
122,removed,63,0
122,removed,64,0
122,removed,65,6
122,removed,66,5
122,removed,67,2
122,removed,68,0
122,removed,69,0
122,removed,70,4
122,removed,71,3
122,removed,72,1
122,removed,73,2
122,removed,74,1
122,removed,75,22
122,removed,76,20
122,removed,77,30
122,removed,78,21
122,removed,79,17
122,removed,80,19
122,removed,81,9
122,removed,82,1
122,removed,83,2
122,removed,84,1
122,removed,85,1
122,removed,86,0
122,removed,87,0
122,removed,88,0
122,removed,89,0
122,removed,90,0
122,removed,91,0
122,removed,92,0
122,removed,93,0
122,removed,94,0
122,removed,95,0
122,removed,96,0
122,removed,97,0
122,removed,98,0
122,removed,99,0
122,removed,100,0
122,removed,101,0
122,removed,102,0
122,removed,103,0
122,removed,104,0
122,removed,105,0
122,removed,106,0
122,removed,107,0
122,removed,108,0
122,removed,109,0
122,removed,110,0
122,removed,111,0
122,removed,112,0
122,removed,113,0
122,removed,114,0
122,removed,115,2
122,removed,116,0
122,removed,117,0
122,removed,118,1
122,removed,119,0
122,removed,120,0
122,removed,121,0
122,live,0,0
122,live,1,28791
122,live,2,8756
122,live,3,3306
122,live,4,1328
122,live,5,793
122,live,6,552
122,live,7,435
122,live,8,361
122,live,9,362
122,live,10,325
122,live,11,301
122,live,12,308
122,live,13,329
122,live,14,325
122,live,15,360
122,live,16,356
122,live,17,365
122,live,18,331
122,live,19,375
122,live,20,384
122,live,21,426
122,live,22,400
122,live,23,449
122,live,24,429
122,live,25,425
122,live,26,404
122,live,27,429
122,live,28,405
122,live,29,407
122,live,30,397
122,live,31,1350
122,live,32,809
122,live,33,1243
122,live,34,1980
122,live,35,4341
122,live,36,4959
122,live,37,9423
122,live,38,9455
122,live,39,6041
122,live,40,4335
122,live,41,3905
122,live,42,2385
122,live,43,1070
122,live,44,181
122,live,45,84
122,live,46,52
122,live,47,24
122,live,48,29
122,live,49,22
122,live,50,24
122,live,51,27
122,live,52,24
122,live,53,26
122,live,54,22
122,live,55,27
122,live,56,31
122,live,57,31
122,live,58,32
122,live,59,28
122,live,60,35
122,live,61,43
122,live,62,45
122,live,63,37
122,live,64,47
122,live,65,82
122,live,66,75
122,live,67,71
122,live,68,70
122,live,69,118
122,live,70,92
122,live,71,130
122,live,72,100
122,live,73,111
122,live,74,80
122,live,75,69
122,live,76,177
122,live,77,392
122,live,78,549
122,live,79,1075
122,live,80,2152
122,live,81,2433
122,live,82,1017
122,live,83,1733
122,live,84,1066
122,live,85,544
122,live,86,162
122,live,87,53
122,live,88,55
122,live,89,30
122,live,90,13
122,live,91,13
122,live,92,7
122,live,93,5
122,live,94,13
122,live,95,5
122,live,96,6
122,live,97,7
122,live,98,7
122,live,99,8
122,live,100,6
122,live,101,8
122,live,102,6
122,live,103,4
122,live,104,10
122,live,105,12
122,live,106,2
122,live,107,2
122,live,108,3
122,live,109,3
122,live,110,5
122,live,111,7
122,live,112,4
122,live,113,11
122,live,114,3
122,live,115,3
122,live,116,8
122,live,117,18
122,live,118,15
122,live,119,116
122,live,120,135
122,live,121,99
122,live,122,1
123,removed,0,24158
123,removed,1,17087
123,removed,2,4629
123,removed,3,1765
123,removed,4,662
123,removed,5,350
123,removed,6,243
123,removed,7,171
123,removed,8,128
123,removed,9,122
123,removed,10,119
123,removed,11,98
123,removed,12,118
123,removed,13,106
123,removed,14,114
123,removed,15,125
123,removed,16,119
123,removed,17,114
123,removed,18,121
123,removed,19,103
123,removed,20,98
123,removed,21,99
123,removed,22,119
123,removed,23,117
123,removed,24,108
123,removed,25,116
123,removed,26,119
123,removed,27,120
123,removed,28,105
123,removed,29,122
123,removed,30,98
123,removed,31,601
123,removed,32,198
123,removed,33,460
123,removed,34,382
123,removed,35,1753
123,removed,36,1525
123,removed,37,2987
123,removed,38,2281
123,removed,39,1202
123,removed,40,832
123,removed,41,737
123,removed,42,407
123,removed,43,209
123,removed,44,35
123,removed,45,8
123,removed,46,6
123,removed,47,4
123,removed,48,3
123,removed,49,2
123,removed,50,2
123,removed,51,4
123,removed,52,3
123,removed,53,6
123,removed,54,5
123,removed,55,7
123,removed,56,2
123,removed,57,6
123,removed,58,2
123,removed,59,7
123,removed,60,6
123,removed,61,9
123,removed,62,6
123,removed,63,6
123,removed,64,8
123,removed,65,6
123,removed,66,7
123,removed,67,14
123,removed,68,10
123,removed,69,12
123,removed,70,12
123,removed,71,17
123,removed,72,14
123,removed,73,11
123,removed,74,9
123,removed,75,7
123,removed,76,16
123,removed,77,76
123,removed,78,77
123,removed,79,184
123,removed,80,249
123,removed,81,297
123,removed,82,83
123,removed,83,234
123,removed,84,109
123,removed,85,97
123,removed,86,34
123,removed,87,12
123,removed,88,9
123,removed,89,9
123,removed,90,4
123,removed,91,3
123,removed,92,4
123,removed,93,1
123,removed,94,0
123,removed,95,1
123,removed,96,1
123,removed,97,0
123,removed,98,0
123,removed,99,0
123,removed,100,1
123,removed,101,3
123,removed,102,4
123,removed,103,3
123,removed,104,4
123,removed,105,4
123,removed,106,1
123,removed,107,0
123,removed,108,0
123,removed,109,1
123,removed,110,0
123,removed,111,0
123,removed,112,0
123,removed,113,4
123,removed,114,0
123,removed,115,0
123,removed,116,0
123,removed,117,0
123,removed,118,4
123,removed,119,24
123,removed,120,15
123,removed,121,15
123,removed,122,0
123,live,0,0
123,live,1,31184
123,live,2,11704
123,live,3,4127
123,live,4,1541
123,live,5,666
123,live,6,443
123,live,7,309
123,live,8,264
123,live,9,233
123,live,10,240
123,live,11,206
123,live,12,203
123,live,13,190
123,live,14,223
123,live,15,211
123,live,16,235
123,live,17,237
123,live,18,251
123,live,19,210
123,live,20,272
123,live,21,286
123,live,22,327
123,live,23,281
123,live,24,332
123,live,25,321
123,live,26,309
123,live,27,285
123,live,28,309
123,live,29,300
123,live,30,285
123,live,31,299
123,live,32,749
123,live,33,611
123,live,34,783
123,live,35,1598
123,live,36,2588
123,live,37,3434
123,live,38,6436
123,live,39,7174
123,live,40,4839
123,live,41,3503
123,live,42,3168
123,live,43,1978
123,live,44,861
123,live,45,146
123,live,46,76
123,live,47,46
123,live,48,20
123,live,49,26
123,live,50,20
123,live,51,22
123,live,52,23
123,live,53,21
123,live,54,20
123,live,55,17
123,live,56,20
123,live,57,29
123,live,58,25
123,live,59,30
123,live,60,21
123,live,61,29
123,live,62,34
123,live,63,39
123,live,64,31
123,live,65,39
123,live,66,76
123,live,67,68
123,live,68,57
123,live,69,60
123,live,70,106
123,live,71,80
123,live,72,113
123,live,73,86
123,live,74,100
123,live,75,71
123,live,76,62
123,live,77,161
123,live,78,316
123,live,79,472
123,live,80,891
123,live,81,1903
123,live,82,2136
123,live,83,934
123,live,84,1499
123,live,85,957
123,live,86,447
123,live,87,128
123,live,88,41
123,live,89,46
123,live,90,21
123,live,91,9
123,live,92,10
123,live,93,3
123,live,94,4
123,live,95,13
123,live,96,4
123,live,97,5
123,live,98,7
123,live,99,7
123,live,100,8
123,live,101,5
123,live,102,5
123,live,103,2
123,live,104,1
123,live,105,6
123,live,106,8
123,live,107,1
123,live,108,2
123,live,109,3
123,live,110,2
123,live,111,5
123,live,112,7
123,live,113,4
123,live,114,7
123,live,115,3
123,live,116,3
123,live,117,8
123,live,118,18
123,live,119,11
123,live,120,92
123,live,121,120
123,live,122,84
123,live,123,1
124,removed,0,19961
124,removed,1,14557
124,removed,2,6383
124,removed,3,2094
124,removed,4,695
124,removed,5,293
124,removed,6,179
124,removed,7,101
124,removed,8,75
124,removed,9,65
124,removed,10,66
124,removed,11,55
124,removed,12,50
124,removed,13,44
124,removed,14,45
124,removed,15,44
124,removed,16,47
124,removed,17,54
124,removed,18,57
124,removed,19,46
124,removed,20,55
124,removed,21,47
124,removed,22,64
124,removed,23,45
124,removed,24,50
124,removed,25,56
124,removed,26,39
124,removed,27,51
124,removed,28,61
124,removed,29,48
124,removed,30,58
124,removed,31,57
124,removed,32,224
124,removed,33,266
124,removed,34,311
124,removed,35,682
124,removed,36,303
124,removed,37,672
124,removed,38,1022
124,removed,39,1009
124,removed,40,749
124,removed,41,490
124,removed,42,390
124,removed,43,222
124,removed,44,72
124,removed,45,9
124,removed,46,6
124,removed,47,4
124,removed,48,2
124,removed,49,4
124,removed,50,1
124,removed,51,3
124,removed,52,4
124,removed,53,2
124,removed,54,1
124,removed,55,2
124,removed,56,2
124,removed,57,2
124,removed,58,3
124,removed,59,3
124,removed,60,1
124,removed,61,3
124,removed,62,3
124,removed,63,4
124,removed,64,0
124,removed,65,2
124,removed,66,4
124,removed,67,7
124,removed,68,5
124,removed,69,14
124,removed,70,9
124,removed,71,7
124,removed,72,9
124,removed,73,13
124,removed,74,18
124,removed,75,15
124,removed,76,13
124,removed,77,18
124,removed,78,25
124,removed,79,40
124,removed,80,47
124,removed,81,270
124,removed,82,141
124,removed,83,107
124,removed,84,119
124,removed,85,114
124,removed,86,31
124,removed,87,18
124,removed,88,2
124,removed,89,1
124,removed,90,0
124,removed,91,0
124,removed,92,0
124,removed,93,0
124,removed,94,2
124,removed,95,2
124,removed,96,1
124,removed,97,2
124,removed,98,3
124,removed,99,1
124,removed,100,1
124,removed,101,0
124,removed,102,0
124,removed,103,0
124,removed,104,0
124,removed,105,1
124,removed,106,0
124,removed,107,0
124,removed,108,0
124,removed,109,0
124,removed,110,0
124,removed,111,0
124,removed,112,3
124,removed,113,1
124,removed,114,0
124,removed,115,0
124,removed,116,0
124,removed,117,2
124,removed,118,0
124,removed,119,3
124,removed,120,8
124,removed,121,16
124,removed,122,7
124,removed,123,0
124,live,0,0
124,live,1,35609
124,live,2,16627
124,live,3,5321
124,live,4,2033
124,live,5,846
124,live,6,373
124,live,7,264
124,live,8,208
124,live,9,189
124,live,10,168
124,live,11,174
124,live,12,151
124,live,13,153
124,live,14,146
124,live,15,178
124,live,16,167
124,live,17,188
124,live,18,183
124,live,19,194
124,live,20,164
124,live,21,217
124,live,22,239
124,live,23,263
124,live,24,236
124,live,25,282
124,live,26,265
124,live,27,270
124,live,28,234
124,live,29,248
124,live,30,252
124,live,31,227
124,live,32,242
124,live,33,525
124,live,34,345
124,live,35,472
124,live,36,916
124,live,37,2285
124,live,38,2762
124,live,39,5414
124,live,40,6165
124,live,41,4090
124,live,42,3013
124,live,43,2778
124,live,44,1756
124,live,45,789
124,live,46,137
124,live,47,70
124,live,48,42
124,live,49,18
124,live,50,22
124,live,51,19
124,live,52,19
124,live,53,19
124,live,54,19
124,live,55,19
124,live,56,15
124,live,57,18
124,live,58,27
124,live,59,22
124,live,60,27
124,live,61,20
124,live,62,26
124,live,63,31
124,live,64,35
124,live,65,31
124,live,66,37
124,live,67,72
124,live,68,61
124,live,69,52
124,live,70,46
124,live,71,97
124,live,72,73
124,live,73,104
124,live,74,73
124,live,75,82
124,live,76,56
124,live,77,49
124,live,78,143
124,live,79,291
124,live,80,432
124,live,81,844
124,live,82,1633
124,live,83,1995
124,live,84,827
124,live,85,1380
124,live,86,843
124,live,87,416
124,live,88,110
124,live,89,39
124,live,90,45
124,live,91,21
124,live,92,9
124,live,93,10
124,live,94,3
124,live,95,2
124,live,96,11
124,live,97,3
124,live,98,3
124,live,99,4
124,live,100,6
124,live,101,7
124,live,102,5
124,live,103,5
124,live,104,2
124,live,105,1
124,live,106,5
124,live,107,8
124,live,108,1
124,live,109,2
124,live,110,3
124,live,111,2
124,live,112,5
124,live,113,4
124,live,114,3
124,live,115,7
124,live,116,3
124,live,117,3
124,live,118,6
124,live,119,18
124,live,120,8
124,live,121,84
124,live,122,104
124,live,123,77
124,live,124,1
125,removed,0,18718
125,removed,1,18756
125,removed,2,7405
125,removed,3,2779
125,removed,4,981
125,removed,5,367
125,removed,6,170
125,removed,7,107
125,removed,8,95
125,removed,9,79
125,removed,10,71
125,removed,11,66
125,removed,12,59
125,removed,13,58
125,removed,14,39
125,removed,15,46
125,removed,16,55
125,removed,17,57
125,removed,18,57
125,removed,19,51
125,removed,20,55
125,removed,21,64
125,removed,22,63
125,removed,23,68
125,removed,24,62
125,removed,25,65
125,removed,26,71
125,removed,27,87
125,removed,28,60
125,removed,29,71
125,removed,30,60
125,removed,31,51
125,removed,32,51
125,removed,33,107
125,removed,34,131
125,removed,35,119
125,removed,36,364
125,removed,37,932
125,removed,38,929
125,removed,39,1608
125,removed,40,1759
125,removed,41,1051
125,removed,42,718
125,removed,43,655
125,removed,44,287
125,removed,45,157
125,removed,46,19
125,removed,47,6
125,removed,48,8
125,removed,49,2
125,removed,50,3
125,removed,51,5
125,removed,52,4
125,removed,53,3
125,removed,54,2
125,removed,55,7
125,removed,56,4
125,removed,57,7
125,removed,58,6
125,removed,59,3
125,removed,60,3
125,removed,61,3
125,removed,62,4
125,removed,63,7
125,removed,64,9
125,removed,65,8
125,removed,66,8
125,removed,67,14
125,removed,68,6
125,removed,69,6
125,removed,70,5
125,removed,71,26
125,removed,72,7
125,removed,73,8
125,removed,74,19
125,removed,75,9
125,removed,76,4
125,removed,77,4
125,removed,78,14
125,removed,79,53
125,removed,80,89
125,removed,81,190
125,removed,82,297
125,removed,83,373
125,removed,84,160
125,removed,85,275
125,removed,86,165
125,removed,87,104
125,removed,88,39
125,removed,89,10
125,removed,90,13
125,removed,91,2
125,removed,92,2
125,removed,93,1
125,removed,94,0
125,removed,95,0
125,removed,96,0
125,removed,97,0
125,removed,98,1
125,removed,99,2
125,removed,100,1
125,removed,101,1
125,removed,102,0
125,removed,103,2
125,removed,104,1
125,removed,105,1
125,removed,106,1
125,removed,107,0
125,removed,108,0
125,removed,109,1
125,removed,110,1
125,removed,111,1
125,removed,112,2
125,removed,113,1
125,removed,114,0
125,removed,115,1
125,removed,116,0
125,removed,117,0
125,removed,118,0
125,removed,119,1
125,removed,120,3
125,removed,121,17
125,removed,122,33
125,removed,123,36
125,removed,124,0
125,live,0,0
125,live,1,26609
125,live,2,16853
125,live,3,9222
125,live,4,2542
125,live,5,1052
125,live,6,479
125,live,7,203
125,live,8,157
125,live,9,113
125,live,10,110
125,live,11,97
125,live,12,108
125,live,13,92
125,live,14,95
125,live,15,107
125,live,16,132
125,live,17,112
125,live,18,131
125,live,19,126
125,live,20,143
125,live,21,109
125,live,22,153
125,live,23,176
125,live,24,195
125,live,25,174
125,live,26,217
125,live,27,194
125,live,28,183
125,live,29,174
125,live,30,177
125,live,31,192
125,live,32,176
125,live,33,191
125,live,34,418
125,live,35,214
125,live,36,353
125,live,37,552
125,live,38,1353
125,live,39,1833
125,live,40,3806
125,live,41,4406
125,live,42,3039
125,live,43,2295
125,live,44,2123
125,live,45,1469
125,live,46,632
125,live,47,118
125,live,48,64
125,live,49,34
125,live,50,16
125,live,51,19
125,live,52,14
125,live,53,15
125,live,54,16
125,live,55,17
125,live,56,12
125,live,57,11
125,live,58,11
125,live,59,21
125,live,60,19
125,live,61,24
125,live,62,17
125,live,63,22
125,live,64,24
125,live,65,26
125,live,66,23
125,live,67,29
125,live,68,58
125,live,69,55
125,live,70,46
125,live,71,41
125,live,72,71
125,live,73,66
125,live,74,96
125,live,75,54
125,live,76,73
125,live,77,52
125,live,78,45
125,live,79,129
125,live,80,238
125,live,81,343
125,live,82,654
125,live,83,1336
125,live,84,1622
125,live,85,667
125,live,86,1105
125,live,87,678
125,live,88,312
125,live,89,71
125,live,90,29
125,live,91,32
125,live,92,19
125,live,93,7
125,live,94,9
125,live,95,3
125,live,96,2
125,live,97,11
125,live,98,3
125,live,99,2
125,live,100,2
125,live,101,5
125,live,102,6
125,live,103,5
125,live,104,3
125,live,105,1
125,live,106,0
125,live,107,4
125,live,108,8
125,live,109,1
125,live,110,1
125,live,111,2
125,live,112,1
125,live,113,3
125,live,114,3
125,live,115,3
125,live,116,6
125,live,117,3
125,live,118,3
125,live,119,6
125,live,120,17
125,live,121,5
125,live,122,67
125,live,123,71
125,live,124,41
125,live,125,1
126,removed,0,18729
126,removed,1,13332
126,removed,2,5995
126,removed,3,3205
126,removed,4,1204
126,removed,5,503
126,removed,6,181
126,removed,7,74
126,removed,8,59
126,removed,9,29
126,removed,10,25
126,removed,11,30
126,removed,12,28
126,removed,13,21
126,removed,14,27
126,removed,15,34
126,removed,16,28
126,removed,17,30
126,removed,18,25
126,removed,19,35
126,removed,20,47
126,removed,21,23
126,removed,22,31
126,removed,23,42
126,removed,24,45
126,removed,25,38
126,removed,26,48
126,removed,27,40
126,removed,28,45
126,removed,29,46
126,removed,30,44
126,removed,31,40
126,removed,32,44
126,removed,33,36
126,removed,34,154
126,removed,35,85
126,removed,36,134
126,removed,37,130
126,removed,38,351
126,removed,39,446
126,removed,40,812
126,removed,41,753
126,removed,42,492
126,removed,43,350
126,removed,44,308
126,removed,45,224
126,removed,46,83
126,removed,47,14
126,removed,48,13
126,removed,49,4
126,removed,50,2
126,removed,51,5
126,removed,52,2
126,removed,53,3
126,removed,54,3
126,removed,55,1
126,removed,56,0
126,removed,57,2
126,removed,58,1
126,removed,59,3
126,removed,60,7
126,removed,61,4
126,removed,62,3
126,removed,63,2
126,removed,64,3
126,removed,65,1
126,removed,66,4
126,removed,67,5
126,removed,68,5
126,removed,69,7
126,removed,70,5
126,removed,71,3
126,removed,72,7
126,removed,73,7
126,removed,74,20
126,removed,75,7
126,removed,76,16
126,removed,77,8
126,removed,78,12
126,removed,79,13
126,removed,80,56
126,removed,81,32
126,removed,82,86
126,removed,83,163
126,removed,84,153
126,removed,85,100
126,removed,86,103
126,removed,87,81
126,removed,88,57
126,removed,89,2
126,removed,90,3
126,removed,91,1
126,removed,92,1
126,removed,93,3
126,removed,94,1
126,removed,95,1
126,removed,96,0
126,removed,97,0
126,removed,98,1
126,removed,99,0
126,removed,100,0
126,removed,101,1
126,removed,102,0
126,removed,103,0
126,removed,104,0
126,removed,105,0
126,removed,106,0
126,removed,107,0
126,removed,108,2
126,removed,109,0
126,removed,110,0
126,removed,111,0
126,removed,112,0
126,removed,113,0
126,removed,114,0
126,removed,115,0
126,removed,116,4
126,removed,117,0
126,removed,118,0
126,removed,119,0
126,removed,120,0
126,removed,121,2
126,removed,122,6
126,removed,123,8
126,removed,124,8
126,removed,125,0
126,live,0,0
126,live,1,33906
126,live,2,13277
126,live,3,10858
126,live,4,6017
126,live,5,1338
126,live,6,549
126,live,7,298
126,live,8,129
126,live,9,98
126,live,10,84
126,live,11,85
126,live,12,67
126,live,13,80
126,live,14,71
126,live,15,68
126,live,16,73
126,live,17,104
126,live,18,82
126,live,19,106
126,live,20,91
126,live,21,96
126,live,22,86
126,live,23,122
126,live,24,134
126,live,25,150
126,live,26,136
126,live,27,169
126,live,28,154
126,live,29,138
126,live,30,128
126,live,31,133
126,live,32,152
126,live,33,132
126,live,34,155
126,live,35,264
126,live,36,129
126,live,37,219
126,live,38,422
126,live,39,1002
126,live,40,1387
126,live,41,2994
126,live,42,3653
126,live,43,2547
126,live,44,1945
126,live,45,1815
126,live,46,1245
126,live,47,549
126,live,48,104
126,live,49,51
126,live,50,30
126,live,51,14
126,live,52,14
126,live,53,12
126,live,54,12
126,live,55,13
126,live,56,16
126,live,57,12
126,live,58,9
126,live,59,10
126,live,60,18
126,live,61,12
126,live,62,20
126,live,63,14
126,live,64,20
126,live,65,21
126,live,66,25
126,live,67,19
126,live,68,24
126,live,69,53
126,live,70,48
126,live,71,41
126,live,72,38
126,live,73,64
126,live,74,59
126,live,75,76
126,live,76,47
126,live,77,57
126,live,78,44
126,live,79,33
126,live,80,116
126,live,81,182
126,live,82,311
126,live,83,568
126,live,84,1173
126,live,85,1469
126,live,86,567
126,live,87,1002
126,live,88,597
126,live,89,255
126,live,90,69
126,live,91,26
126,live,92,31
126,live,93,18
126,live,94,4
126,live,95,8
126,live,96,2
126,live,97,2
126,live,98,11
126,live,99,2
126,live,100,2
126,live,101,2
126,live,102,4
126,live,103,6
126,live,104,5
126,live,105,3
126,live,106,1
126,live,107,0
126,live,108,4
126,live,109,6
126,live,110,1
126,live,111,1
126,live,112,2
126,live,113,1
126,live,114,3
126,live,115,3
126,live,116,3
126,live,117,2
126,live,118,3
126,live,119,3
126,live,120,6
126,live,121,17
126,live,122,3
126,live,123,61
126,live,124,63
126,live,125,33
126,live,126,1
127,removed,0,18654
127,removed,1,16425
127,removed,2,4894
127,removed,3,4733
127,removed,4,2022
127,removed,5,555
127,removed,6,197
127,removed,7,111
127,removed,8,45
127,removed,9,34
127,removed,10,24
127,removed,11,21
127,removed,12,17
127,removed,13,28
127,removed,14,22
127,removed,15,23
127,removed,16,26
127,removed,17,18
127,removed,18,26
127,removed,19,38
127,removed,20,37
127,removed,21,33
127,removed,22,22
127,removed,23,24
127,removed,24,34
127,removed,25,34
127,removed,26,23
127,removed,27,42
127,removed,28,34
127,removed,29,29
127,removed,30,35
127,removed,31,29
127,removed,32,32
127,removed,33,31
127,removed,34,21
127,removed,35,86
127,removed,36,44
127,removed,37,87
127,removed,38,108
127,removed,39,324
127,removed,40,442
127,removed,41,731
127,removed,42,955
127,removed,43,566
127,removed,44,367
127,removed,45,322
127,removed,46,242
127,removed,47,122
127,removed,48,8
127,removed,49,7
127,removed,50,1
127,removed,51,4
127,removed,52,3
127,removed,53,2
127,removed,54,5
127,removed,55,6
127,removed,56,5
127,removed,57,3
127,removed,58,3
127,removed,59,0
127,removed,60,2
127,removed,61,2
127,removed,62,10
127,removed,63,4
127,removed,64,5
127,removed,65,6
127,removed,66,10
127,removed,67,2
127,removed,68,2
127,removed,69,8
127,removed,70,9
127,removed,71,4
127,removed,72,5
127,removed,73,8
127,removed,74,8
127,removed,75,4
127,removed,76,7
127,removed,77,1
127,removed,78,4
127,removed,79,0
127,removed,80,24
127,removed,81,39
127,removed,82,73
127,removed,83,113
127,removed,84,170
127,removed,85,281
127,removed,86,103
127,removed,87,203
127,removed,88,118
127,removed,89,52
127,removed,90,6
127,removed,91,5
127,removed,92,4
127,removed,93,3
127,removed,94,1
127,removed,95,3
127,removed,96,1
127,removed,97,0
127,removed,98,1
127,removed,99,0
127,removed,100,0
127,removed,101,0
127,removed,102,1
127,removed,103,0
127,removed,104,1
127,removed,105,2
127,removed,106,1
127,removed,107,0
127,removed,108,0
127,removed,109,0
127,removed,110,0
127,removed,111,0
127,removed,112,0
127,removed,113,0
127,removed,114,2
127,removed,115,0
127,removed,116,0
127,removed,117,1
127,removed,118,0
127,removed,119,1
127,removed,120,1
127,removed,121,8
127,removed,122,1
127,removed,123,12
127,removed,124,20
127,removed,125,11
127,removed,126,0
127,live,0,0
127,live,1,28412
127,live,2,17481
127,live,3,8383
127,live,4,6125
127,live,5,3995
127,live,6,783
127,live,7,352
127,live,8,187
127,live,9,84
127,live,10,64
127,live,11,60
127,live,12,64
127,live,13,50
127,live,14,52
127,live,15,49
127,live,16,45
127,live,17,47
127,live,18,86
127,live,19,56
127,live,20,68
127,live,21,54
127,live,22,63
127,live,23,64
127,live,24,98
127,live,25,100
127,live,26,116
127,live,27,113
127,live,28,127
127,live,29,120
127,live,30,109
127,live,31,93
127,live,32,104
127,live,33,120
127,live,34,101
127,live,35,134
127,live,36,178
127,live,37,85
127,live,38,132
127,live,39,314
127,live,40,678
127,live,41,945
127,live,42,2263
127,live,43,2698
127,live,44,1981
127,live,45,1578
127,live,46,1493
127,live,47,1003
127,live,48,427
127,live,49,96
127,live,50,44
127,live,51,29
127,live,52,10
127,live,53,11
127,live,54,10
127,live,55,7
127,live,56,7
127,live,57,11
127,live,58,9
127,live,59,6
127,live,60,10
127,live,61,16
127,live,62,10
127,live,63,10
127,live,64,10
127,live,65,15
127,live,66,15
127,live,67,15
127,live,68,17
127,live,69,22
127,live,70,45
127,live,71,39
127,live,72,37
127,live,73,33
127,live,74,56
127,live,75,51
127,live,76,72
127,live,77,40
127,live,78,56
127,live,79,40
127,live,80,33
127,live,81,92
127,live,82,143
127,live,83,238
127,live,84,455
127,live,85,1003
127,live,86,1188
127,live,87,464
127,live,88,799
127,live,89,479
127,live,90,203
127,live,91,63
127,live,92,21
127,live,93,27
127,live,94,15
127,live,95,3
127,live,96,5
127,live,97,1
127,live,98,2
127,live,99,10
127,live,100,2
127,live,101,2
127,live,102,2
127,live,103,3
127,live,104,6
127,live,105,4
127,live,106,1
127,live,107,0
127,live,108,0
127,live,109,4
127,live,110,6
127,live,111,1
127,live,112,1
127,live,113,2
127,live,114,1
127,live,115,1
127,live,116,3
127,live,117,3
127,live,118,1
127,live,119,3
127,live,120,2
127,live,121,5
127,live,122,9
127,live,123,2
127,live,124,49
127,live,125,43
127,live,126,22
127,live,127,1
128,removed,0,17491
128,removed,1,12120
128,removed,2,4287
128,removed,3,3281
128,removed,4,992
128,removed,5,905
128,removed,6,273
128,removed,7,137
128,removed,8,54
128,removed,9,24
128,removed,10,18
128,removed,11,18
128,removed,12,19
128,removed,13,13
128,removed,14,14
128,removed,15,16
128,removed,16,11
128,removed,17,12
128,removed,18,17
128,removed,19,12
128,removed,20,20
128,removed,21,12
128,removed,22,14
128,removed,23,12
128,removed,24,15
128,removed,25,22
128,removed,26,21
128,removed,27,13
128,removed,28,18
128,removed,29,23
128,removed,30,17
128,removed,31,17
128,removed,32,23
128,removed,33,23
128,removed,34,20
128,removed,35,19
128,removed,36,52
128,removed,37,14
128,removed,38,37
128,removed,39,73
128,removed,40,133
128,removed,41,258
128,removed,42,376
128,removed,43,255
128,removed,44,294
128,removed,45,175
128,removed,46,183
128,removed,47,109
128,removed,48,50
128,removed,49,6
128,removed,50,4
128,removed,51,8
128,removed,52,4
128,removed,53,3
128,removed,54,2
128,removed,55,1
128,removed,56,2
128,removed,57,2
128,removed,58,1
128,removed,59,0
128,removed,60,1
128,removed,61,0
128,removed,62,2
128,removed,63,0
128,removed,64,0
128,removed,65,0
128,removed,66,0
128,removed,67,2
128,removed,68,1
128,removed,69,2
128,removed,70,3
128,removed,71,4
128,removed,72,9
128,removed,73,10
128,removed,74,5
128,removed,75,8
128,removed,76,7
128,removed,77,4
128,removed,78,7
128,removed,79,8
128,removed,80,1
128,removed,81,7
128,removed,82,18
128,removed,83,40
128,removed,84,48
128,removed,85,168
128,removed,86,86
128,removed,87,35
128,removed,88,63
128,removed,89,47
128,removed,90,31
128,removed,91,2
128,removed,92,1
128,removed,93,1
128,removed,94,2
128,removed,95,2
128,removed,96,0
128,removed,97,0
128,removed,98,0
128,removed,99,0
128,removed,100,0
128,removed,101,0
128,removed,102,1
128,removed,103,0
128,removed,104,0
128,removed,105,0
128,removed,106,0
128,removed,107,0
128,removed,108,0
128,removed,109,1
128,removed,110,0
128,removed,111,0
128,removed,112,0
128,removed,113,0
128,removed,114,0
128,removed,115,0
128,removed,116,2
128,removed,117,3
128,removed,118,1
128,removed,119,0
128,removed,120,0
128,removed,121,1
128,removed,122,0
128,removed,123,0
128,removed,124,6
128,removed,125,4
128,removed,126,2
128,removed,127,0
128,live,0,0
128,live,1,34675
128,live,2,16292
128,live,3,13194
128,live,4,5102
128,live,5,5133
128,live,6,3090
128,live,7,510
128,live,8,215
128,live,9,133
128,live,10,60
128,live,11,46
128,live,12,42
128,live,13,45
128,live,14,37
128,live,15,38
128,live,16,33
128,live,17,34
128,live,18,35
128,live,19,69
128,live,20,44
128,live,21,48
128,live,22,42
128,live,23,49
128,live,24,52
128,live,25,83
128,live,26,78
128,live,27,95
128,live,28,100
128,live,29,109
128,live,30,97
128,live,31,92
128,live,32,76
128,live,33,81
128,live,34,97
128,live,35,81
128,live,36,115
128,live,37,126
128,live,38,71
128,live,39,95
128,live,40,241
128,live,41,545
128,live,42,687
128,live,43,1887
128,live,44,2443
128,live,45,1687
128,live,46,1403
128,live,47,1310
128,live,48,894
128,live,49,377
128,live,50,90
128,live,51,40
128,live,52,21
128,live,53,6
128,live,54,8
128,live,55,8
128,live,56,6
128,live,57,5
128,live,58,9
128,live,59,8
128,live,60,6
128,live,61,9
128,live,62,16
128,live,63,8
128,live,64,10
128,live,65,10
128,live,66,15
128,live,67,15
128,live,68,13
128,live,69,16
128,live,70,20
128,live,71,42
128,live,72,35
128,live,73,28
128,live,74,23
128,live,75,51
128,live,76,43
128,live,77,65
128,live,78,36
128,live,79,49
128,live,80,32
128,live,81,32
128,live,82,85
128,live,83,125
128,live,84,198
128,live,85,407
128,live,86,835
128,live,87,1102
128,live,88,429
128,live,89,736
128,live,90,432
128,live,91,172
128,live,92,61
128,live,93,20
128,live,94,26
128,live,95,13
128,live,96,1
128,live,97,5
128,live,98,1
128,live,99,2
128,live,100,10
128,live,101,2
128,live,102,2
128,live,103,1
128,live,104,3
128,live,105,6
128,live,106,4
128,live,107,1
128,live,108,0
128,live,109,0
128,live,110,3
128,live,111,6
128,live,112,1
128,live,113,1
128,live,114,2
128,live,115,1
128,live,116,1
128,live,117,1
128,live,118,0
128,live,119,0
128,live,120,3
128,live,121,2
128,live,122,4
128,live,123,9
128,live,124,2
128,live,125,43
128,live,126,39
128,live,127,20
128,live,128,1
129,removed,0,16922
129,removed,1,15291
129,removed,2,5097
129,removed,3,4953
129,removed,4,988
129,removed,5,1703
129,removed,6,758
129,removed,7,133
129,removed,8,66
129,removed,9,45
129,removed,10,16
129,removed,11,14
129,removed,12,11
129,removed,13,15
129,removed,14,8
129,removed,15,11
129,removed,16,9
129,removed,17,6
129,removed,18,10
129,removed,19,19
129,removed,20,11
129,removed,21,19
129,removed,22,8
129,removed,23,10
129,removed,24,11
129,removed,25,15
129,removed,26,16
129,removed,27,18
129,removed,28,27
129,removed,29,30
129,removed,30,26
129,removed,31,19
129,removed,32,10
129,removed,33,5
129,removed,34,15
129,removed,35,13
129,removed,36,14
129,removed,37,26
129,removed,38,12
129,removed,39,35
129,removed,40,61
129,removed,41,134
129,removed,42,153
129,removed,43,383
129,removed,44,394
129,removed,45,284
129,removed,46,170
129,removed,47,199
129,removed,48,115
129,removed,49,69
129,removed,50,8
129,removed,51,2
129,removed,52,3
129,removed,53,2
129,removed,54,5
129,removed,55,3
129,removed,56,3
129,removed,57,3
129,removed,58,1
129,removed,59,3
129,removed,60,0
129,removed,61,1
129,removed,62,1
129,removed,63,2
129,removed,64,2
129,removed,65,1
129,removed,66,1
129,removed,67,5
129,removed,68,2
129,removed,69,4
129,removed,70,3
129,removed,71,3
129,removed,72,3
129,removed,73,4
129,removed,74,5
129,removed,75,8
129,removed,76,3
129,removed,77,8
129,removed,78,4
129,removed,79,9
129,removed,80,7
129,removed,81,5
129,removed,82,12
129,removed,83,17
129,removed,84,37
129,removed,85,75
129,removed,86,105
129,removed,87,142
129,removed,88,85
129,removed,89,82
129,removed,90,67
129,removed,91,20
129,removed,92,6
129,removed,93,2
129,removed,94,0
129,removed,95,3
129,removed,96,0
129,removed,97,0
129,removed,98,0
129,removed,99,0
129,removed,100,2
129,removed,101,0
129,removed,102,1
129,removed,103,0
129,removed,104,1
129,removed,105,1
129,removed,106,0
129,removed,107,0
129,removed,108,0
129,removed,109,0
129,removed,110,1
129,removed,111,1
129,removed,112,0
129,removed,113,0
129,removed,114,1
129,removed,115,1
129,removed,116,1
129,removed,117,0
129,removed,118,0
129,removed,119,0
129,removed,120,1
129,removed,121,1
129,removed,122,1
129,removed,123,0
129,removed,124,1
129,removed,125,3
129,removed,126,6
129,removed,127,4
129,removed,128,0
129,live,0,0
129,live,1,34610
129,live,2,19384
129,live,3,11195
129,live,4,8241
129,live,5,4114
129,live,6,3430
129,live,7,2332
129,live,8,377
129,live,9,149
129,live,10,88
129,live,11,44
129,live,12,32
129,live,13,31
129,live,14,30
129,live,15,29
129,live,16,27
129,live,17,24
129,live,18,28
129,live,19,25
129,live,20,50
129,live,21,33
129,live,22,29
129,live,23,34
129,live,24,39
129,live,25,41
129,live,26,68
129,live,27,62
129,live,28,77
129,live,29,73
129,live,30,79
129,live,31,71
129,live,32,73
129,live,33,66
129,live,34,76
129,live,35,82
129,live,36,68
129,live,37,101
129,live,38,100
129,live,39,59
129,live,40,60
129,live,41,180
129,live,42,411
129,live,43,534
129,live,44,1504
129,live,45,2049
129,live,46,1403
129,live,47,1233
129,live,48,1111
129,live,49,779
129,live,50,308
129,live,51,82
129,live,52,38
129,live,53,18
129,live,54,4
129,live,55,3
129,live,56,5
129,live,57,3
129,live,58,2
129,live,59,8
129,live,60,5
129,live,61,6
129,live,62,8
129,live,63,15
129,live,64,6
129,live,65,8
129,live,66,9
129,live,67,14
129,live,68,10
129,live,69,11
129,live,70,12
129,live,71,17
129,live,72,39
129,live,73,32
129,live,74,24
129,live,75,18
129,live,76,43
129,live,77,40
129,live,78,57
129,live,79,32
129,live,80,40
129,live,81,25
129,live,82,27
129,live,83,73
129,live,84,108
129,live,85,161
129,live,86,332
129,live,87,730
129,live,88,960
129,live,89,344
129,live,90,654
129,live,91,365
129,live,92,152
129,live,93,55
129,live,94,18
129,live,95,26
129,live,96,10
129,live,97,1
129,live,98,5
129,live,99,1
129,live,100,2
129,live,101,8
129,live,102,2
129,live,103,1
129,live,104,1
129,live,105,2
129,live,106,5
129,live,107,4
129,live,108,1
129,live,109,0
129,live,110,0
129,live,111,2
129,live,112,5
129,live,113,1
129,live,114,1
129,live,115,1
129,live,116,0
129,live,117,0
129,live,118,1
129,live,119,0
129,live,120,0
129,live,121,2
129,live,122,1
129,live,123,3
129,live,124,9
129,live,125,1
129,live,126,40
129,live,127,33
129,live,128,16
129,live,129,1
130,removed,0,16094
130,removed,1,10932
130,removed,2,4089
130,removed,3,2117
130,removed,4,855
130,removed,5,315
130,removed,6,277
130,removed,7,136
130,removed,8,91
130,removed,9,16
130,removed,10,17
130,removed,11,12
130,removed,12,2
130,removed,13,3
130,removed,14,2
130,removed,15,2
130,removed,16,4
130,removed,17,3
130,removed,18,2
130,removed,19,0
130,removed,20,3
130,removed,21,1
130,removed,22,0
130,removed,23,3
130,removed,24,2
130,removed,25,2
130,removed,26,4
130,removed,27,0
130,removed,28,3
130,removed,29,3
130,removed,30,4
130,removed,31,4
130,removed,32,4
130,removed,33,5
130,removed,34,8
130,removed,35,3
130,removed,36,2
130,removed,37,2
130,removed,38,24
130,removed,39,2
130,removed,40,24
130,removed,41,6
130,removed,42,25
130,removed,43,42
130,removed,44,64
130,removed,45,24
130,removed,46,24
130,removed,47,24
130,removed,48,9
130,removed,49,13
130,removed,50,5
130,removed,51,0
130,removed,52,0
130,removed,53,0
130,removed,54,0
130,removed,55,0
130,removed,56,0
130,removed,57,0
130,removed,58,0
130,removed,59,0
130,removed,60,0
130,removed,61,0
130,removed,62,0
130,removed,63,0
130,removed,64,0
130,removed,65,0
130,removed,66,0
130,removed,67,0
130,removed,68,0
130,removed,69,1
130,removed,70,0
130,removed,71,0
130,removed,72,0
130,removed,73,0
130,removed,74,1
130,removed,75,0
130,removed,76,0
130,removed,77,0
130,removed,78,0
130,removed,79,0
130,removed,80,0
130,removed,81,2
130,removed,82,0
130,removed,83,1
130,removed,84,9
130,removed,85,6
130,removed,86,11
130,removed,87,10
130,removed,88,7
130,removed,89,0
130,removed,90,2
130,removed,91,3
130,removed,92,0
130,removed,93,0
130,removed,94,0
130,removed,95,0
130,removed,96,0
130,removed,97,0
130,removed,98,0
130,removed,99,0
130,removed,100,0
130,removed,101,0
130,removed,102,0
130,removed,103,0
130,removed,104,0
130,removed,105,0
130,removed,106,0
130,removed,107,0
130,removed,108,0
130,removed,109,0
130,removed,110,0
130,removed,111,0
130,removed,112,0
130,removed,113,0
130,removed,114,0
130,removed,115,0
130,removed,116,0
130,removed,117,0
130,removed,118,0
130,removed,119,0
130,removed,120,0
130,removed,121,0
130,removed,122,0
130,removed,123,0
130,removed,124,0
130,removed,125,0
130,removed,126,0
130,removed,127,0
130,removed,128,0
130,removed,129,0
130,live,0,0
130,live,1,35531
130,live,2,23678
130,live,3,15295
130,live,4,9078
130,live,5,7386
130,live,6,3799
130,live,7,3153
130,live,8,2196
130,live,9,286
130,live,10,133
130,live,11,71
130,live,12,32
130,live,13,30
130,live,14,28
130,live,15,28
130,live,16,27
130,live,17,23
130,live,18,21
130,live,19,26
130,live,20,25
130,live,21,47
130,live,22,32
130,live,23,29
130,live,24,31
130,live,25,37
130,live,26,39
130,live,27,64
130,live,28,62
130,live,29,74
130,live,30,70
130,live,31,75
130,live,32,67
130,live,33,69
130,live,34,61
130,live,35,68
130,live,36,79
130,live,37,66
130,live,38,99
130,live,39,76
130,live,40,57
130,live,41,36
130,live,42,174
130,live,43,386
130,live,44,492
130,live,45,1440
130,live,46,2025
130,live,47,1379
130,live,48,1209
130,live,49,1102
130,live,50,766
130,live,51,303
130,live,52,82
130,live,53,38
130,live,54,18
130,live,55,4
130,live,56,3
130,live,57,5
130,live,58,3
130,live,59,2
130,live,60,8
130,live,61,5
130,live,62,6
130,live,63,8
130,live,64,15
130,live,65,6
130,live,66,8
130,live,67,9
130,live,68,14
130,live,69,10
130,live,70,10
130,live,71,12
130,live,72,17
130,live,73,39
130,live,74,32
130,live,75,23
130,live,76,18
130,live,77,43
130,live,78,40
130,live,79,57
130,live,80,32
130,live,81,40
130,live,82,23
130,live,83,27
130,live,84,72
130,live,85,99
130,live,86,155
130,live,87,321
130,live,88,720
130,live,89,953
130,live,90,344
130,live,91,652
130,live,92,362
130,live,93,152
130,live,94,55
130,live,95,18
130,live,96,26
130,live,97,10
130,live,98,1
130,live,99,5
130,live,100,1
130,live,101,2
130,live,102,8
130,live,103,2
130,live,104,1
130,live,105,1
130,live,106,2
130,live,107,5
130,live,108,4
130,live,109,1
130,live,110,0
130,live,111,0
130,live,112,2
130,live,113,5
130,live,114,1
130,live,115,1
130,live,116,1
130,live,117,0
130,live,118,0
130,live,119,1
130,live,120,0
130,live,121,0
130,live,122,2
130,live,123,1
130,live,124,3
130,live,125,9
130,live,126,1
130,live,127,40
130,live,128,33
130,live,129,16
130,live,130,1
131,removed,0,17345
131,removed,1,15605
131,removed,2,5200
131,removed,3,3931
131,removed,4,1792
131,removed,5,1017
131,removed,6,337
131,removed,7,343
131,removed,8,163
131,removed,9,72
131,removed,10,21
131,removed,11,13
131,removed,12,2
131,removed,13,3
131,removed,14,5
131,removed,15,5
131,removed,16,6
131,removed,17,7
131,removed,18,5
131,removed,19,3
131,removed,20,2
131,removed,21,3
131,removed,22,5
131,removed,23,5
131,removed,24,2
131,removed,25,3
131,removed,26,5
131,removed,27,8
131,removed,28,7
131,removed,29,6
131,removed,30,9
131,removed,31,5
131,removed,32,9
131,removed,33,4
131,removed,34,4
131,removed,35,4
131,removed,36,5
131,removed,37,9
131,removed,38,6
131,removed,39,8
131,removed,40,13
131,removed,41,5
131,removed,42,67
131,removed,43,77
131,removed,44,38
131,removed,45,109
131,removed,46,64
131,removed,47,39
131,removed,48,44
131,removed,49,28
131,removed,50,25
131,removed,51,19
131,removed,52,4
131,removed,53,0
131,removed,54,0
131,removed,55,0
131,removed,56,0
131,removed,57,0
131,removed,58,0
131,removed,59,0
131,removed,60,0
131,removed,61,0
131,removed,62,0
131,removed,63,0
131,removed,64,0
131,removed,65,0
131,removed,66,0
131,removed,67,1
131,removed,68,0
131,removed,69,0
131,removed,70,0
131,removed,71,0
131,removed,72,1
131,removed,73,0
131,removed,74,0
131,removed,75,0
131,removed,76,0
131,removed,77,3
131,removed,78,5
131,removed,79,5
131,removed,80,5
131,removed,81,0
131,removed,82,0
131,removed,83,0
131,removed,84,15
131,removed,85,8
131,removed,86,10
131,removed,87,16
131,removed,88,13
131,removed,89,17
131,removed,90,6
131,removed,91,10
131,removed,92,1
131,removed,93,2
131,removed,94,0
131,removed,95,0
131,removed,96,0
131,removed,97,1
131,removed,98,0
131,removed,99,0
131,removed,100,0
131,removed,101,0
131,removed,102,0
131,removed,103,0
131,removed,104,0
131,removed,105,0
131,removed,106,0
131,removed,107,0
131,removed,108,0
131,removed,109,0
131,removed,110,0
131,removed,111,0
131,removed,112,0
131,removed,113,0
131,removed,114,0
131,removed,115,0
131,removed,116,0
131,removed,117,0
131,removed,118,0
131,removed,119,0
131,removed,120,0
131,removed,121,0
131,removed,122,0
131,removed,123,0
131,removed,124,0
131,removed,125,0
131,removed,126,0
131,removed,127,0
131,removed,128,1
131,removed,129,0
131,removed,130,0
131,live,0,0
131,live,1,34266
131,live,2,19926
131,live,3,18478
131,live,4,11364
131,live,5,7286
131,live,6,6369
131,live,7,3462
131,live,8,2810
131,live,9,2033
131,live,10,214
131,live,11,112
131,live,12,58
131,live,13,30
131,live,14,27
131,live,15,23
131,live,16,23
131,live,17,21
131,live,18,16
131,live,19,16
131,live,20,23
131,live,21,23
131,live,22,44
131,live,23,27
131,live,24,24
131,live,25,29
131,live,26,34
131,live,27,34
131,live,28,56
131,live,29,55
131,live,30,68
131,live,31,61
131,live,32,70
131,live,33,58
131,live,34,65
131,live,35,57
131,live,36,64
131,live,37,74
131,live,38,57
131,live,39,93
131,live,40,68
131,live,41,44
131,live,42,31
131,live,43,107
131,live,44,309
131,live,45,454
131,live,46,1331
131,live,47,1961
131,live,48,1340
131,live,49,1165
131,live,50,1074
131,live,51,741
131,live,52,284
131,live,53,78
131,live,54,38
131,live,55,18
131,live,56,4
131,live,57,3
131,live,58,5
131,live,59,3
131,live,60,2
131,live,61,8
131,live,62,5
131,live,63,6
131,live,64,8
131,live,65,15
131,live,66,6
131,live,67,8
131,live,68,8
131,live,69,14
131,live,70,10
131,live,71,10
131,live,72,12
131,live,73,16
131,live,74,39
131,live,75,32
131,live,76,23
131,live,77,18
131,live,78,40
131,live,79,35
131,live,80,52
131,live,81,27
131,live,82,40
131,live,83,23
131,live,84,27
131,live,85,57
131,live,86,91
131,live,87,145
131,live,88,305
131,live,89,707
131,live,90,936
131,live,91,338
131,live,92,642
131,live,93,361
131,live,94,150
131,live,95,55
131,live,96,18
131,live,97,26
131,live,98,9
131,live,99,1
131,live,100,5
131,live,101,1
131,live,102,2
131,live,103,8
131,live,104,2
131,live,105,1
131,live,106,1
131,live,107,2
131,live,108,5
131,live,109,4
131,live,110,1
131,live,111,0
131,live,112,0
131,live,113,2
131,live,114,5
131,live,115,1
131,live,116,1
131,live,117,1
131,live,118,0
131,live,119,0
131,live,120,1
131,live,121,0
131,live,122,0
131,live,123,2
131,live,124,1
131,live,125,3
131,live,126,9
131,live,127,1
131,live,128,40
131,live,129,32
131,live,130,16
131,live,131,1
132,removed,0,16134
132,removed,1,14408
132,removed,2,4829
132,removed,3,3925
132,removed,4,1680
132,removed,5,811
132,removed,6,385
132,removed,7,159
132,removed,8,170
132,removed,9,85
132,removed,10,36
132,removed,11,7
132,removed,12,9
132,removed,13,3
132,removed,14,0
132,removed,15,1
132,removed,16,2
132,removed,17,0
132,removed,18,1
132,removed,19,2
132,removed,20,2
132,removed,21,2
132,removed,22,1
132,removed,23,2
132,removed,24,1
132,removed,25,3
132,removed,26,0
132,removed,27,2
132,removed,28,5
132,removed,29,3
132,removed,30,1
132,removed,31,1
132,removed,32,1
132,removed,33,1
132,removed,34,3
132,removed,35,0
132,removed,36,1
132,removed,37,2
132,removed,38,0
132,removed,39,0
132,removed,40,4
132,removed,41,3
132,removed,42,0
132,removed,43,13
132,removed,44,11
132,removed,45,30
132,removed,46,18
132,removed,47,39
132,removed,48,23
132,removed,49,11
132,removed,50,7
132,removed,51,7
132,removed,52,7
132,removed,53,0
132,removed,54,1
132,removed,55,0
132,removed,56,0
132,removed,57,0
132,removed,58,0
132,removed,59,0
132,removed,60,0
132,removed,61,0
132,removed,62,0
132,removed,63,0
132,removed,64,0
132,removed,65,0
132,removed,66,0
132,removed,67,0
132,removed,68,0
132,removed,69,0
132,removed,70,0
132,removed,71,0
132,removed,72,0
132,removed,73,0
132,removed,74,0
132,removed,75,0
132,removed,76,0
132,removed,77,0
132,removed,78,0
132,removed,79,0
132,removed,80,0
132,removed,81,0
132,removed,82,1
132,removed,83,0
132,removed,84,0
132,removed,85,1
132,removed,86,2
132,removed,87,2
132,removed,88,7
132,removed,89,7
132,removed,90,4
132,removed,91,2
132,removed,92,3
132,removed,93,1
132,removed,94,0
132,removed,95,1
132,removed,96,0
132,removed,97,0
132,removed,98,0
132,removed,99,0
132,removed,100,0
132,removed,101,0
132,removed,102,0
132,removed,103,0
132,removed,104,0
132,removed,105,0
132,removed,106,0
132,removed,107,0
132,removed,108,0
132,removed,109,0
132,removed,110,0
132,removed,111,0
132,removed,112,0
132,removed,113,0
132,removed,114,0
132,removed,115,0
132,removed,116,0
132,removed,117,0
132,removed,118,0
132,removed,119,0
132,removed,120,0
132,removed,121,0
132,removed,122,0
132,removed,123,0
132,removed,124,0
132,removed,125,0
132,removed,126,0
132,removed,127,0
132,removed,128,1
132,removed,129,0
132,removed,130,0
132,removed,131,0
132,live,0,0
132,live,1,35469
132,live,2,19858
132,live,3,15097
132,live,4,14553
132,live,5,9684
132,live,6,6475
132,live,7,5984
132,live,8,3303
132,live,9,2640
132,live,10,1948
132,live,11,178
132,live,12,105
132,live,13,49
132,live,14,27
132,live,15,27
132,live,16,22
132,live,17,21
132,live,18,21
132,live,19,15
132,live,20,14
132,live,21,21
132,live,22,21
132,live,23,43
132,live,24,25
132,live,25,23
132,live,26,26
132,live,27,34
132,live,28,32
132,live,29,51
132,live,30,52
132,live,31,67
132,live,32,60
132,live,33,69
132,live,34,57
132,live,35,62
132,live,36,57
132,live,37,63
132,live,38,72
132,live,39,57
132,live,40,93
132,live,41,64
132,live,42,41
132,live,43,31
132,live,44,94
132,live,45,298
132,live,46,424
132,live,47,1313
132,live,48,1922
132,live,49,1317
132,live,50,1154
132,live,51,1067
132,live,52,734
132,live,53,277
132,live,54,78
132,live,55,37
132,live,56,18
132,live,57,4
132,live,58,3
132,live,59,5
132,live,60,3
132,live,61,2
132,live,62,8
132,live,63,5
132,live,64,6
132,live,65,8
132,live,66,15
132,live,67,6
132,live,68,8
132,live,69,8
132,live,70,14
132,live,71,10
132,live,72,10
132,live,73,12
132,live,74,16
132,live,75,39
132,live,76,32
132,live,77,23
132,live,78,18
132,live,79,40
132,live,80,35
132,live,81,52
132,live,82,27
132,live,83,39
132,live,84,23
132,live,85,27
132,live,86,56
132,live,87,89
132,live,88,143
132,live,89,298
132,live,90,700
132,live,91,932
132,live,92,336
132,live,93,639
132,live,94,360
132,live,95,150
132,live,96,54
132,live,97,18
132,live,98,26
132,live,99,9
132,live,100,1
132,live,101,5
132,live,102,1
132,live,103,2
132,live,104,8
132,live,105,2
132,live,106,1
132,live,107,1
132,live,108,2
132,live,109,5
132,live,110,4
132,live,111,1
132,live,112,0
132,live,113,0
132,live,114,2
132,live,115,5
132,live,116,1
132,live,117,1
132,live,118,1
132,live,119,0
132,live,120,0
132,live,121,1
132,live,122,0
132,live,123,0
132,live,124,2
132,live,125,1
132,live,126,3
132,live,127,9
132,live,128,1
132,live,129,39
132,live,130,32
132,live,131,16
132,live,132,1
133,removed,0,16987
133,removed,1,14618
133,removed,2,5187
133,removed,3,3709
133,removed,4,1512
133,removed,5,782
133,removed,6,399
133,removed,7,135
133,removed,8,106
133,removed,9,66
133,removed,10,51
133,removed,11,21
133,removed,12,5
133,removed,13,6
133,removed,14,1
133,removed,15,2
133,removed,16,2
133,removed,17,2
133,removed,18,3
133,removed,19,1
133,removed,20,0
133,removed,21,1
133,removed,22,1
133,removed,23,2
133,removed,24,1
133,removed,25,3
133,removed,26,2
133,removed,27,0
133,removed,28,2
133,removed,29,2
133,removed,30,2
133,removed,31,1
133,removed,32,0
133,removed,33,1
133,removed,34,2
133,removed,35,1
133,removed,36,0
133,removed,37,0
133,removed,38,0
133,removed,39,0
133,removed,40,0
133,removed,41,2
133,removed,42,0
133,removed,43,2
133,removed,44,9
133,removed,45,6
133,removed,46,17
133,removed,47,18
133,removed,48,13
133,removed,49,19
133,removed,50,6
133,removed,51,0
133,removed,52,4
133,removed,53,0
133,removed,54,0
133,removed,55,0
133,removed,56,0
133,removed,57,0
133,removed,58,0
133,removed,59,0
133,removed,60,0
133,removed,61,0
133,removed,62,0
133,removed,63,0
133,removed,64,0
133,removed,65,0
133,removed,66,0
133,removed,67,0
133,removed,68,0
133,removed,69,0
133,removed,70,0
133,removed,71,0
133,removed,72,0
133,removed,73,0
133,removed,74,0
133,removed,75,0
133,removed,76,0
133,removed,77,0
133,removed,78,0
133,removed,79,1
133,removed,80,0
133,removed,81,0
133,removed,82,0
133,removed,83,0
133,removed,84,0
133,removed,85,0
133,removed,86,4
133,removed,87,3
133,removed,88,4
133,removed,89,4
133,removed,90,0
133,removed,91,0
133,removed,92,0
133,removed,93,0
133,removed,94,0
133,removed,95,0
133,removed,96,0
133,removed,97,0
133,removed,98,0
133,removed,99,0
133,removed,100,0
133,removed,101,0
133,removed,102,0
133,removed,103,0
133,removed,104,0
133,removed,105,0
133,removed,106,0
133,removed,107,0
133,removed,108,0
133,removed,109,0
133,removed,110,0
133,removed,111,0
133,removed,112,0
133,removed,113,0
133,removed,114,0
133,removed,115,0
133,removed,116,0
133,removed,117,0
133,removed,118,0
133,removed,119,0
133,removed,120,0
133,removed,121,0
133,removed,122,0
133,removed,123,0
133,removed,124,0
133,removed,125,0
133,removed,126,0
133,removed,127,0
133,removed,128,0
133,removed,129,0
133,removed,130,0
133,removed,131,0
133,removed,132,0
133,live,0,0
133,live,1,34466
133,live,2,20851
133,live,3,14671
133,live,4,11388
133,live,5,13041
133,live,6,8902
133,live,7,6076
133,live,8,5849
133,live,9,3197
133,live,10,2574
133,live,11,1897
133,live,12,157
133,live,13,100
133,live,14,43
133,live,15,26
133,live,16,25
133,live,17,20
133,live,18,19
133,live,19,18
133,live,20,14
133,live,21,14
133,live,22,20
133,live,23,20
133,live,24,41
133,live,25,24
133,live,26,20
133,live,27,24
133,live,28,34
133,live,29,30
133,live,30,49
133,live,31,50
133,live,32,66
133,live,33,60
133,live,34,68
133,live,35,55
133,live,36,61
133,live,37,57
133,live,38,63
133,live,39,72
133,live,40,57
133,live,41,93
133,live,42,62
133,live,43,41
133,live,44,29
133,live,45,85
133,live,46,292
133,live,47,407
133,live,48,1295
133,live,49,1909
133,live,50,1298
133,live,51,1148
133,live,52,1067
133,live,53,730
133,live,54,277
133,live,55,78
133,live,56,37
133,live,57,18
133,live,58,4
133,live,59,3
133,live,60,5
133,live,61,3
133,live,62,2
133,live,63,8
133,live,64,5
133,live,65,6
133,live,66,8
133,live,67,15
133,live,68,6
133,live,69,8
133,live,70,8
133,live,71,14
133,live,72,10
133,live,73,10
133,live,74,12
133,live,75,16
133,live,76,39
133,live,77,32
133,live,78,23
133,live,79,18
133,live,80,39
133,live,81,35
133,live,82,52
133,live,83,27
133,live,84,39
133,live,85,23
133,live,86,27
133,live,87,52
133,live,88,86
133,live,89,139
133,live,90,294
133,live,91,700
133,live,92,932
133,live,93,336
133,live,94,639
133,live,95,360
133,live,96,150
133,live,97,54
133,live,98,18
133,live,99,26
133,live,100,9
133,live,101,1
133,live,102,5
133,live,103,1
133,live,104,2
133,live,105,8
133,live,106,2
133,live,107,1
133,live,108,1
133,live,109,2
133,live,110,5
133,live,111,4
133,live,112,1
133,live,113,0
133,live,114,0
133,live,115,2
133,live,116,5
133,live,117,1
133,live,118,1
133,live,119,1
133,live,120,0
133,live,121,0
133,live,122,1
133,live,123,0
133,live,124,0
133,live,125,2
133,live,126,1
133,live,127,3
133,live,128,9
133,live,129,1
133,live,130,39
133,live,131,32
133,live,132,16
133,live,133,1
134,removed,0,17666
134,removed,1,13115
134,removed,2,5964
134,removed,3,3851
134,removed,4,1758
134,removed,5,1068
134,removed,6,495
134,removed,7,267
134,removed,8,106
134,removed,9,66
134,removed,10,13
134,removed,11,23
134,removed,12,5
134,removed,13,4
134,removed,14,0
134,removed,15,0
134,removed,16,0
134,removed,17,0
134,removed,18,0
134,removed,19,0
134,removed,20,0
134,removed,21,0
134,removed,22,0
134,removed,23,0
134,removed,24,0
134,removed,25,0
134,removed,26,1
134,removed,27,1
134,removed,28,1
134,removed,29,1
134,removed,30,1
134,removed,31,0
134,removed,32,1
134,removed,33,0
134,removed,34,0
134,removed,35,0
134,removed,36,0
134,removed,37,1
134,removed,38,5
134,removed,39,3
134,removed,40,1
134,removed,41,8
134,removed,42,0
134,removed,43,8
134,removed,44,4
134,removed,45,1
134,removed,46,1
134,removed,47,6
134,removed,48,3
134,removed,49,0
134,removed,50,1
134,removed,51,0
134,removed,52,2
134,removed,53,4
134,removed,54,0
134,removed,55,0
134,removed,56,0
134,removed,57,0
134,removed,58,0
134,removed,59,0
134,removed,60,0
134,removed,61,0
134,removed,62,0
134,removed,63,0
134,removed,64,0
134,removed,65,1
134,removed,66,0
134,removed,67,0
134,removed,68,0
134,removed,69,0
134,removed,70,0
134,removed,71,0
134,removed,72,0
134,removed,73,0
134,removed,74,1
134,removed,75,0
134,removed,76,0
134,removed,77,0
134,removed,78,0
134,removed,79,0
134,removed,80,0
134,removed,81,0
134,removed,82,0
134,removed,83,0
134,removed,84,0
134,removed,85,0
134,removed,86,0
134,removed,87,0
134,removed,88,0
134,removed,89,0
134,removed,90,0
134,removed,91,0
134,removed,92,0
134,removed,93,0
134,removed,94,2
134,removed,95,0
134,removed,96,0
134,removed,97,0
134,removed,98,0
134,removed,99,0
134,removed,100,0
134,removed,101,0
134,removed,102,0
134,removed,103,0
134,removed,104,0
134,removed,105,0
134,removed,106,0
134,removed,107,0
134,removed,108,0
134,removed,109,0
134,removed,110,0
134,removed,111,0
134,removed,112,0
134,removed,113,0
134,removed,114,0
134,removed,115,0
134,removed,116,0
134,removed,117,0
134,removed,118,0
134,removed,119,0
134,removed,120,0
134,removed,121,0
134,removed,122,0
134,removed,123,0
134,removed,124,0
134,removed,125,0
134,removed,126,0
134,removed,127,0
134,removed,128,0
134,removed,129,0
134,removed,130,0
134,removed,131,0
134,removed,132,0
134,removed,133,0
134,live,0,0
134,live,1,33732
134,live,2,21351
134,live,3,14887
134,live,4,10820
134,live,5,9630
134,live,6,11973
134,live,7,8407
134,live,8,5809
134,live,9,5743
134,live,10,3131
134,live,11,2561
134,live,12,1874
134,live,13,152
134,live,14,96
134,live,15,43
134,live,16,26
134,live,17,25
134,live,18,20
134,live,19,19
134,live,20,18
134,live,21,14
134,live,22,14
134,live,23,20
134,live,24,20
134,live,25,41
134,live,26,24
134,live,27,19
134,live,28,23
134,live,29,33
134,live,30,29
134,live,31,48
134,live,32,50
134,live,33,65
134,live,34,60
134,live,35,68
134,live,36,55
134,live,37,61
134,live,38,56
134,live,39,58
134,live,40,69
134,live,41,56
134,live,42,85
134,live,43,62
134,live,44,33
134,live,45,25
134,live,46,84
134,live,47,291
134,live,48,401
134,live,49,1292
134,live,50,1909
134,live,51,1297
134,live,52,1148
134,live,53,1065
134,live,54,726
134,live,55,277
134,live,56,78
134,live,57,37
134,live,58,18
134,live,59,4
134,live,60,3
134,live,61,5
134,live,62,3
134,live,63,2
134,live,64,8
134,live,65,5
134,live,66,5
134,live,67,8
134,live,68,15
134,live,69,6
134,live,70,8
134,live,71,8
134,live,72,14
134,live,73,10
134,live,74,10
134,live,75,11
134,live,76,16
134,live,77,39
134,live,78,32
134,live,79,23
134,live,80,18
134,live,81,39
134,live,82,35
134,live,83,52
134,live,84,27
134,live,85,39
134,live,86,23
134,live,87,27
134,live,88,52
134,live,89,86
134,live,90,139
134,live,91,294
134,live,92,700
134,live,93,932
134,live,94,336
134,live,95,637
134,live,96,360
134,live,97,150
134,live,98,54
134,live,99,18
134,live,100,26
134,live,101,9
134,live,102,1
134,live,103,5
134,live,104,1
134,live,105,2
134,live,106,8
134,live,107,2
134,live,108,1
134,live,109,1
134,live,110,2
134,live,111,5
134,live,112,4
134,live,113,1
134,live,114,0
134,live,115,0
134,live,116,2
134,live,117,5
134,live,118,1
134,live,119,1
134,live,120,1
134,live,121,0
134,live,122,0
134,live,123,1
134,live,124,0
134,live,125,0
134,live,126,2
134,live,127,1
134,live,128,3
134,live,129,9
134,live,130,1
134,live,131,39
134,live,132,32
134,live,133,16
134,live,134,1
135,removed,0,17399
135,removed,1,14877
135,removed,2,5248
135,removed,3,4095
135,removed,4,1711
135,removed,5,1159
135,removed,6,649
135,removed,7,375
135,removed,8,178
135,removed,9,66
135,removed,10,32
135,removed,11,16
135,removed,12,6
135,removed,13,1
135,removed,14,3
135,removed,15,0
135,removed,16,0
135,removed,17,0
135,removed,18,0
135,removed,19,0
135,removed,20,0
135,removed,21,0
135,removed,22,0
135,removed,23,0
135,removed,24,1
135,removed,25,0
135,removed,26,0
135,removed,27,0
135,removed,28,0
135,removed,29,0
135,removed,30,0
135,removed,31,0
135,removed,32,0
135,removed,33,0
135,removed,34,0
135,removed,35,1
135,removed,36,0
135,removed,37,0
135,removed,38,0
135,removed,39,1
135,removed,40,0
135,removed,41,0
135,removed,42,0
135,removed,43,0
135,removed,44,4
135,removed,45,1
135,removed,46,0
135,removed,47,2
135,removed,48,1
135,removed,49,1
135,removed,50,1
135,removed,51,0
135,removed,52,0
135,removed,53,1
135,removed,54,3
135,removed,55,0
135,removed,56,0
135,removed,57,0
135,removed,58,0
135,removed,59,0
135,removed,60,0
135,removed,61,0
135,removed,62,0
135,removed,63,0
135,removed,64,0
135,removed,65,0
135,removed,66,0
135,removed,67,0
135,removed,68,0
135,removed,69,0
135,removed,70,0
135,removed,71,0
135,removed,72,0
135,removed,73,0
135,removed,74,0
135,removed,75,0
135,removed,76,0
135,removed,77,0
135,removed,78,0
135,removed,79,0
135,removed,80,0
135,removed,81,0
135,removed,82,0
135,removed,83,0
135,removed,84,0
135,removed,85,0
135,removed,86,0
135,removed,87,0
135,removed,88,0
135,removed,89,0
135,removed,90,0
135,removed,91,0
135,removed,92,0
135,removed,93,0
135,removed,94,0
135,removed,95,1
135,removed,96,0
135,removed,97,0
135,removed,98,0
135,removed,99,0
135,removed,100,0
135,removed,101,0
135,removed,102,0
135,removed,103,0
135,removed,104,0
135,removed,105,0
135,removed,106,0
135,removed,107,0
135,removed,108,0
135,removed,109,0
135,removed,110,0
135,removed,111,0
135,removed,112,0
135,removed,113,0
135,removed,114,0
135,removed,115,0
135,removed,116,0
135,removed,117,0
135,removed,118,0
135,removed,119,0
135,removed,120,0
135,removed,121,0
135,removed,122,0
135,removed,123,0
135,removed,124,0
135,removed,125,0
135,removed,126,0
135,removed,127,0
135,removed,128,0
135,removed,129,0
135,removed,130,0
135,removed,131,0
135,removed,132,0
135,removed,133,0
135,removed,134,0
135,live,0,0
135,live,1,33992
135,live,2,18855
135,live,3,16103
135,live,4,10792
135,live,5,9109
135,live,6,8471
135,live,7,11324
135,live,8,8032
135,live,9,5631
135,live,10,5677
135,live,11,3099
135,live,12,2545
135,live,13,1868
135,live,14,151
135,live,15,93
135,live,16,43
135,live,17,26
135,live,18,25
135,live,19,20
135,live,20,19
135,live,21,18
135,live,22,14
135,live,23,14
135,live,24,20
135,live,25,19
135,live,26,41
135,live,27,24
135,live,28,19
135,live,29,23
135,live,30,33
135,live,31,29
135,live,32,48
135,live,33,50
135,live,34,65
135,live,35,60
135,live,36,67
135,live,37,55
135,live,38,61
135,live,39,56
135,live,40,57
135,live,41,69
135,live,42,56
135,live,43,85
135,live,44,62
135,live,45,29
135,live,46,24
135,live,47,84
135,live,48,289
135,live,49,400
135,live,50,1291
135,live,51,1908
135,live,52,1297
135,live,53,1148
135,live,54,1064
135,live,55,723
135,live,56,277
135,live,57,78
135,live,58,37
135,live,59,18
135,live,60,4
135,live,61,3
135,live,62,5
135,live,63,3
135,live,64,2
135,live,65,8
135,live,66,5
135,live,67,5
135,live,68,8
135,live,69,15
135,live,70,6
135,live,71,8
135,live,72,8
135,live,73,14
135,live,74,10
135,live,75,10
135,live,76,11
135,live,77,16
135,live,78,39
135,live,79,32
135,live,80,23
135,live,81,18
135,live,82,39
135,live,83,35
135,live,84,52
135,live,85,27
135,live,86,39
135,live,87,23
135,live,88,27
135,live,89,52
135,live,90,86
135,live,91,139
135,live,92,294
135,live,93,700
135,live,94,932
135,live,95,336
135,live,96,636
135,live,97,360
135,live,98,150
135,live,99,54
135,live,100,18
135,live,101,26
135,live,102,9
135,live,103,1
135,live,104,5
135,live,105,1
135,live,106,2
135,live,107,8
135,live,108,2
135,live,109,1
135,live,110,1
135,live,111,2
135,live,112,5
135,live,113,4
135,live,114,1
135,live,115,0
135,live,116,0
135,live,117,2
135,live,118,5
135,live,119,1
135,live,120,1
135,live,121,1
135,live,122,0
135,live,123,0
135,live,124,1
135,live,125,0
135,live,126,0
135,live,127,2
135,live,128,1
135,live,129,3
135,live,130,9
135,live,131,1
135,live,132,39
135,live,133,32
135,live,134,16
135,live,135,1
136,removed,0,17328
136,removed,1,14394
136,removed,2,5653
136,removed,3,4258
136,removed,4,2001
136,removed,5,1574
136,removed,6,840
136,removed,7,454
136,removed,8,259
136,removed,9,134
136,removed,10,76
136,removed,11,31
136,removed,12,10
136,removed,13,14
136,removed,14,7
136,removed,15,1
136,removed,16,0
136,removed,17,0
136,removed,18,1
136,removed,19,1
136,removed,20,1
136,removed,21,1
136,removed,22,0
136,removed,23,0
136,removed,24,0
136,removed,25,0
136,removed,26,0
136,removed,27,0
136,removed,28,0
136,removed,29,0
136,removed,30,2
136,removed,31,0
136,removed,32,0
136,removed,33,0
136,removed,34,0
136,removed,35,0
136,removed,36,0
136,removed,37,0
136,removed,38,0
136,removed,39,0
136,removed,40,0
136,removed,41,0
136,removed,42,0
136,removed,43,0
136,removed,44,2
136,removed,45,0
136,removed,46,1
136,removed,47,0
136,removed,48,0
136,removed,49,3
136,removed,50,1
136,removed,51,0
136,removed,52,2
136,removed,53,0
136,removed,54,0
136,removed,55,1
136,removed,56,0
136,removed,57,0
136,removed,58,0
136,removed,59,0
136,removed,60,0
136,removed,61,0
136,removed,62,0
136,removed,63,0
136,removed,64,0
136,removed,65,0
136,removed,66,0
136,removed,67,0
136,removed,68,0
136,removed,69,0
136,removed,70,0
136,removed,71,0
136,removed,72,0
136,removed,73,0
136,removed,74,0
136,removed,75,0
136,removed,76,0
136,removed,77,0
136,removed,78,0
136,removed,79,0
136,removed,80,0
136,removed,81,0
136,removed,82,0
136,removed,83,0
136,removed,84,0
136,removed,85,0
136,removed,86,0
136,removed,87,0
136,removed,88,0
136,removed,89,0
136,removed,90,0
136,removed,91,0
136,removed,92,1
136,removed,93,0
136,removed,94,0
136,removed,95,0
136,removed,96,0
136,removed,97,0
136,removed,98,0
136,removed,99,0
136,removed,100,0
136,removed,101,0
136,removed,102,0
136,removed,103,0
136,removed,104,0
136,removed,105,0
136,removed,106,0
136,removed,107,0
136,removed,108,0
136,removed,109,0
136,removed,110,0
136,removed,111,0
136,removed,112,0
136,removed,113,0
136,removed,114,0
136,removed,115,0
136,removed,116,0
136,removed,117,0
136,removed,118,0
136,removed,119,0
136,removed,120,0
136,removed,121,0
136,removed,122,0
136,removed,123,0
136,removed,124,0
136,removed,125,0
136,removed,126,0
136,removed,127,0
136,removed,128,0
136,removed,129,0
136,removed,130,0
136,removed,131,0
136,removed,132,0
136,removed,133,0
136,removed,134,0
136,removed,135,0
136,live,0,0
136,live,1,34232
136,live,2,19598
136,live,3,13202
136,live,4,11845
136,live,5,8791
136,live,6,7535
136,live,7,7631
136,live,8,10870
136,live,9,7773
136,live,10,5497
136,live,11,5601
136,live,12,3068
136,live,13,2535
136,live,14,1854
136,live,15,144
136,live,16,92
136,live,17,43
136,live,18,26
136,live,19,24
136,live,20,19
136,live,21,18
136,live,22,17
136,live,23,14
136,live,24,14
136,live,25,20
136,live,26,19
136,live,27,41
136,live,28,24
136,live,29,19
136,live,30,23
136,live,31,31
136,live,32,29
136,live,33,48
136,live,34,50
136,live,35,65
136,live,36,60
136,live,37,67
136,live,38,55
136,live,39,61
136,live,40,56
136,live,41,57
136,live,42,69
136,live,43,56
136,live,44,85
136,live,45,60
136,live,46,29
136,live,47,23
136,live,48,84
136,live,49,289
136,live,50,397
136,live,51,1290
136,live,52,1908
136,live,53,1295
136,live,54,1148
136,live,55,1064
136,live,56,722
136,live,57,277
136,live,58,78
136,live,59,37
136,live,60,18
136,live,61,4
136,live,62,3
136,live,63,5
136,live,64,3
136,live,65,2
136,live,66,8
136,live,67,5
136,live,68,5
136,live,69,8
136,live,70,15
136,live,71,6
136,live,72,8
136,live,73,8
136,live,74,14
136,live,75,10
136,live,76,10
136,live,77,11
136,live,78,16
136,live,79,39
136,live,80,32
136,live,81,23
136,live,82,18
136,live,83,39
136,live,84,35
136,live,85,52
136,live,86,27
136,live,87,39
136,live,88,23
136,live,89,27
136,live,90,52
136,live,91,86
136,live,92,139
136,live,93,293
136,live,94,700
136,live,95,932
136,live,96,336
136,live,97,636
136,live,98,360
136,live,99,150
136,live,100,54
136,live,101,18
136,live,102,26
136,live,103,9
136,live,104,1
136,live,105,5
136,live,106,1
136,live,107,2
136,live,108,8
136,live,109,2
136,live,110,1
136,live,111,1
136,live,112,2
136,live,113,5
136,live,114,4
136,live,115,1
136,live,116,0
136,live,117,0
136,live,118,2
136,live,119,5
136,live,120,1
136,live,121,1
136,live,122,1
136,live,123,0
136,live,124,0
136,live,125,1
136,live,126,0
136,live,127,0
136,live,128,2
136,live,129,1
136,live,130,3
136,live,131,9
136,live,132,1
136,live,133,39
136,live,134,32
136,live,135,16
136,live,136,1
137,removed,0,17487
137,removed,1,14970
137,removed,2,5402
137,removed,3,4192
137,removed,4,1694
137,removed,5,1527
137,removed,6,914
137,removed,7,531
137,removed,8,348
137,removed,9,199
137,removed,10,79
137,removed,11,28
137,removed,12,15
137,removed,13,12
137,removed,14,2
137,removed,15,1
137,removed,16,1
137,removed,17,0
137,removed,18,0
137,removed,19,0
137,removed,20,0
137,removed,21,0
137,removed,22,0
137,removed,23,0
137,removed,24,0
137,removed,25,1
137,removed,26,0
137,removed,27,2
137,removed,28,1
137,removed,29,0
137,removed,30,1
137,removed,31,1
137,removed,32,0
137,removed,33,0
137,removed,34,0
137,removed,35,0
137,removed,36,1
137,removed,37,0
137,removed,38,0
137,removed,39,0
137,removed,40,0
137,removed,41,0
137,removed,42,1
137,removed,43,0
137,removed,44,0
137,removed,45,3
137,removed,46,0
137,removed,47,2
137,removed,48,0
137,removed,49,0
137,removed,50,3
137,removed,51,1
137,removed,52,0
137,removed,53,0
137,removed,54,0
137,removed,55,1
137,removed,56,0
137,removed,57,1
137,removed,58,0
137,removed,59,0
137,removed,60,0
137,removed,61,0
137,removed,62,0
137,removed,63,0
137,removed,64,0
137,removed,65,0
137,removed,66,0
137,removed,67,0
137,removed,68,0
137,removed,69,0
137,removed,70,0
137,removed,71,0
137,removed,72,0
137,removed,73,0
137,removed,74,0
137,removed,75,0
137,removed,76,0
137,removed,77,0
137,removed,78,0
137,removed,79,0
137,removed,80,0
137,removed,81,0
137,removed,82,0
137,removed,83,0
137,removed,84,0
137,removed,85,0
137,removed,86,0
137,removed,87,0
137,removed,88,0
137,removed,89,0
137,removed,90,0
137,removed,91,0
137,removed,92,0
137,removed,93,0
137,removed,94,0
137,removed,95,0
137,removed,96,0
137,removed,97,0
137,removed,98,0
137,removed,99,0
137,removed,100,0
137,removed,101,0
137,removed,102,0
137,removed,103,0
137,removed,104,0
137,removed,105,0
137,removed,106,0
137,removed,107,0
137,removed,108,0
137,removed,109,0
137,removed,110,0
137,removed,111,0
137,removed,112,0
137,removed,113,0
137,removed,114,0
137,removed,115,0
137,removed,116,0
137,removed,117,0
137,removed,118,0
137,removed,119,0
137,removed,120,0
137,removed,121,0
137,removed,122,0
137,removed,123,0
137,removed,124,0
137,removed,125,0
137,removed,126,0
137,removed,127,0
137,removed,128,0
137,removed,129,0
137,removed,130,0
137,removed,131,0
137,removed,132,0
137,removed,133,0
137,removed,134,0
137,removed,135,0
137,removed,136,0
137,live,0,0
137,live,1,33904
137,live,2,19262
137,live,3,14196
137,live,4,9010
137,live,5,10151
137,live,6,7264
137,live,7,6621
137,live,8,7100
137,live,9,10522
137,live,10,7574
137,live,11,5418
137,live,12,5573
137,live,13,3053
137,live,14,2523
137,live,15,1852
137,live,16,143
137,live,17,91
137,live,18,43
137,live,19,26
137,live,20,24
137,live,21,19
137,live,22,18
137,live,23,17
137,live,24,14
137,live,25,14
137,live,26,19
137,live,27,19
137,live,28,39
137,live,29,23
137,live,30,19
137,live,31,22
137,live,32,30
137,live,33,29
137,live,34,48
137,live,35,50
137,live,36,65
137,live,37,59
137,live,38,67
137,live,39,55
137,live,40,61
137,live,41,56
137,live,42,57
137,live,43,68
137,live,44,56
137,live,45,85
137,live,46,57
137,live,47,29
137,live,48,21
137,live,49,84
137,live,50,289
137,live,51,394
137,live,52,1289
137,live,53,1908
137,live,54,1295
137,live,55,1148
137,live,56,1063
137,live,57,722
137,live,58,276
137,live,59,78
137,live,60,37
137,live,61,18
137,live,62,4
137,live,63,3
137,live,64,5
137,live,65,3
137,live,66,2
137,live,67,8
137,live,68,5
137,live,69,5
137,live,70,8
137,live,71,15
137,live,72,6
137,live,73,8
137,live,74,8
137,live,75,14
137,live,76,10
137,live,77,10
137,live,78,11
137,live,79,16
137,live,80,39
137,live,81,32
137,live,82,23
137,live,83,18
137,live,84,39
137,live,85,35
137,live,86,52
137,live,87,27
137,live,88,39
137,live,89,23
137,live,90,27
137,live,91,52
137,live,92,86
137,live,93,139
137,live,94,293
137,live,95,700
137,live,96,932
137,live,97,336
137,live,98,636
137,live,99,360
137,live,100,150
137,live,101,54
137,live,102,18
137,live,103,26
137,live,104,9
137,live,105,1
137,live,106,5
137,live,107,1
137,live,108,2
137,live,109,8
137,live,110,2
137,live,111,1
137,live,112,1
137,live,113,2
137,live,114,5
137,live,115,4
137,live,116,1
137,live,117,0
137,live,118,0
137,live,119,2
137,live,120,5
137,live,121,1
137,live,122,1
137,live,123,1
137,live,124,0
137,live,125,0
137,live,126,1
137,live,127,0
137,live,128,0
137,live,129,2
137,live,130,1
137,live,131,3
137,live,132,9
137,live,133,1
137,live,134,39
137,live,135,32
137,live,136,16
137,live,137,1
138,removed,0,18337
138,removed,1,14103
138,removed,2,5624
138,removed,3,4043
138,removed,4,2021
138,removed,5,1658
138,removed,6,988
138,removed,7,806
138,removed,8,435
138,removed,9,268
138,removed,10,171
138,removed,11,71
138,removed,12,48
138,removed,13,19
138,removed,14,12
138,removed,15,3
138,removed,16,6
138,removed,17,9
138,removed,18,0
138,removed,19,0
138,removed,20,0
138,removed,21,0
138,removed,22,0
138,removed,23,0
138,removed,24,0
138,removed,25,0
138,removed,26,0
138,removed,27,0
138,removed,28,0
138,removed,29,0
138,removed,30,0
138,removed,31,1
138,removed,32,2
138,removed,33,2
138,removed,34,0
138,removed,35,0
138,removed,36,0
138,removed,37,0
138,removed,38,0
138,removed,39,0
138,removed,40,0
138,removed,41,0
138,removed,42,0
138,removed,43,0
138,removed,44,0
138,removed,45,0
138,removed,46,2
138,removed,47,0
138,removed,48,0
138,removed,49,0
138,removed,50,1
138,removed,51,2
138,removed,52,3
138,removed,53,2
138,removed,54,3
138,removed,55,0
138,removed,56,1
138,removed,57,0
138,removed,58,0
138,removed,59,0
138,removed,60,0
138,removed,61,0
138,removed,62,0
138,removed,63,0
138,removed,64,0
138,removed,65,0
138,removed,66,0
138,removed,67,0
138,removed,68,0
138,removed,69,0
138,removed,70,0
138,removed,71,0
138,removed,72,0
138,removed,73,0
138,removed,74,0
138,removed,75,0
138,removed,76,0
138,removed,77,0
138,removed,78,0
138,removed,79,0
138,removed,80,0
138,removed,81,0
138,removed,82,0
138,removed,83,0
138,removed,84,0
138,removed,85,0
138,removed,86,0
138,removed,87,0
138,removed,88,0
138,removed,89,0
138,removed,90,0
138,removed,91,0
138,removed,92,0
138,removed,93,0
138,removed,94,0
138,removed,95,0
138,removed,96,0
138,removed,97,0
138,removed,98,0
138,removed,99,0
138,removed,100,0
138,removed,101,0
138,removed,102,0
138,removed,103,0
138,removed,104,0
138,removed,105,0
138,removed,106,0
138,removed,107,0
138,removed,108,0
138,removed,109,0
138,removed,110,0
138,removed,111,0
138,removed,112,0
138,removed,113,0
138,removed,114,0
138,removed,115,0
138,removed,116,0
138,removed,117,0
138,removed,118,0
138,removed,119,0
138,removed,120,0
138,removed,121,0
138,removed,122,0
138,removed,123,0
138,removed,124,0
138,removed,125,0
138,removed,126,0
138,removed,127,0
138,removed,128,0
138,removed,129,0
138,removed,130,0
138,removed,131,0
138,removed,132,0
138,removed,133,0
138,removed,134,0
138,removed,135,0
138,removed,136,0
138,removed,137,0
138,live,0,0
138,live,1,33282
138,live,2,19801
138,live,3,13638
138,live,4,10153
138,live,5,6989
138,live,6,8493
138,live,7,6276
138,live,8,5815
138,live,9,6665
138,live,10,10254
138,live,11,7403
138,live,12,5347
138,live,13,5525
138,live,14,3034
138,live,15,2511
138,live,16,1849
138,live,17,137
138,live,18,82
138,live,19,43
138,live,20,26
138,live,21,24
138,live,22,19
138,live,23,18
138,live,24,17
138,live,25,14
138,live,26,14
138,live,27,19
138,live,28,19
138,live,29,39
138,live,30,23
138,live,31,19
138,live,32,21
138,live,33,28
138,live,34,27
138,live,35,48
138,live,36,50
138,live,37,65
138,live,38,59
138,live,39,67
138,live,40,55
138,live,41,61
138,live,42,56
138,live,43,57
138,live,44,68
138,live,45,56
138,live,46,85
138,live,47,55
138,live,48,29
138,live,49,21
138,live,50,84
138,live,51,288
138,live,52,392
138,live,53,1286
138,live,54,1906
138,live,55,1292
138,live,56,1148
138,live,57,1062
138,live,58,722
138,live,59,276
138,live,60,78
138,live,61,37
138,live,62,18
138,live,63,4
138,live,64,3
138,live,65,5
138,live,66,3
138,live,67,2
138,live,68,8
138,live,69,5
138,live,70,5
138,live,71,8
138,live,72,15
138,live,73,6
138,live,74,8
138,live,75,8
138,live,76,14
138,live,77,10
138,live,78,10
138,live,79,11
138,live,80,16
138,live,81,39
138,live,82,32
138,live,83,23
138,live,84,18
138,live,85,39
138,live,86,35
138,live,87,52
138,live,88,27
138,live,89,39
138,live,90,23
138,live,91,27
138,live,92,52
138,live,93,86
138,live,94,139
138,live,95,293
138,live,96,700
138,live,97,932
138,live,98,336
138,live,99,636
138,live,100,360
138,live,101,150
138,live,102,54
138,live,103,18
138,live,104,26
138,live,105,9
138,live,106,1
138,live,107,5
138,live,108,1
138,live,109,2
138,live,110,8
138,live,111,2
138,live,112,1
138,live,113,1
138,live,114,2
138,live,115,5
138,live,116,4
138,live,117,1
138,live,118,0
138,live,119,0
138,live,120,2
138,live,121,5
138,live,122,1
138,live,123,1
138,live,124,1
138,live,125,0
138,live,126,0
138,live,127,1
138,live,128,0
138,live,129,0
138,live,130,2
138,live,131,1
138,live,132,3
138,live,133,9
138,live,134,1
138,live,135,39
138,live,136,32
138,live,137,16
138,live,138,1
139,removed,0,17952
139,removed,1,14120
139,removed,2,5385
139,removed,3,3706
139,removed,4,1797
139,removed,5,1439
139,removed,6,933
139,removed,7,647
139,removed,8,486
139,removed,9,286
139,removed,10,167
139,removed,11,91
139,removed,12,41
139,removed,13,10
139,removed,14,10
139,removed,15,6
139,removed,16,0
139,removed,17,0
139,removed,18,0
139,removed,19,0
139,removed,20,0
139,removed,21,0
139,removed,22,0
139,removed,23,0
139,removed,24,0
139,removed,25,0
139,removed,26,0
139,removed,27,0
139,removed,28,0
139,removed,29,0
139,removed,30,0
139,removed,31,0
139,removed,32,0
139,removed,33,0
139,removed,34,0
139,removed,35,0
139,removed,36,0
139,removed,37,0
139,removed,38,1
139,removed,39,0
139,removed,40,0
139,removed,41,0
139,removed,42,0
139,removed,43,0
139,removed,44,0
139,removed,45,0
139,removed,46,0
139,removed,47,1
139,removed,48,0
139,removed,49,0
139,removed,50,0
139,removed,51,0
139,removed,52,0
139,removed,53,0
139,removed,54,0
139,removed,55,0
139,removed,56,0
139,removed,57,0
139,removed,58,1
139,removed,59,0
139,removed,60,0
139,removed,61,0
139,removed,62,0
139,removed,63,0
139,removed,64,0
139,removed,65,0
139,removed,66,0
139,removed,67,0
139,removed,68,0
139,removed,69,0
139,removed,70,0
139,removed,71,0
139,removed,72,0
139,removed,73,0
139,removed,74,0
139,removed,75,0
139,removed,76,0
139,removed,77,0
139,removed,78,0
139,removed,79,0
139,removed,80,0
139,removed,81,0
139,removed,82,0
139,removed,83,0
139,removed,84,0
139,removed,85,0
139,removed,86,0
139,removed,87,0
139,removed,88,0
139,removed,89,0
139,removed,90,0
139,removed,91,0
139,removed,92,0
139,removed,93,0
139,removed,94,0
139,removed,95,0
139,removed,96,1
139,removed,97,0
139,removed,98,0
139,removed,99,1
139,removed,100,0
139,removed,101,1
139,removed,102,1
139,removed,103,0
139,removed,104,0
139,removed,105,0
139,removed,106,0
139,removed,107,0
139,removed,108,0
139,removed,109,0
139,removed,110,0
139,removed,111,0
139,removed,112,0
139,removed,113,0
139,removed,114,0
139,removed,115,0
139,removed,116,0
139,removed,117,0
139,removed,118,0
139,removed,119,0
139,removed,120,0
139,removed,121,0
139,removed,122,0
139,removed,123,0
139,removed,124,0
139,removed,125,0
139,removed,126,0
139,removed,127,0
139,removed,128,0
139,removed,129,0
139,removed,130,0
139,removed,131,0
139,removed,132,0
139,removed,133,0
139,removed,134,0
139,removed,135,0
139,removed,136,0
139,removed,137,0
139,removed,138,0
139,live,0,0
139,live,1,33439
139,live,2,19162
139,live,3,14416
139,live,4,9932
139,live,5,8356
139,live,6,5550
139,live,7,7560
139,live,8,5629
139,live,9,5329
139,live,10,6379
139,live,11,10087
139,live,12,7312
139,live,13,5306
139,live,14,5515
139,live,15,3024
139,live,16,2505
139,live,17,1849
139,live,18,137
139,live,19,82
139,live,20,43
139,live,21,26
139,live,22,24
139,live,23,19
139,live,24,18
139,live,25,17
139,live,26,14
139,live,27,14
139,live,28,19
139,live,29,19
139,live,30,39
139,live,31,23
139,live,32,19
139,live,33,21
139,live,34,28
139,live,35,27
139,live,36,48
139,live,37,50
139,live,38,65
139,live,39,58
139,live,40,67
139,live,41,55
139,live,42,61
139,live,43,56
139,live,44,57
139,live,45,68
139,live,46,56
139,live,47,85
139,live,48,54
139,live,49,29
139,live,50,21
139,live,51,84
139,live,52,288
139,live,53,392
139,live,54,1286
139,live,55,1906
139,live,56,1292
139,live,57,1148
139,live,58,1062
139,live,59,721
139,live,60,276
139,live,61,78
139,live,62,37
139,live,63,18
139,live,64,4
139,live,65,3
139,live,66,5
139,live,67,3
139,live,68,2
139,live,69,8
139,live,70,5
139,live,71,5
139,live,72,8
139,live,73,15
139,live,74,6
139,live,75,8
139,live,76,8
139,live,77,14
139,live,78,10
139,live,79,10
139,live,80,11
139,live,81,16
139,live,82,39
139,live,83,32
139,live,84,23
139,live,85,18
139,live,86,39
139,live,87,35
139,live,88,52
139,live,89,27
139,live,90,39
139,live,91,23
139,live,92,27
139,live,93,52
139,live,94,86
139,live,95,139
139,live,96,293
139,live,97,699
139,live,98,932
139,live,99,336
139,live,100,635
139,live,101,360
139,live,102,149
139,live,103,53
139,live,104,18
139,live,105,26
139,live,106,9
139,live,107,1
139,live,108,5
139,live,109,1
139,live,110,2
139,live,111,8
139,live,112,2
139,live,113,1
139,live,114,1
139,live,115,2
139,live,116,5
139,live,117,4
139,live,118,1
139,live,119,0
139,live,120,0
139,live,121,2
139,live,122,5
139,live,123,1
139,live,124,1
139,live,125,1
139,live,126,0
139,live,127,0
139,live,128,1
139,live,129,0
139,live,130,0
139,live,131,2
139,live,132,1
139,live,133,3
139,live,134,9
139,live,135,1
139,live,136,39
139,live,137,32
139,live,138,16
139,live,139,1
140,removed,0,19054
140,removed,1,14001
140,removed,2,6173
140,removed,3,4615
140,removed,4,2130
140,removed,5,1996
140,removed,6,1127
140,removed,7,1096
140,removed,8,720
140,removed,9,459
140,removed,10,321
140,removed,11,219
140,removed,12,143
140,removed,13,49
140,removed,14,12
140,removed,15,7
140,removed,16,7
140,removed,17,0
140,removed,18,7
140,removed,19,0
140,removed,20,0
140,removed,21,0
140,removed,22,0
140,removed,23,0
140,removed,24,0
140,removed,25,0
140,removed,26,0
140,removed,27,0
140,removed,28,0
140,removed,29,0
140,removed,30,0
140,removed,31,0
140,removed,32,0
140,removed,33,0
140,removed,34,0
140,removed,35,0
140,removed,36,0
140,removed,37,0
140,removed,38,0
140,removed,39,0
140,removed,40,1
140,removed,41,0
140,removed,42,1
140,removed,43,0
140,removed,44,0
140,removed,45,0
140,removed,46,0
140,removed,47,0
140,removed,48,0
140,removed,49,1
140,removed,50,1
140,removed,51,0
140,removed,52,2
140,removed,53,0
140,removed,54,2
140,removed,55,0
140,removed,56,1
140,removed,57,0
140,removed,58,1
140,removed,59,0
140,removed,60,0
140,removed,61,0
140,removed,62,0
140,removed,63,0
140,removed,64,0
140,removed,65,0
140,removed,66,0
140,removed,67,0
140,removed,68,0
140,removed,69,0
140,removed,70,0
140,removed,71,0
140,removed,72,0
140,removed,73,0
140,removed,74,0
140,removed,75,0
140,removed,76,0
140,removed,77,0
140,removed,78,0
140,removed,79,0
140,removed,80,0
140,removed,81,0
140,removed,82,0
140,removed,83,0
140,removed,84,0
140,removed,85,0
140,removed,86,0
140,removed,87,0
140,removed,88,0
140,removed,89,0
140,removed,90,0
140,removed,91,0
140,removed,92,0
140,removed,93,1
140,removed,94,0
140,removed,95,0
140,removed,96,0
140,removed,97,0
140,removed,98,1
140,removed,99,0
140,removed,100,0
140,removed,101,0
140,removed,102,0
140,removed,103,0
140,removed,104,0
140,removed,105,0
140,removed,106,0
140,removed,107,0
140,removed,108,0
140,removed,109,0
140,removed,110,0
140,removed,111,0
140,removed,112,0
140,removed,113,0
140,removed,114,0
140,removed,115,0
140,removed,116,0
140,removed,117,0
140,removed,118,0
140,removed,119,0
140,removed,120,0
140,removed,121,0
140,removed,122,0
140,removed,123,0
140,removed,124,0
140,removed,125,0
140,removed,126,0
140,removed,127,0
140,removed,128,0
140,removed,129,0
140,removed,130,0
140,removed,131,0
140,removed,132,0
140,removed,133,0
140,removed,134,0
140,removed,135,0
140,removed,136,1
140,removed,137,0
140,removed,138,0
140,removed,139,0
140,live,0,0
140,live,1,32724
140,live,2,19438
140,live,3,12989
140,live,4,9801
140,live,5,7802
140,live,6,6360
140,live,7,4423
140,live,8,6464
140,live,9,4909
140,live,10,4870
140,live,11,6058
140,live,12,9868
140,live,13,7169
140,live,14,5257
140,live,15,5503
140,live,16,3017
140,live,17,2498
140,live,18,1849
140,live,19,130
140,live,20,82
140,live,21,43
140,live,22,26
140,live,23,24
140,live,24,19
140,live,25,18
140,live,26,17
140,live,27,14
140,live,28,14
140,live,29,19
140,live,30,19
140,live,31,39
140,live,32,23
140,live,33,19
140,live,34,21
140,live,35,28
140,live,36,27
140,live,37,48
140,live,38,50
140,live,39,65
140,live,40,58
140,live,41,66
140,live,42,55
140,live,43,60
140,live,44,56
140,live,45,57
140,live,46,68
140,live,47,56
140,live,48,85
140,live,49,54
140,live,50,28
140,live,51,20
140,live,52,84
140,live,53,286
140,live,54,392
140,live,55,1284
140,live,56,1906
140,live,57,1291
140,live,58,1148
140,live,59,1061
140,live,60,721
140,live,61,276
140,live,62,78
140,live,63,37
140,live,64,18
140,live,65,4
140,live,66,3
140,live,67,5
140,live,68,3
140,live,69,2
140,live,70,8
140,live,71,5
140,live,72,5
140,live,73,8
140,live,74,15
140,live,75,6
140,live,76,8
140,live,77,8
140,live,78,14
140,live,79,10
140,live,80,10
140,live,81,11
140,live,82,16
140,live,83,39
140,live,84,32
140,live,85,23
140,live,86,18
140,live,87,39
140,live,88,35
140,live,89,52
140,live,90,27
140,live,91,39
140,live,92,23
140,live,93,27
140,live,94,51
140,live,95,86
140,live,96,139
140,live,97,293
140,live,98,699
140,live,99,931
140,live,100,336
140,live,101,635
140,live,102,360
140,live,103,149
140,live,104,53
140,live,105,18
140,live,106,26
140,live,107,9
140,live,108,1
140,live,109,5
140,live,110,1
140,live,111,2
140,live,112,8
140,live,113,2
140,live,114,1
140,live,115,1
140,live,116,2
140,live,117,5
140,live,118,4
140,live,119,1
140,live,120,0
140,live,121,0
140,live,122,2
140,live,123,5
140,live,124,1
140,live,125,1
140,live,126,1
140,live,127,0
140,live,128,0
140,live,129,1
140,live,130,0
140,live,131,0
140,live,132,2
140,live,133,1
140,live,134,3
140,live,135,9
140,live,136,1
140,live,137,38
140,live,138,32
140,live,139,16
140,live,140,1
141,removed,0,19317
141,removed,1,14303
141,removed,2,5983
141,removed,3,4222
141,removed,4,2006
141,removed,5,1559
141,removed,6,1062
141,removed,7,957
141,removed,8,518
141,removed,9,554
141,removed,10,307
141,removed,11,223
141,removed,12,149
141,removed,13,71
141,removed,14,21
141,removed,15,10
141,removed,16,9
141,removed,17,11
141,removed,18,0
141,removed,19,0
141,removed,20,0
141,removed,21,0
141,removed,22,0
141,removed,23,0
141,removed,24,0
141,removed,25,0
141,removed,26,0
141,removed,27,0
141,removed,28,0
141,removed,29,0
141,removed,30,0
141,removed,31,0
141,removed,32,0
141,removed,33,0
141,removed,34,0
141,removed,35,0
141,removed,36,0
141,removed,37,0
141,removed,38,0
141,removed,39,0
141,removed,40,0
141,removed,41,0
141,removed,42,0
141,removed,43,0
141,removed,44,0
141,removed,45,0
141,removed,46,0
141,removed,47,0
141,removed,48,0
141,removed,49,0
141,removed,50,0
141,removed,51,0
141,removed,52,0
141,removed,53,0
141,removed,54,0
141,removed,55,0
141,removed,56,1
141,removed,57,0
141,removed,58,0
141,removed,59,0
141,removed,60,0
141,removed,61,0
141,removed,62,0
141,removed,63,0
141,removed,64,0
141,removed,65,0
141,removed,66,0
141,removed,67,0
141,removed,68,0
141,removed,69,0
141,removed,70,0
141,removed,71,0
141,removed,72,0
141,removed,73,0
141,removed,74,0
141,removed,75,0
141,removed,76,0
141,removed,77,0
141,removed,78,0
141,removed,79,0
141,removed,80,0
141,removed,81,0
141,removed,82,0
141,removed,83,0
141,removed,84,0
141,removed,85,0
141,removed,86,0
141,removed,87,0
141,removed,88,0
141,removed,89,0
141,removed,90,0
141,removed,91,0
141,removed,92,0
141,removed,93,0
141,removed,94,0
141,removed,95,0
141,removed,96,0
141,removed,97,0
141,removed,98,1
141,removed,99,0
141,removed,100,0
141,removed,101,0
141,removed,102,1
141,removed,103,0
141,removed,104,0
141,removed,105,0
141,removed,106,0
141,removed,107,0
141,removed,108,0
141,removed,109,0
141,removed,110,0
141,removed,111,0
141,removed,112,0
141,removed,113,0
141,removed,114,0
141,removed,115,0
141,removed,116,0
141,removed,117,0
141,removed,118,0
141,removed,119,0
141,removed,120,0
141,removed,121,0
141,removed,122,0
141,removed,123,0
141,removed,124,0
141,removed,125,0
141,removed,126,0
141,removed,127,0
141,removed,128,0
141,removed,129,0
141,removed,130,0
141,removed,131,0
141,removed,132,0
141,removed,133,0
141,removed,134,0
141,removed,135,0
141,removed,136,0
141,removed,137,0
141,removed,138,0
141,removed,139,0
141,removed,140,0
141,live,0,0
141,live,1,32052
141,live,2,18421
141,live,3,13455
141,live,4,8767
141,live,5,7795
141,live,6,6243
141,live,7,5298
141,live,8,3466
141,live,9,5946
141,live,10,4355
141,live,11,4563
141,live,12,5835
141,live,13,9719
141,live,14,7098
141,live,15,5236
141,live,16,5493
141,live,17,3008
141,live,18,2487
141,live,19,1849
141,live,20,130
141,live,21,82
141,live,22,43
141,live,23,26
141,live,24,24
141,live,25,19
141,live,26,18
141,live,27,17
141,live,28,14
141,live,29,14
141,live,30,19
141,live,31,19
141,live,32,39
141,live,33,23
141,live,34,19
141,live,35,21
141,live,36,28
141,live,37,27
141,live,38,48
141,live,39,50
141,live,40,65
141,live,41,58
141,live,42,66
141,live,43,55
141,live,44,60
141,live,45,56
141,live,46,57
141,live,47,68
141,live,48,56
141,live,49,85
141,live,50,54
141,live,51,28
141,live,52,20
141,live,53,84
141,live,54,286
141,live,55,392
141,live,56,1284
141,live,57,1905
141,live,58,1291
141,live,59,1148
141,live,60,1061
141,live,61,721
141,live,62,276
141,live,63,78
141,live,64,37
141,live,65,18
141,live,66,4
141,live,67,3
141,live,68,5
141,live,69,3
141,live,70,2
141,live,71,8
141,live,72,5
141,live,73,5
141,live,74,8
141,live,75,15
141,live,76,6
141,live,77,8
141,live,78,8
141,live,79,14
141,live,80,10
141,live,81,10
141,live,82,11
141,live,83,16
141,live,84,39
141,live,85,32
141,live,86,23
141,live,87,18
141,live,88,39
141,live,89,35
141,live,90,52
141,live,91,27
141,live,92,39
141,live,93,23
141,live,94,27
141,live,95,51
141,live,96,86
141,live,97,139
141,live,98,293
141,live,99,698
141,live,100,931
141,live,101,336
141,live,102,635
141,live,103,359
141,live,104,149
141,live,105,53
141,live,106,18
141,live,107,26
141,live,108,9
141,live,109,1
141,live,110,5
141,live,111,1
141,live,112,2
141,live,113,8
141,live,114,2
141,live,115,1
141,live,116,1
141,live,117,2
141,live,118,5
141,live,119,4
141,live,120,1
141,live,121,0
141,live,122,0
141,live,123,2
141,live,124,5
141,live,125,1
141,live,126,1
141,live,127,1
141,live,128,0
141,live,129,0
141,live,130,1
141,live,131,0
141,live,132,0
141,live,133,2
141,live,134,1
141,live,135,3
141,live,136,9
141,live,137,1
141,live,138,38
141,live,139,32
141,live,140,16
141,live,141,1
142,removed,0,20106
142,removed,1,13534
142,removed,2,6010
142,removed,3,4037
142,removed,4,2047
142,removed,5,1818
142,removed,6,1326
142,removed,7,1112
142,removed,8,595
142,removed,9,512
142,removed,10,367
142,removed,11,288
142,removed,12,212
142,removed,13,99
142,removed,14,78
142,removed,15,34
142,removed,16,10
142,removed,17,18
142,removed,18,8
142,removed,19,3
142,removed,20,2
142,removed,21,9
142,removed,22,0
142,removed,23,0
142,removed,24,0
142,removed,25,1
142,removed,26,0
142,removed,27,0
142,removed,28,0
142,removed,29,0
142,removed,30,0
142,removed,31,0
142,removed,32,0
142,removed,33,0
142,removed,34,0
142,removed,35,0
142,removed,36,0
142,removed,37,0
142,removed,38,0
142,removed,39,0
142,removed,40,0
142,removed,41,0
142,removed,42,0
142,removed,43,0
142,removed,44,0
142,removed,45,0
142,removed,46,0
142,removed,47,0
142,removed,48,0
142,removed,49,0
142,removed,50,0
142,removed,51,0
142,removed,52,0
142,removed,53,1
142,removed,54,0
142,removed,55,1
142,removed,56,0
142,removed,57,0
142,removed,58,1
142,removed,59,0
142,removed,60,0
142,removed,61,0
142,removed,62,0
142,removed,63,0
142,removed,64,0
142,removed,65,0
142,removed,66,0
142,removed,67,0
142,removed,68,0
142,removed,69,0
142,removed,70,0
142,removed,71,0
142,removed,72,0
142,removed,73,0
142,removed,74,0
142,removed,75,0
142,removed,76,0
142,removed,77,0
142,removed,78,0
142,removed,79,0
142,removed,80,0
142,removed,81,0
142,removed,82,0
142,removed,83,0
142,removed,84,0
142,removed,85,0
142,removed,86,0
142,removed,87,0
142,removed,88,0
142,removed,89,0
142,removed,90,0
142,removed,91,0
142,removed,92,0
142,removed,93,0
142,removed,94,0
142,removed,95,0
142,removed,96,0
142,removed,97,1
142,removed,98,2
142,removed,99,0
142,removed,100,1
142,removed,101,0
142,removed,102,0
142,removed,103,0
142,removed,104,0
142,removed,105,0
142,removed,106,0
142,removed,107,0
142,removed,108,0
142,removed,109,0
142,removed,110,0
142,removed,111,0
142,removed,112,0
142,removed,113,0
142,removed,114,0
142,removed,115,0
142,removed,116,0
142,removed,117,0
142,removed,118,0
142,removed,119,0
142,removed,120,0
142,removed,121,0
142,removed,122,0
142,removed,123,0
142,removed,124,0
142,removed,125,0
142,removed,126,0
142,removed,127,0
142,removed,128,0
142,removed,129,0
142,removed,130,0
142,removed,131,0
142,removed,132,0
142,removed,133,0
142,removed,134,0
142,removed,135,0
142,removed,136,0
142,removed,137,0
142,removed,138,0
142,removed,139,1
142,removed,140,0
142,removed,141,0
142,live,0,0
142,live,1,31733
142,live,2,18518
142,live,3,12411
142,live,4,9418
142,live,5,6720
142,live,6,5977
142,live,7,4917
142,live,8,4186
142,live,9,2871
142,live,10,5434
142,live,11,3988
142,live,12,4275
142,live,13,5623
142,live,14,9620
142,live,15,7020
142,live,16,5202
142,live,17,5483
142,live,18,2990
142,live,19,2479
142,live,20,1846
142,live,21,128
142,live,22,73
142,live,23,43
142,live,24,26
142,live,25,24
142,live,26,18
142,live,27,18
142,live,28,17
142,live,29,14
142,live,30,14
142,live,31,19
142,live,32,19
142,live,33,39
142,live,34,23
142,live,35,19
142,live,36,21
142,live,37,28
142,live,38,27
142,live,39,48
142,live,40,50
142,live,41,65
142,live,42,58
142,live,43,66
142,live,44,55
142,live,45,60
142,live,46,56
142,live,47,57
142,live,48,68
142,live,49,56
142,live,50,85
142,live,51,54
142,live,52,28
142,live,53,20
142,live,54,83
142,live,55,286
142,live,56,391
142,live,57,1284
142,live,58,1905
142,live,59,1290
142,live,60,1148
142,live,61,1061
142,live,62,721
142,live,63,276
142,live,64,78
142,live,65,37
142,live,66,18
142,live,67,4
142,live,68,3
142,live,69,5
142,live,70,3
142,live,71,2
142,live,72,8
142,live,73,5
142,live,74,5
142,live,75,8
142,live,76,15
142,live,77,6
142,live,78,8
142,live,79,8
142,live,80,14
142,live,81,10
142,live,82,10
142,live,83,11
142,live,84,16
142,live,85,39
142,live,86,32
142,live,87,23
142,live,88,18
142,live,89,39
142,live,90,35
142,live,91,52
142,live,92,27
142,live,93,39
142,live,94,23
142,live,95,27
142,live,96,51
142,live,97,86
142,live,98,138
142,live,99,291
142,live,100,698
142,live,101,930
142,live,102,336
142,live,103,635
142,live,104,359
142,live,105,149
142,live,106,53
142,live,107,18
142,live,108,26
142,live,109,9
142,live,110,1
142,live,111,5
142,live,112,1
142,live,113,2
142,live,114,8
142,live,115,2
142,live,116,1
142,live,117,1
142,live,118,2
142,live,119,5
142,live,120,4
142,live,121,1
142,live,122,0
142,live,123,0
142,live,124,2
142,live,125,5
142,live,126,1
142,live,127,1
142,live,128,1
142,live,129,0
142,live,130,0
142,live,131,1
142,live,132,0
142,live,133,0
142,live,134,2
142,live,135,1
142,live,136,3
142,live,137,9
142,live,138,1
142,live,139,38
142,live,140,31
142,live,141,16
142,live,142,1
143,removed,0,23741
143,removed,1,14223
143,removed,2,6594
143,removed,3,4132
143,removed,4,2557
143,removed,5,1696
143,removed,6,1331
143,removed,7,931
143,removed,8,883
143,removed,9,611
143,removed,10,517
143,removed,11,368
143,removed,12,249
143,removed,13,126
143,removed,14,81
143,removed,15,51
143,removed,16,16
143,removed,17,18
143,removed,18,13
143,removed,19,2
143,removed,20,4
143,removed,21,0
143,removed,22,0
143,removed,23,1
143,removed,24,2
143,removed,25,1
143,removed,26,0
143,removed,27,0
143,removed,28,0
143,removed,29,0
143,removed,30,1
143,removed,31,0
143,removed,32,0
143,removed,33,0
143,removed,34,0
143,removed,35,1
143,removed,36,0
143,removed,37,0
143,removed,38,0
143,removed,39,0
143,removed,40,1
143,removed,41,0
143,removed,42,0
143,removed,43,0
143,removed,44,0
143,removed,45,0
143,removed,46,0
143,removed,47,0
143,removed,48,0
143,removed,49,0
143,removed,50,0
143,removed,51,0
143,removed,52,0
143,removed,53,0
143,removed,54,0
143,removed,55,0
143,removed,56,0
143,removed,57,1
143,removed,58,1
143,removed,59,0
143,removed,60,0
143,removed,61,2
143,removed,62,1
143,removed,63,0
143,removed,64,0
143,removed,65,0
143,removed,66,0
143,removed,67,0
143,removed,68,0
143,removed,69,0
143,removed,70,0
143,removed,71,0
143,removed,72,0
143,removed,73,0
143,removed,74,0
143,removed,75,0
143,removed,76,0
143,removed,77,0
143,removed,78,0
143,removed,79,0
143,removed,80,0
143,removed,81,0
143,removed,82,0
143,removed,83,0
143,removed,84,0
143,removed,85,0
143,removed,86,0
143,removed,87,0
143,removed,88,0
143,removed,89,0
143,removed,90,0
143,removed,91,0
143,removed,92,0
143,removed,93,0
143,removed,94,0
143,removed,95,0
143,removed,96,0
143,removed,97,0
143,removed,98,0
143,removed,99,0
143,removed,100,0
143,removed,101,0
143,removed,102,1
143,removed,103,0
143,removed,104,0
143,removed,105,0
143,removed,106,0
143,removed,107,0
143,removed,108,0
143,removed,109,0
143,removed,110,0
143,removed,111,0
143,removed,112,0
143,removed,113,0
143,removed,114,0
143,removed,115,0
143,removed,116,0
143,removed,117,0
143,removed,118,0
143,removed,119,1
143,removed,120,0
143,removed,121,0
143,removed,122,0
143,removed,123,0
143,removed,124,0
143,removed,125,0
143,removed,126,0
143,removed,127,0
143,removed,128,0
143,removed,129,0
143,removed,130,0
143,removed,131,0
143,removed,132,0
143,removed,133,0
143,removed,134,0
143,removed,135,0
143,removed,136,0
143,removed,137,0
143,removed,138,0
143,removed,139,0
143,removed,140,1
143,removed,141,0
143,removed,142,0
143,live,0,0
143,live,1,28207
143,live,2,17510
143,live,3,11924
143,live,4,8279
143,live,5,6861
143,live,6,5024
143,live,7,4646
143,live,8,3986
143,live,9,3303
143,live,10,2260
143,live,11,4917
143,live,12,3620
143,live,13,4026
143,live,14,5497
143,live,15,9539
143,live,16,6969
143,live,17,5186
143,live,18,5465
143,live,19,2977
143,live,20,2477
143,live,21,1842
143,live,22,128
143,live,23,73
143,live,24,42
143,live,25,24
143,live,26,23
143,live,27,18
143,live,28,18
143,live,29,17
143,live,30,14
143,live,31,13
143,live,32,19
143,live,33,19
143,live,34,39
143,live,35,23
143,live,36,18
143,live,37,21
143,live,38,28
143,live,39,27
143,live,40,48
143,live,41,49
143,live,42,65
143,live,43,58
143,live,44,66
143,live,45,55
143,live,46,60
143,live,47,56
143,live,48,57
143,live,49,68
143,live,50,56
143,live,51,85
143,live,52,54
143,live,53,28
143,live,54,20
143,live,55,83
143,live,56,286
143,live,57,391
143,live,58,1283
143,live,59,1904
143,live,60,1290
143,live,61,1148
143,live,62,1059
143,live,63,720
143,live,64,276
143,live,65,78
143,live,66,37
143,live,67,18
143,live,68,4
143,live,69,3
143,live,70,5
143,live,71,3
143,live,72,2
143,live,73,8
143,live,74,5
143,live,75,5
143,live,76,8
143,live,77,15
143,live,78,6
143,live,79,8
143,live,80,8
143,live,81,14
143,live,82,10
143,live,83,10
143,live,84,11
143,live,85,16
143,live,86,39
143,live,87,32
143,live,88,23
143,live,89,18
143,live,90,39
143,live,91,35
143,live,92,52
143,live,93,27
143,live,94,39
143,live,95,23
143,live,96,27
143,live,97,51
143,live,98,86
143,live,99,138
143,live,100,291
143,live,101,698
143,live,102,930
143,live,103,335
143,live,104,635
143,live,105,359
143,live,106,149
143,live,107,53
143,live,108,18
143,live,109,26
143,live,110,9
143,live,111,1
143,live,112,5
143,live,113,1
143,live,114,2
143,live,115,8
143,live,116,2
143,live,117,1
143,live,118,1
143,live,119,2
143,live,120,4
143,live,121,4
143,live,122,1
143,live,123,0
143,live,124,0
143,live,125,2
143,live,126,5
143,live,127,1
143,live,128,1
143,live,129,1
143,live,130,0
143,live,131,0
143,live,132,1
143,live,133,0
143,live,134,0
143,live,135,2
143,live,136,1
143,live,137,3
143,live,138,9
143,live,139,1
143,live,140,38
143,live,141,30
143,live,142,16
143,live,143,1
144,removed,0,23310
144,removed,1,10210
144,removed,2,5303
144,removed,3,2816
144,removed,4,1885
144,removed,5,1221
144,removed,6,926
144,removed,7,790
144,removed,8,604
144,removed,9,467
144,removed,10,328
144,removed,11,329
144,removed,12,260
144,removed,13,187
144,removed,14,161
144,removed,15,50
144,removed,16,59
144,removed,17,17
144,removed,18,32
144,removed,19,3
144,removed,20,19
144,removed,21,8
144,removed,22,0
144,removed,23,0
144,removed,24,0
144,removed,25,0
144,removed,26,0
144,removed,27,0
144,removed,28,0
144,removed,29,0
144,removed,30,0
144,removed,31,0
144,removed,32,0
144,removed,33,0
144,removed,34,0
144,removed,35,1
144,removed,36,1
144,removed,37,0
144,removed,38,0
144,removed,39,0
144,removed,40,0
144,removed,41,0
144,removed,42,0
144,removed,43,0
144,removed,44,0
144,removed,45,0
144,removed,46,0
144,removed,47,0
144,removed,48,0
144,removed,49,0
144,removed,50,0
144,removed,51,0
144,removed,52,0
144,removed,53,0
144,removed,54,0
144,removed,55,0
144,removed,56,1
144,removed,57,1
144,removed,58,7
144,removed,59,6
144,removed,60,0
144,removed,61,0
144,removed,62,9
144,removed,63,0
144,removed,64,0
144,removed,65,0
144,removed,66,0
144,removed,67,0
144,removed,68,0
144,removed,69,0
144,removed,70,0
144,removed,71,0
144,removed,72,0
144,removed,73,0
144,removed,74,0
144,removed,75,0
144,removed,76,1
144,removed,77,0
144,removed,78,0
144,removed,79,0
144,removed,80,0
144,removed,81,0
144,removed,82,0
144,removed,83,0
144,removed,84,0
144,removed,85,0
144,removed,86,0
144,removed,87,0
144,removed,88,0
144,removed,89,0
144,removed,90,0
144,removed,91,0
144,removed,92,0
144,removed,93,0
144,removed,94,0
144,removed,95,0
144,removed,96,2
144,removed,97,0
144,removed,98,0
144,removed,99,0
144,removed,100,2
144,removed,101,1
144,removed,102,1
144,removed,103,0
144,removed,104,0
144,removed,105,0
144,removed,106,0
144,removed,107,0
144,removed,108,0
144,removed,109,0
144,removed,110,0
144,removed,111,0
144,removed,112,0
144,removed,113,0
144,removed,114,0
144,removed,115,0
144,removed,116,0
144,removed,117,0
144,removed,118,0
144,removed,119,0
144,removed,120,0
144,removed,121,0
144,removed,122,0
144,removed,123,0
144,removed,124,0
144,removed,125,0
144,removed,126,0
144,removed,127,0
144,removed,128,0
144,removed,129,0
144,removed,130,0
144,removed,131,0
144,removed,132,0
144,removed,133,0
144,removed,134,0
144,removed,135,0
144,removed,136,0
144,removed,137,0
144,removed,138,0
144,removed,139,0
144,removed,140,0
144,removed,141,0
144,removed,142,0
144,removed,143,0
144,live,0,0
144,live,1,28363
144,live,2,17997
144,live,3,12207
144,live,4,9108
144,live,5,6394
144,live,6,5640
144,live,7,4098
144,live,8,3856
144,live,9,3382
144,live,10,2836
144,live,11,1932
144,live,12,4588
144,live,13,3360
144,live,14,3839
144,live,15,5336
144,live,16,9489
144,live,17,6910
144,live,18,5169
144,live,19,5433
144,live,20,2974
144,live,21,2458
144,live,22,1834
144,live,23,128
144,live,24,73
144,live,25,42
144,live,26,24
144,live,27,23
144,live,28,18
144,live,29,18
144,live,30,17
144,live,31,14
144,live,32,13
144,live,33,19
144,live,34,19
144,live,35,39
144,live,36,22
144,live,37,17
144,live,38,21
144,live,39,28
144,live,40,27
144,live,41,48
144,live,42,49
144,live,43,65
144,live,44,58
144,live,45,66
144,live,46,55
144,live,47,60
144,live,48,56
144,live,49,57
144,live,50,68
144,live,51,56
144,live,52,85
144,live,53,54
144,live,54,28
144,live,55,20
144,live,56,83
144,live,57,285
144,live,58,390
144,live,59,1276
144,live,60,1898
144,live,61,1290
144,live,62,1148
144,live,63,1050
144,live,64,720
144,live,65,276
144,live,66,78
144,live,67,37
144,live,68,18
144,live,69,4
144,live,70,3
144,live,71,5
144,live,72,3
144,live,73,2
144,live,74,8
144,live,75,5
144,live,76,5
144,live,77,7
144,live,78,15
144,live,79,6
144,live,80,8
144,live,81,8
144,live,82,14
144,live,83,10
144,live,84,10
144,live,85,11
144,live,86,16
144,live,87,39
144,live,88,32
144,live,89,23
144,live,90,18
144,live,91,39
144,live,92,35
144,live,93,52
144,live,94,27
144,live,95,39
144,live,96,23
144,live,97,25
144,live,98,51
144,live,99,86
144,live,100,138
144,live,101,289
144,live,102,697
144,live,103,929
144,live,104,335
144,live,105,635
144,live,106,359
144,live,107,149
144,live,108,53
144,live,109,18
144,live,110,26
144,live,111,9
144,live,112,1
144,live,113,5
144,live,114,1
144,live,115,2
144,live,116,8
144,live,117,2
144,live,118,1
144,live,119,1
144,live,120,2
144,live,121,4
144,live,122,4
144,live,123,1
144,live,124,0
144,live,125,0
144,live,126,2
144,live,127,5
144,live,128,1
144,live,129,1
144,live,130,1
144,live,131,0
144,live,132,0
144,live,133,1
144,live,134,0
144,live,135,0
144,live,136,2
144,live,137,1
144,live,138,3
144,live,139,9
144,live,140,1
144,live,141,38
144,live,142,30
144,live,143,16
144,live,144,1
145,removed,0,24765
145,removed,1,12639
145,removed,2,5308
145,removed,3,3068
145,removed,4,2024
145,removed,5,1544
145,removed,6,1085
145,removed,7,848
145,removed,8,773
145,removed,9,563
145,removed,10,497
145,removed,11,365
145,removed,12,322
145,removed,13,228
145,removed,14,133
145,removed,15,106
145,removed,16,52
145,removed,17,27
145,removed,18,7
145,removed,19,6
145,removed,20,1
145,removed,21,10
145,removed,22,3
145,removed,23,0
145,removed,24,0
145,removed,25,0
145,removed,26,0
145,removed,27,0
145,removed,28,0
145,removed,29,0
145,removed,30,0
145,removed,31,0
145,removed,32,0
145,removed,33,1
145,removed,34,0
145,removed,35,0
145,removed,36,0
145,removed,37,0
145,removed,38,0
145,removed,39,0
145,removed,40,0
145,removed,41,0
145,removed,42,0
145,removed,43,0
145,removed,44,0
145,removed,45,0
145,removed,46,0
145,removed,47,0
145,removed,48,0
145,removed,49,0
145,removed,50,0
145,removed,51,0
145,removed,52,0
145,removed,53,0
145,removed,54,0
145,removed,55,0
145,removed,56,0
145,removed,57,0
145,removed,58,0
145,removed,59,0
145,removed,60,0
145,removed,61,0
145,removed,62,1
145,removed,63,0
145,removed,64,0
145,removed,65,0
145,removed,66,0
145,removed,67,0
145,removed,68,0
145,removed,69,0
145,removed,70,0
145,removed,71,0
145,removed,72,0
145,removed,73,0
145,removed,74,0
145,removed,75,0
145,removed,76,0
145,removed,77,0
145,removed,78,0
145,removed,79,0
145,removed,80,0
145,removed,81,0
145,removed,82,0
145,removed,83,0
145,removed,84,0
145,removed,85,0
145,removed,86,0
145,removed,87,0
145,removed,88,0
145,removed,89,0
145,removed,90,0
145,removed,91,0
145,removed,92,0
145,removed,93,0
145,removed,94,0
145,removed,95,0
145,removed,96,0
145,removed,97,0
145,removed,98,0
145,removed,99,0
145,removed,100,0
145,removed,101,0
145,removed,102,0
145,removed,103,1
145,removed,104,0
145,removed,105,0
145,removed,106,0
145,removed,107,0
145,removed,108,0
145,removed,109,0
145,removed,110,0
145,removed,111,0
145,removed,112,0
145,removed,113,0
145,removed,114,0
145,removed,115,0
145,removed,116,0
145,removed,117,0
145,removed,118,0
145,removed,119,0
145,removed,120,0
145,removed,121,0
145,removed,122,0
145,removed,123,0
145,removed,124,0
145,removed,125,0
145,removed,126,0
145,removed,127,0
145,removed,128,0
145,removed,129,0
145,removed,130,0
145,removed,131,0
145,removed,132,0
145,removed,133,0
145,removed,134,0
145,removed,135,0
145,removed,136,0
145,removed,137,0
145,removed,138,0
145,removed,139,0
145,removed,140,0
145,removed,141,0
145,removed,142,0
145,removed,143,0
145,removed,144,0
145,live,0,0
145,live,1,26928
145,live,2,15724
145,live,3,12689
145,live,4,9139
145,live,5,7084
145,live,6,4850
145,live,7,4555
145,live,8,3250
145,live,9,3083
145,live,10,2819
145,live,11,2339
145,live,12,1567
145,live,13,4266
145,live,14,3132
145,live,15,3706
145,live,16,5230
145,live,17,9437
145,live,18,6883
145,live,19,5162
145,live,20,5427
145,live,21,2973
145,live,22,2448
145,live,23,1831
145,live,24,128
145,live,25,73
145,live,26,42
145,live,27,24
145,live,28,23
145,live,29,18
145,live,30,18
145,live,31,17
145,live,32,14
145,live,33,13
145,live,34,18
145,live,35,19
145,live,36,39
145,live,37,22
145,live,38,17
145,live,39,21
145,live,40,28
145,live,41,27
145,live,42,48
145,live,43,49
145,live,44,65
145,live,45,58
145,live,46,66
145,live,47,55
145,live,48,60
145,live,49,56
145,live,50,57
145,live,51,68
145,live,52,56
145,live,53,85
145,live,54,54
145,live,55,28
145,live,56,20
145,live,57,83
145,live,58,285
145,live,59,390
145,live,60,1276
145,live,61,1898
145,live,62,1290
145,live,63,1147
145,live,64,1050
145,live,65,720
145,live,66,276
145,live,67,78
145,live,68,37
145,live,69,18
145,live,70,4
145,live,71,3
145,live,72,5
145,live,73,3
145,live,74,2
145,live,75,8
145,live,76,5
145,live,77,5
145,live,78,7
145,live,79,15
145,live,80,6
145,live,81,8
145,live,82,8
145,live,83,14
145,live,84,10
145,live,85,10
145,live,86,11
145,live,87,16
145,live,88,39
145,live,89,32
145,live,90,23
145,live,91,18
145,live,92,39
145,live,93,35
145,live,94,52
145,live,95,27
145,live,96,39
145,live,97,23
145,live,98,25
145,live,99,51
145,live,100,86
145,live,101,138
145,live,102,289
145,live,103,697
145,live,104,928
145,live,105,335
145,live,106,635
145,live,107,359
145,live,108,149
145,live,109,53
145,live,110,18
145,live,111,26
145,live,112,9
145,live,113,1
145,live,114,5
145,live,115,1
145,live,116,2
145,live,117,8
145,live,118,2
145,live,119,1
145,live,120,1
145,live,121,2
145,live,122,4
145,live,123,4
145,live,124,1
145,live,125,0
145,live,126,0
145,live,127,2
145,live,128,5
145,live,129,1
145,live,130,1
145,live,131,1
145,live,132,0
145,live,133,0
145,live,134,1
145,live,135,0
145,live,136,0
145,live,137,2
145,live,138,1
145,live,139,3
145,live,140,9
145,live,141,1
145,live,142,38
145,live,143,30
145,live,144,16
145,live,145,1
146,removed,0,25234
146,removed,1,12027
146,removed,2,5679
146,removed,3,2854
146,removed,4,1835
146,removed,5,1436
146,removed,6,912
146,removed,7,804
146,removed,8,598
146,removed,9,539
146,removed,10,463
146,removed,11,332
146,removed,12,290
146,removed,13,201
146,removed,14,181
146,removed,15,101
146,removed,16,84
146,removed,17,51
146,removed,18,22
146,removed,19,17
146,removed,20,15
146,removed,21,1
146,removed,22,8
146,removed,23,2
146,removed,24,2
146,removed,25,0
146,removed,26,0
146,removed,27,0
146,removed,28,0
146,removed,29,0
146,removed,30,0
146,removed,31,0
146,removed,32,0
146,removed,33,0
146,removed,34,0
146,removed,35,0
146,removed,36,0
146,removed,37,0
146,removed,38,0
146,removed,39,0
146,removed,40,0
146,removed,41,0
146,removed,42,0
146,removed,43,0
146,removed,44,0
146,removed,45,0
146,removed,46,0
146,removed,47,0
146,removed,48,0
146,removed,49,0
146,removed,50,0
146,removed,51,0
146,removed,52,0
146,removed,53,0
146,removed,54,0
146,removed,55,0
146,removed,56,0
146,removed,57,0
146,removed,58,2
146,removed,59,0
146,removed,60,0
146,removed,61,2
146,removed,62,0
146,removed,63,1
146,removed,64,0
146,removed,65,1
146,removed,66,0
146,removed,67,0
146,removed,68,0
146,removed,69,0
146,removed,70,0
146,removed,71,0
146,removed,72,0
146,removed,73,0
146,removed,74,0
146,removed,75,0
146,removed,76,0
146,removed,77,0
146,removed,78,0
146,removed,79,0
146,removed,80,0
146,removed,81,0
146,removed,82,0
146,removed,83,0
146,removed,84,0
146,removed,85,0
146,removed,86,0
146,removed,87,0
146,removed,88,0
146,removed,89,0
146,removed,90,0
146,removed,91,0
146,removed,92,0
146,removed,93,0
146,removed,94,0
146,removed,95,0
146,removed,96,0
146,removed,97,0
146,removed,98,0
146,removed,99,0
146,removed,100,0
146,removed,101,0
146,removed,102,1
146,removed,103,0
146,removed,104,0
146,removed,105,0
146,removed,106,1
146,removed,107,0
146,removed,108,0
146,removed,109,0
146,removed,110,0
146,removed,111,0
146,removed,112,0
146,removed,113,0
146,removed,114,0
146,removed,115,0
146,removed,116,0
146,removed,117,0
146,removed,118,0
146,removed,119,0
146,removed,120,0
146,removed,121,0
146,removed,122,0
146,removed,123,0
146,removed,124,0
146,removed,125,0
146,removed,126,0
146,removed,127,0
146,removed,128,0
146,removed,129,0
146,removed,130,0
146,removed,131,0
146,removed,132,0
146,removed,133,0
146,removed,134,0
146,removed,135,0
146,removed,136,0
146,removed,137,0
146,removed,138,0
146,removed,139,0
146,removed,140,0
146,removed,141,0
146,removed,142,0
146,removed,143,0
146,removed,144,0
146,removed,145,0
146,live,0,0
146,live,1,26459
146,live,2,14901
146,live,3,10045
146,live,4,9835
146,live,5,7304
146,live,6,5648
146,live,7,3938
146,live,8,3751
146,live,9,2652
146,live,10,2544
146,live,11,2356
146,live,12,2007
146,live,13,1277
146,live,14,4065
146,live,15,2951
146,live,16,3605
146,live,17,5146
146,live,18,9386
146,live,19,6861
146,live,20,5145
146,live,21,5412
146,live,22,2972
146,live,23,2440
146,live,24,1829
146,live,25,126
146,live,26,73
146,live,27,42
146,live,28,24
146,live,29,23
146,live,30,18
146,live,31,18
146,live,32,17
146,live,33,14
146,live,34,13
146,live,35,18
146,live,36,19
146,live,37,39
146,live,38,22
146,live,39,17
146,live,40,21
146,live,41,28
146,live,42,27
146,live,43,48
146,live,44,49
146,live,45,65
146,live,46,58
146,live,47,66
146,live,48,55
146,live,49,60
146,live,50,56
146,live,51,57
146,live,52,68
146,live,53,56
146,live,54,85
146,live,55,54
146,live,56,28
146,live,57,20
146,live,58,83
146,live,59,283
146,live,60,390
146,live,61,1276
146,live,62,1896
146,live,63,1290
146,live,64,1146
146,live,65,1050
146,live,66,719
146,live,67,276
146,live,68,78
146,live,69,37
146,live,70,18
146,live,71,4
146,live,72,3
146,live,73,5
146,live,74,3
146,live,75,2
146,live,76,8
146,live,77,5
146,live,78,5
146,live,79,7
146,live,80,15
146,live,81,6
146,live,82,8
146,live,83,8
146,live,84,14
146,live,85,10
146,live,86,10
146,live,87,11
146,live,88,16
146,live,89,39
146,live,90,32
146,live,91,23
146,live,92,18
146,live,93,39
146,live,94,35
146,live,95,52
146,live,96,27
146,live,97,39
146,live,98,23
146,live,99,25
146,live,100,51
146,live,101,86
146,live,102,138
146,live,103,288
146,live,104,697
146,live,105,928
146,live,106,335
146,live,107,634
146,live,108,359
146,live,109,149
146,live,110,53
146,live,111,18
146,live,112,26
146,live,113,9
146,live,114,1
146,live,115,5
146,live,116,1
146,live,117,2
146,live,118,8
146,live,119,2
146,live,120,1
146,live,121,1
146,live,122,2
146,live,123,4
146,live,124,4
146,live,125,1
146,live,126,0
146,live,127,0
146,live,128,2
146,live,129,5
146,live,130,1
146,live,131,1
146,live,132,1
146,live,133,0
146,live,134,0
146,live,135,1
146,live,136,0
146,live,137,0
146,live,138,2
146,live,139,1
146,live,140,3
146,live,141,9
146,live,142,1
146,live,143,38
146,live,144,30
146,live,145,16
146,live,146,1
147,removed,0,25559
147,removed,1,12176
147,removed,2,5401
147,removed,3,3106
147,removed,4,1751
147,removed,5,1152
147,removed,6,1122
147,removed,7,742
147,removed,8,670
147,removed,9,495
147,removed,10,465
147,removed,11,377
147,removed,12,311
147,removed,13,242
147,removed,14,193
147,removed,15,125
147,removed,16,114
147,removed,17,55
147,removed,18,16
147,removed,19,12
147,removed,20,4
147,removed,21,0
147,removed,22,1
147,removed,23,3
147,removed,24,2
147,removed,25,0
147,removed,26,1
147,removed,27,0
147,removed,28,0
147,removed,29,0
147,removed,30,0
147,removed,31,0
147,removed,32,0
147,removed,33,0
147,removed,34,0
147,removed,35,0
147,removed,36,0
147,removed,37,0
147,removed,38,0
147,removed,39,0
147,removed,40,0
147,removed,41,0
147,removed,42,0
147,removed,43,0
147,removed,44,0
147,removed,45,0
147,removed,46,0
147,removed,47,0
147,removed,48,0
147,removed,49,0
147,removed,50,0
147,removed,51,0
147,removed,52,0
147,removed,53,0
147,removed,54,0
147,removed,55,0
147,removed,56,0
147,removed,57,0
147,removed,58,0
147,removed,59,0
147,removed,60,1
147,removed,61,0
147,removed,62,0
147,removed,63,0
147,removed,64,0
147,removed,65,0
147,removed,66,1
147,removed,67,0
147,removed,68,0
147,removed,69,0
147,removed,70,0
147,removed,71,0
147,removed,72,0
147,removed,73,0
147,removed,74,0
147,removed,75,0
147,removed,76,0
147,removed,77,0
147,removed,78,0
147,removed,79,0
147,removed,80,0
147,removed,81,0
147,removed,82,0
147,removed,83,0
147,removed,84,0
147,removed,85,0
147,removed,86,0
147,removed,87,0
147,removed,88,0
147,removed,89,0
147,removed,90,0
147,removed,91,0
147,removed,92,0
147,removed,93,0
147,removed,94,0
147,removed,95,0
147,removed,96,0
147,removed,97,0
147,removed,98,0
147,removed,99,1
147,removed,100,0
147,removed,101,0
147,removed,102,0
147,removed,103,0
147,removed,104,1
147,removed,105,0
147,removed,106,0
147,removed,107,1
147,removed,108,0
147,removed,109,0
147,removed,110,0
147,removed,111,0
147,removed,112,0
147,removed,113,0
147,removed,114,0
147,removed,115,0
147,removed,116,0
147,removed,117,0
147,removed,118,0
147,removed,119,0
147,removed,120,0
147,removed,121,0
147,removed,122,0
147,removed,123,0
147,removed,124,0
147,removed,125,0
147,removed,126,0
147,removed,127,0
147,removed,128,0
147,removed,129,0
147,removed,130,0
147,removed,131,0
147,removed,132,0
147,removed,133,0
147,removed,134,0
147,removed,135,0
147,removed,136,0
147,removed,137,0
147,removed,138,0
147,removed,139,0
147,removed,140,0
147,removed,141,0
147,removed,142,0
147,removed,143,0
147,removed,144,0
147,removed,145,0
147,removed,146,0
147,live,0,0
147,live,1,26138
147,live,2,14283
147,live,3,9500
147,live,4,6939
147,live,5,8084
147,live,6,6152
147,live,7,4526
147,live,8,3196
147,live,9,3081
147,live,10,2157
147,live,11,2079
147,live,12,1979
147,live,13,1696
147,live,14,1035
147,live,15,3872
147,live,16,2826
147,live,17,3491
147,live,18,5091
147,live,19,9370
147,live,20,6849
147,live,21,5141
147,live,22,5412
147,live,23,2971
147,live,24,2437
147,live,25,1827
147,live,26,126
147,live,27,72
147,live,28,42
147,live,29,24
147,live,30,23
147,live,31,18
147,live,32,18
147,live,33,17
147,live,34,14
147,live,35,13
147,live,36,18
147,live,37,19
147,live,38,39
147,live,39,22
147,live,40,17
147,live,41,21
147,live,42,28
147,live,43,27
147,live,44,48
147,live,45,49
147,live,46,65
147,live,47,58
147,live,48,66
147,live,49,55
147,live,50,60
147,live,51,56
147,live,52,57
147,live,53,68
147,live,54,56
147,live,55,85
147,live,56,54
147,live,57,28
147,live,58,20
147,live,59,83
147,live,60,283
147,live,61,389
147,live,62,1276
147,live,63,1896
147,live,64,1290
147,live,65,1146
147,live,66,1050
147,live,67,718
147,live,68,276
147,live,69,78
147,live,70,37
147,live,71,18
147,live,72,4
147,live,73,3
147,live,74,5
147,live,75,3
147,live,76,2
147,live,77,8
147,live,78,5
147,live,79,5
147,live,80,7
147,live,81,15
147,live,82,6
147,live,83,8
147,live,84,8
147,live,85,14
147,live,86,10
147,live,87,10
147,live,88,11
147,live,89,16
147,live,90,39
147,live,91,32
147,live,92,23
147,live,93,18
147,live,94,39
147,live,95,35
147,live,96,52
147,live,97,27
147,live,98,39
147,live,99,23
147,live,100,24
147,live,101,51
147,live,102,86
147,live,103,138
147,live,104,288
147,live,105,696
147,live,106,928
147,live,107,335
147,live,108,633
147,live,109,359
147,live,110,149
147,live,111,53
147,live,112,18
147,live,113,26
147,live,114,9
147,live,115,1
147,live,116,5
147,live,117,1
147,live,118,2
147,live,119,8
147,live,120,2
147,live,121,1
147,live,122,1
147,live,123,2
147,live,124,4
147,live,125,4
147,live,126,1
147,live,127,0
147,live,128,0
147,live,129,2
147,live,130,5
147,live,131,1
147,live,132,1
147,live,133,1
147,live,134,0
147,live,135,0
147,live,136,1
147,live,137,0
147,live,138,0
147,live,139,2
147,live,140,1
147,live,141,3
147,live,142,9
147,live,143,1
147,live,144,38
147,live,145,30
147,live,146,16
147,live,147,1
148,removed,0,26148
148,removed,1,12230
148,removed,2,5547
148,removed,3,2761
148,removed,4,1923
148,removed,5,1063
148,removed,6,984
148,removed,7,609
148,removed,8,580
148,removed,9,482
148,removed,10,368
148,removed,11,274
148,removed,12,236
148,removed,13,223
148,removed,14,180
148,removed,15,102
148,removed,16,64
148,removed,17,93
148,removed,18,55
148,removed,19,441
148,removed,20,67
148,removed,21,208
148,removed,22,58
148,removed,23,108
148,removed,24,19
148,removed,25,51
148,removed,26,1
148,removed,27,0
148,removed,28,1
148,removed,29,1
148,removed,30,0
148,removed,31,0
148,removed,32,2
148,removed,33,0
148,removed,34,0
148,removed,35,0
148,removed,36,1
148,removed,37,1
148,removed,38,1
148,removed,39,2
148,removed,40,1
148,removed,41,0
148,removed,42,0
148,removed,43,0
148,removed,44,0
148,removed,45,0
148,removed,46,0
148,removed,47,1
148,removed,48,1
148,removed,49,0
148,removed,50,1
148,removed,51,3
148,removed,52,0
148,removed,53,0
148,removed,54,1
148,removed,55,3
148,removed,56,2
148,removed,57,0
148,removed,58,0
148,removed,59,0
148,removed,60,0
148,removed,61,14
148,removed,62,46
148,removed,63,24
148,removed,64,18
148,removed,65,10
148,removed,66,12
148,removed,67,11
148,removed,68,4
148,removed,69,1
148,removed,70,0
148,removed,71,0
148,removed,72,0
148,removed,73,1
148,removed,74,0
148,removed,75,0
148,removed,76,0
148,removed,77,1
148,removed,78,0
148,removed,79,0
148,removed,80,0
148,removed,81,0
148,removed,82,0
148,removed,83,0
148,removed,84,0
148,removed,85,0
148,removed,86,1
148,removed,87,0
148,removed,88,0
148,removed,89,0
148,removed,90,0
148,removed,91,3
148,removed,92,2
148,removed,93,0
148,removed,94,0
148,removed,95,0
148,removed,96,1
148,removed,97,0
148,removed,98,0
148,removed,99,0
148,removed,100,0
148,removed,101,1
148,removed,102,0
148,removed,103,0
148,removed,104,0
148,removed,105,16
148,removed,106,13
148,removed,107,6
148,removed,108,13
148,removed,109,0
148,removed,110,9
148,removed,111,0
148,removed,112,0
148,removed,113,0
148,removed,114,0
148,removed,115,0
148,removed,116,0
148,removed,117,0
148,removed,118,0
148,removed,119,0
148,removed,120,0
148,removed,121,0
148,removed,122,0
148,removed,123,0
148,removed,124,0
148,removed,125,1
148,removed,126,0
148,removed,127,0
148,removed,128,0
148,removed,129,0
148,removed,130,0
148,removed,131,0
148,removed,132,0
148,removed,133,0
148,removed,134,0
148,removed,135,0
148,removed,136,0
148,removed,137,0
148,removed,138,0
148,removed,139,0
148,removed,140,0
148,removed,141,0
148,removed,142,0
148,removed,143,0
148,removed,144,0
148,removed,145,0
148,removed,146,2
148,removed,147,0
148,live,0,0
148,live,1,25542
148,live,2,13908
148,live,3,8736
148,live,4,6739
148,live,5,5016
148,live,6,7021
148,live,7,5168
148,live,8,3917
148,live,9,2616
148,live,10,2599
148,live,11,1789
148,live,12,1805
148,live,13,1743
148,live,14,1473
148,live,15,855
148,live,16,3770
148,live,17,2762
148,live,18,3398
148,live,19,5036
148,live,20,8929
148,live,21,6782
148,live,22,4933
148,live,23,5354
148,live,24,2863
148,live,25,2418
148,live,26,1776
148,live,27,125
148,live,28,72
148,live,29,41
148,live,30,23
148,live,31,23
148,live,32,18
148,live,33,16
148,live,34,17
148,live,35,14
148,live,36,13
148,live,37,17
148,live,38,18
148,live,39,38
148,live,40,20
148,live,41,16
148,live,42,21
148,live,43,28
148,live,44,27
148,live,45,48
148,live,46,49
148,live,47,65
148,live,48,57
148,live,49,65
148,live,50,55
148,live,51,59
148,live,52,53
148,live,53,57
148,live,54,68
148,live,55,55
148,live,56,82
148,live,57,52
148,live,58,28
148,live,59,20
148,live,60,83
148,live,61,283
148,live,62,375
148,live,63,1230
148,live,64,1872
148,live,65,1272
148,live,66,1136
148,live,67,1038
148,live,68,707
148,live,69,272
148,live,70,77
148,live,71,37
148,live,72,18
148,live,73,4
148,live,74,2
148,live,75,5
148,live,76,3
148,live,77,2
148,live,78,7
148,live,79,5
148,live,80,5
148,live,81,7
148,live,82,15
148,live,83,6
148,live,84,8
148,live,85,8
148,live,86,14
148,live,87,9
148,live,88,10
148,live,89,11
148,live,90,16
148,live,91,39
148,live,92,29
148,live,93,21
148,live,94,18
148,live,95,39
148,live,96,35
148,live,97,51
148,live,98,27
148,live,99,39
148,live,100,23
148,live,101,24
148,live,102,50
148,live,103,86
148,live,104,138
148,live,105,288
148,live,106,680
148,live,107,915
148,live,108,329
148,live,109,620
148,live,110,359
148,live,111,140
148,live,112,53
148,live,113,18
148,live,114,26
148,live,115,9
148,live,116,1
148,live,117,5
148,live,118,1
148,live,119,2
148,live,120,8
148,live,121,2
148,live,122,1
148,live,123,1
148,live,124,2
148,live,125,4
148,live,126,3
148,live,127,1
148,live,128,0
148,live,129,0
148,live,130,2
148,live,131,5
148,live,132,1
148,live,133,1
148,live,134,1
148,live,135,0
148,live,136,0
148,live,137,1
148,live,138,0
148,live,139,0
148,live,140,2
148,live,141,1
148,live,142,3
148,live,143,9
148,live,144,1
148,live,145,38
148,live,146,30
148,live,147,14
148,live,148,1
149,removed,0,26599
149,removed,1,12292
149,removed,2,5343
149,removed,3,2814
149,removed,4,1789
149,removed,5,1260
149,removed,6,833
149,removed,7,675
149,removed,8,575
149,removed,9,409
149,removed,10,356
149,removed,11,271
149,removed,12,216
149,removed,13,206
149,removed,14,208
149,removed,15,133
149,removed,16,120
149,removed,17,53
149,removed,18,40
149,removed,19,40
149,removed,20,450
149,removed,21,16
149,removed,22,315
149,removed,23,3
149,removed,24,63
149,removed,25,1
149,removed,26,22
149,removed,27,1
149,removed,28,0
149,removed,29,0
149,removed,30,0
149,removed,31,0
149,removed,32,0
149,removed,33,0
149,removed,34,0
149,removed,35,0
149,removed,36,0
149,removed,37,0
149,removed,38,0
149,removed,39,1
149,removed,40,0
149,removed,41,0
149,removed,42,0
149,removed,43,0
149,removed,44,0
149,removed,45,0
149,removed,46,0
149,removed,47,0
149,removed,48,0
149,removed,49,0
149,removed,50,0
149,removed,51,0
149,removed,52,0
149,removed,53,0
149,removed,54,0
149,removed,55,0
149,removed,56,1
149,removed,57,0
149,removed,58,0
149,removed,59,0
149,removed,60,0
149,removed,61,0
149,removed,62,1
149,removed,63,17
149,removed,64,3
149,removed,65,23
149,removed,66,0
149,removed,67,4
149,removed,68,1
149,removed,69,0
149,removed,70,0
149,removed,71,0
149,removed,72,0
149,removed,73,0
149,removed,74,0
149,removed,75,0
149,removed,76,0
149,removed,77,0
149,removed,78,0
149,removed,79,0
149,removed,80,0
149,removed,81,0
149,removed,82,0
149,removed,83,0
149,removed,84,0
149,removed,85,0
149,removed,86,0
149,removed,87,0
149,removed,88,0
149,removed,89,1
149,removed,90,1
149,removed,91,0
149,removed,92,0
149,removed,93,1
149,removed,94,1
149,removed,95,0
149,removed,96,0
149,removed,97,0
149,removed,98,0
149,removed,99,0
149,removed,100,0
149,removed,101,0
149,removed,102,0
149,removed,103,0
149,removed,104,1
149,removed,105,0
149,removed,106,7
149,removed,107,1
149,removed,108,0
149,removed,109,4
149,removed,110,1
149,removed,111,0
149,removed,112,0
149,removed,113,0
149,removed,114,0
149,removed,115,0
149,removed,116,0
149,removed,117,0
149,removed,118,0
149,removed,119,0
149,removed,120,0
149,removed,121,0
149,removed,122,0
149,removed,123,0
149,removed,124,0
149,removed,125,0
149,removed,126,0
149,removed,127,0
149,removed,128,0
149,removed,129,0
149,removed,130,0
149,removed,131,0
149,removed,132,0
149,removed,133,0
149,removed,134,0
149,removed,135,0
149,removed,136,0
149,removed,137,0
149,removed,138,0
149,removed,139,0
149,removed,140,0
149,removed,141,0
149,removed,142,0
149,removed,143,0
149,removed,144,0
149,removed,145,0
149,removed,146,0
149,removed,147,0
149,removed,148,0
149,live,0,0
149,live,1,25110
149,live,2,13250
149,live,3,8565
149,live,4,5922
149,live,5,4950
149,live,6,3756
149,live,7,6188
149,live,8,4493
149,live,9,3342
149,live,10,2207
149,live,11,2243
149,live,12,1518
149,live,13,1589
149,live,14,1537
149,live,15,1265
149,live,16,722
149,live,17,3650
149,live,18,2709
149,live,19,3358
149,live,20,4996
149,live,21,8479
149,live,22,6766
149,live,23,4618
149,live,24,5351
149,live,25,2800
149,live,26,2417
149,live,27,1754
149,live,28,124
149,live,29,72
149,live,30,41
149,live,31,23
149,live,32,23
149,live,33,18
149,live,34,16
149,live,35,17
149,live,36,14
149,live,37,13
149,live,38,17
149,live,39,18
149,live,40,37
149,live,41,20
149,live,42,16
149,live,43,21
149,live,44,28
149,live,45,27
149,live,46,48
149,live,47,49
149,live,48,65
149,live,49,57
149,live,50,65
149,live,51,55
149,live,52,59
149,live,53,53
149,live,54,57
149,live,55,68
149,live,56,55
149,live,57,81
149,live,58,52
149,live,59,28
149,live,60,20
149,live,61,83
149,live,62,283
149,live,63,374
149,live,64,1213
149,live,65,1869
149,live,66,1249
149,live,67,1136
149,live,68,1034
149,live,69,706
149,live,70,272
149,live,71,77
149,live,72,37
149,live,73,18
149,live,74,4
149,live,75,2
149,live,76,5
149,live,77,3
149,live,78,2
149,live,79,7
149,live,80,5
149,live,81,5
149,live,82,7
149,live,83,15
149,live,84,6
149,live,85,8
149,live,86,8
149,live,87,14
149,live,88,9
149,live,89,10
149,live,90,10
149,live,91,15
149,live,92,39
149,live,93,29
149,live,94,20
149,live,95,17
149,live,96,39
149,live,97,35
149,live,98,51
149,live,99,27
149,live,100,39
149,live,101,23
149,live,102,24
149,live,103,50
149,live,104,86
149,live,105,137
149,live,106,288
149,live,107,673
149,live,108,914
149,live,109,329
149,live,110,616
149,live,111,358
149,live,112,140
149,live,113,53
149,live,114,18
149,live,115,26
149,live,116,9
149,live,117,1
149,live,118,5
149,live,119,1
149,live,120,2
149,live,121,8
149,live,122,2
149,live,123,1
149,live,124,1
149,live,125,2
149,live,126,4
149,live,127,3
149,live,128,1
149,live,129,0
149,live,130,0
149,live,131,2
149,live,132,5
149,live,133,1
149,live,134,1
149,live,135,1
149,live,136,0
149,live,137,0
149,live,138,1
149,live,139,0
149,live,140,0
149,live,141,2
149,live,142,1
149,live,143,3
149,live,144,9
149,live,145,1
149,live,146,38
149,live,147,30
149,live,148,14
149,live,149,1
150,removed,0,27135
150,removed,1,12335
150,removed,2,5292
150,removed,3,2792
150,removed,4,1495
150,removed,5,1148
150,removed,6,802
150,removed,7,574
150,removed,8,535
150,removed,9,351
150,removed,10,309
150,removed,11,258
150,removed,12,261
150,removed,13,211
150,removed,14,182
150,removed,15,145
150,removed,16,116
150,removed,17,75
150,removed,18,33
150,removed,19,22
150,removed,20,20
150,removed,21,289
150,removed,22,1
150,removed,23,163
150,removed,24,4
150,removed,25,65
150,removed,26,2
150,removed,27,17
150,removed,28,0
150,removed,29,0
150,removed,30,0
150,removed,31,0
150,removed,32,0
150,removed,33,0
150,removed,34,0
150,removed,35,0
150,removed,36,0
150,removed,37,0
150,removed,38,0
150,removed,39,0
150,removed,40,0
150,removed,41,0
150,removed,42,1
150,removed,43,1
150,removed,44,1
150,removed,45,0
150,removed,46,0
150,removed,47,0
150,removed,48,0
150,removed,49,0
150,removed,50,1
150,removed,51,1
150,removed,52,1
150,removed,53,1
150,removed,54,1
150,removed,55,1
150,removed,56,1
150,removed,57,1
150,removed,58,0
150,removed,59,0
150,removed,60,0
150,removed,61,1
150,removed,62,1
150,removed,63,1
150,removed,64,19
150,removed,65,1
150,removed,66,20
150,removed,67,1
150,removed,68,13
150,removed,69,13
150,removed,70,0
150,removed,71,0
150,removed,72,1
150,removed,73,0
150,removed,74,0
150,removed,75,0
150,removed,76,0
150,removed,77,0
150,removed,78,0
150,removed,79,0
150,removed,80,1
150,removed,81,0
150,removed,82,0
150,removed,83,1
150,removed,84,0
150,removed,85,0
150,removed,86,0
150,removed,87,0
150,removed,88,0
150,removed,89,0
150,removed,90,0
150,removed,91,0
150,removed,92,0
150,removed,93,0
150,removed,94,0
150,removed,95,0
150,removed,96,0
150,removed,97,0
150,removed,98,0
150,removed,99,0
150,removed,100,0
150,removed,101,0
150,removed,102,0
150,removed,103,0
150,removed,104,0
150,removed,105,0
150,removed,106,0
150,removed,107,0
150,removed,108,8
150,removed,109,0
150,removed,110,3
150,removed,111,0
150,removed,112,0
150,removed,113,0
150,removed,114,0
150,removed,115,0
150,removed,116,0
150,removed,117,0
150,removed,118,0
150,removed,119,0
150,removed,120,0
150,removed,121,0
150,removed,122,0
150,removed,123,0
150,removed,124,0
150,removed,125,0
150,removed,126,0
150,removed,127,0
150,removed,128,0
150,removed,129,0
150,removed,130,0
150,removed,131,0
150,removed,132,0
150,removed,133,0
150,removed,134,0
150,removed,135,0
150,removed,136,0
150,removed,137,0
150,removed,138,0
150,removed,139,0
150,removed,140,0
150,removed,141,0
150,removed,142,0
150,removed,143,0
150,removed,144,0
150,removed,145,0
150,removed,146,0
150,removed,147,0
150,removed,148,0
150,removed,149,0
150,live,0,0
150,live,1,24561
150,live,2,12775
150,live,3,7958
150,live,4,5773
150,live,5,4427
150,live,6,3802
150,live,7,2954
150,live,8,5614
150,live,9,3958
150,live,10,2991
150,live,11,1898
150,live,12,1985
150,live,13,1257
150,live,14,1378
150,live,15,1355
150,live,16,1120
150,live,17,606
150,live,18,3575
150,live,19,2676
150,live,20,3336
150,live,21,4976
150,live,22,8190
150,live,23,6765
150,live,24,4455
150,live,25,5347
150,live,26,2735
150,live,27,2415
150,live,28,1737
150,live,29,124
150,live,30,72
150,live,31,41
150,live,32,23
150,live,33,23
150,live,34,18
150,live,35,16
150,live,36,17
150,live,37,14
150,live,38,13
150,live,39,17
150,live,40,18
150,live,41,37
150,live,42,20
150,live,43,15
150,live,44,20
150,live,45,27
150,live,46,27
150,live,47,48
150,live,48,49
150,live,49,65
150,live,50,57
150,live,51,64
150,live,52,54
150,live,53,58
150,live,54,52
150,live,55,56
150,live,56,67
150,live,57,54
150,live,58,80
150,live,59,52
150,live,60,28
150,live,61,20
150,live,62,82
150,live,63,282
150,live,64,373
150,live,65,1194
150,live,66,1868
150,live,67,1229
150,live,68,1135
150,live,69,1021
150,live,70,693
150,live,71,272
150,live,72,77
150,live,73,36
150,live,74,18
150,live,75,4
150,live,76,2
150,live,77,5
150,live,78,3
150,live,79,2
150,live,80,7
150,live,81,4
150,live,82,5
150,live,83,7
150,live,84,14
150,live,85,6
150,live,86,8
150,live,87,8
150,live,88,14
150,live,89,9
150,live,90,10
150,live,91,10
150,live,92,15
150,live,93,39
150,live,94,29
150,live,95,20
150,live,96,17
150,live,97,39
150,live,98,35
150,live,99,51
150,live,100,27
150,live,101,39
150,live,102,23
150,live,103,24
150,live,104,50
150,live,105,86
150,live,106,137
150,live,107,288
150,live,108,673
150,live,109,906
150,live,110,329
150,live,111,613
150,live,112,358
150,live,113,140
150,live,114,53
150,live,115,18
150,live,116,26
150,live,117,9
150,live,118,1
150,live,119,5
150,live,120,1
150,live,121,2
150,live,122,8
150,live,123,2
150,live,124,1
150,live,125,1
150,live,126,2
150,live,127,4
150,live,128,3
150,live,129,1
150,live,130,0
150,live,131,0
150,live,132,2
150,live,133,5
150,live,134,1
150,live,135,1
150,live,136,1
150,live,137,0
150,live,138,0
150,live,139,1
150,live,140,0
150,live,141,0
150,live,142,2
150,live,143,1
150,live,144,3
150,live,145,9
150,live,146,1
150,live,147,38
150,live,148,30
150,live,149,14
150,live,150,1
151,removed,0,28517
151,removed,1,12740
151,removed,2,5350
151,removed,3,2839
151,removed,4,1777
151,removed,5,1191
151,removed,6,889
151,removed,7,641
151,removed,8,524
151,removed,9,396
151,removed,10,377
151,removed,11,259
151,removed,12,250
151,removed,13,207
151,removed,14,191
151,removed,15,148
151,removed,16,111
151,removed,17,119
151,removed,18,92
151,removed,19,72
151,removed,20,23
151,removed,21,12
151,removed,22,114
151,removed,23,8
151,removed,24,44
151,removed,25,0
151,removed,26,20
151,removed,27,12
151,removed,28,7
151,removed,29,1
151,removed,30,0
151,removed,31,0
151,removed,32,1
151,removed,33,0
151,removed,34,0
151,removed,35,0
151,removed,36,1
151,removed,37,0
151,removed,38,0
151,removed,39,0
151,removed,40,0
151,removed,41,0
151,removed,42,0
151,removed,43,0
151,removed,44,0
151,removed,45,0
151,removed,46,0
151,removed,47,0
151,removed,48,0
151,removed,49,0
151,removed,50,0
151,removed,51,1
151,removed,52,0
151,removed,53,1
151,removed,54,2
151,removed,55,0
151,removed,56,0
151,removed,57,0
151,removed,58,2
151,removed,59,0
151,removed,60,0
151,removed,61,0
151,removed,62,0
151,removed,63,0
151,removed,64,6
151,removed,65,22
151,removed,66,0
151,removed,67,8
151,removed,68,2
151,removed,69,17
151,removed,70,2
151,removed,71,0
151,removed,72,2
151,removed,73,0
151,removed,74,0
151,removed,75,0
151,removed,76,0
151,removed,77,0
151,removed,78,0
151,removed,79,0
151,removed,80,0
151,removed,81,0
151,removed,82,0
151,removed,83,0
151,removed,84,0
151,removed,85,0
151,removed,86,0
151,removed,87,0
151,removed,88,0
151,removed,89,0
151,removed,90,0
151,removed,91,0
151,removed,92,1
151,removed,93,0
151,removed,94,1
151,removed,95,0
151,removed,96,0
151,removed,97,0
151,removed,98,0
151,removed,99,0
151,removed,100,0
151,removed,101,1
151,removed,102,0
151,removed,103,0
151,removed,104,0
151,removed,105,0
151,removed,106,0
151,removed,107,0
151,removed,108,7
151,removed,109,3
151,removed,110,0
151,removed,111,0
151,removed,112,0
151,removed,113,0
151,removed,114,0
151,removed,115,0
151,removed,116,0
151,removed,117,0
151,removed,118,0
151,removed,119,0
151,removed,120,0
151,removed,121,0
151,removed,122,0
151,removed,123,0
151,removed,124,0
151,removed,125,0
151,removed,126,0
151,removed,127,0
151,removed,128,0
151,removed,129,0
151,removed,130,0
151,removed,131,0
151,removed,132,0
151,removed,133,0
151,removed,134,0
151,removed,135,0
151,removed,136,0
151,removed,137,0
151,removed,138,0
151,removed,139,0
151,removed,140,0
151,removed,141,0
151,removed,142,0
151,removed,143,0
151,removed,144,0
151,removed,145,0
151,removed,146,0
151,removed,147,1
151,removed,148,0
151,removed,149,0
151,removed,150,0
151,live,0,0
151,live,1,23233
151,live,2,11821
151,live,3,7425
151,live,4,5119
151,live,5,3996
151,live,6,3236
151,live,7,2913
151,live,8,2313
151,live,9,5090
151,live,10,3562
151,live,11,2614
151,live,12,1639
151,live,13,1735
151,live,14,1050
151,live,15,1187
151,live,16,1207
151,live,17,1009
151,live,18,487
151,live,19,3483
151,live,20,2604
151,live,21,3313
151,live,22,4964
151,live,23,8076
151,live,24,6757
151,live,25,4411
151,live,26,5347
151,live,27,2715
151,live,28,2403
151,live,29,1730
151,live,30,123
151,live,31,72
151,live,32,41
151,live,33,22
151,live,34,23
151,live,35,18
151,live,36,16
151,live,37,16
151,live,38,14
151,live,39,13
151,live,40,17
151,live,41,18
151,live,42,37
151,live,43,20
151,live,44,15
151,live,45,20
151,live,46,27
151,live,47,27
151,live,48,48
151,live,49,49
151,live,50,65
151,live,51,57
151,live,52,63
151,live,53,54
151,live,54,57
151,live,55,50
151,live,56,56
151,live,57,67
151,live,58,54
151,live,59,78
151,live,60,52
151,live,61,28
151,live,62,20
151,live,63,82
151,live,64,282
151,live,65,367
151,live,66,1172
151,live,67,1868
151,live,68,1221
151,live,69,1133
151,live,70,1004
151,live,71,691
151,live,72,272
151,live,73,75
151,live,74,36
151,live,75,18
151,live,76,4
151,live,77,2
151,live,78,5
151,live,79,3
151,live,80,2
151,live,81,7
151,live,82,4
151,live,83,5
151,live,84,7
151,live,85,14
151,live,86,6
151,live,87,8
151,live,88,8
151,live,89,14
151,live,90,9
151,live,91,10
151,live,92,10
151,live,93,14
151,live,94,39
151,live,95,28
151,live,96,20
151,live,97,17
151,live,98,39
151,live,99,35
151,live,100,51
151,live,101,27
151,live,102,38
151,live,103,23
151,live,104,24
151,live,105,50
151,live,106,86
151,live,107,137
151,live,108,288
151,live,109,666
151,live,110,903
151,live,111,329
151,live,112,613
151,live,113,358
151,live,114,140
151,live,115,53
151,live,116,18
151,live,117,26
151,live,118,9
151,live,119,1
151,live,120,5
151,live,121,1
151,live,122,2
151,live,123,8
151,live,124,2
151,live,125,1
151,live,126,1
151,live,127,2
151,live,128,4
151,live,129,3
151,live,130,1
151,live,131,0
151,live,132,0
151,live,133,2
151,live,134,5
151,live,135,1
151,live,136,1
151,live,137,1
151,live,138,0
151,live,139,0
151,live,140,1
151,live,141,0
151,live,142,0
151,live,143,2
151,live,144,1
151,live,145,3
151,live,146,9
151,live,147,1
151,live,148,37
151,live,149,30
151,live,150,14
151,live,151,1
152,removed,0,27960
152,removed,1,11771
152,removed,2,4965
152,removed,3,2593
152,removed,4,1515
152,removed,5,1127
152,removed,6,772
152,removed,7,641
152,removed,8,491
152,removed,9,366
152,removed,10,260
152,removed,11,247
152,removed,12,208
152,removed,13,139
152,removed,14,159
152,removed,15,124
152,removed,16,106
152,removed,17,85
152,removed,18,65
152,removed,19,94
152,removed,20,33
152,removed,21,43
152,removed,22,39
152,removed,23,107
152,removed,24,12
152,removed,25,91
152,removed,26,5
152,removed,27,26
152,removed,28,2
152,removed,29,21
152,removed,30,0
152,removed,31,0
152,removed,32,0
152,removed,33,1
152,removed,34,0
152,removed,35,0
152,removed,36,0
152,removed,37,0
152,removed,38,0
152,removed,39,0
152,removed,40,0
152,removed,41,0
152,removed,42,0
152,removed,43,0
152,removed,44,0
152,removed,45,0
152,removed,46,0
152,removed,47,0
152,removed,48,0
152,removed,49,0
152,removed,50,0
152,removed,51,0
152,removed,52,0
152,removed,53,0
152,removed,54,0
152,removed,55,0
152,removed,56,0
152,removed,57,0
152,removed,58,0
152,removed,59,0
152,removed,60,0
152,removed,61,0
152,removed,62,0
152,removed,63,0
152,removed,64,0
152,removed,65,2
152,removed,66,8
152,removed,67,1
152,removed,68,7
152,removed,69,2
152,removed,70,8
152,removed,71,2
152,removed,72,0
152,removed,73,0
152,removed,74,0
152,removed,75,0
152,removed,76,0
152,removed,77,0
152,removed,78,0
152,removed,79,0
152,removed,80,0
152,removed,81,0
152,removed,82,0
152,removed,83,0
152,removed,84,0
152,removed,85,0
152,removed,86,0
152,removed,87,0
152,removed,88,0
152,removed,89,0
152,removed,90,0
152,removed,91,0
152,removed,92,0
152,removed,93,0
152,removed,94,0
152,removed,95,0
152,removed,96,0
152,removed,97,0
152,removed,98,0
152,removed,99,0
152,removed,100,1
152,removed,101,0
152,removed,102,0
152,removed,103,0
152,removed,104,3
152,removed,105,0
152,removed,106,0
152,removed,107,0
152,removed,108,0
152,removed,109,4
152,removed,110,3
152,removed,111,0
152,removed,112,3
152,removed,113,0
152,removed,114,0
152,removed,115,0
152,removed,116,1
152,removed,117,0
152,removed,118,0
152,removed,119,0
152,removed,120,0
152,removed,121,0
152,removed,122,0
152,removed,123,0
152,removed,124,0
152,removed,125,0
152,removed,126,0
152,removed,127,0
152,removed,128,0
152,removed,129,0
152,removed,130,0
152,removed,131,0
152,removed,132,0
152,removed,133,0
152,removed,134,0
152,removed,135,0
152,removed,136,0
152,removed,137,0
152,removed,138,0
152,removed,139,0
152,removed,140,0
152,removed,141,0
152,removed,142,0
152,removed,143,0
152,removed,144,0
152,removed,145,0
152,removed,146,0
152,removed,147,0
152,removed,148,0
152,removed,149,0
152,removed,150,0
152,removed,151,0
152,live,0,0
152,live,1,23780
152,live,2,11462
152,live,3,6856
152,live,4,4832
152,live,5,3604
152,live,6,2869
152,live,7,2464
152,live,8,2272
152,live,9,1822
152,live,10,4724
152,live,11,3302
152,live,12,2367
152,live,13,1431
152,live,14,1596
152,live,15,891
152,live,16,1063
152,live,17,1101
152,live,18,924
152,live,19,422
152,live,20,3389
152,live,21,2571
152,live,22,3270
152,live,23,4925
152,live,24,7969
152,live,25,6745
152,live,26,4320
152,live,27,5342
152,live,28,2689
152,live,29,2401
152,live,30,1709
152,live,31,123
152,live,32,72
152,live,33,41
152,live,34,21
152,live,35,23
152,live,36,18
152,live,37,16
152,live,38,16
152,live,39,14
152,live,40,13
152,live,41,17
152,live,42,18
152,live,43,37
152,live,44,20
152,live,45,15
152,live,46,20
152,live,47,27
152,live,48,27
152,live,49,48
152,live,50,49
152,live,51,65
152,live,52,57
152,live,53,63
152,live,54,54
152,live,55,57
152,live,56,50
152,live,57,56
152,live,58,67
152,live,59,54
152,live,60,78
152,live,61,52
152,live,62,28
152,live,63,20
152,live,64,82
152,live,65,282
152,live,66,365
152,live,67,1164
152,live,68,1867
152,live,69,1214
152,live,70,1131
152,live,71,996
152,live,72,689
152,live,73,272
152,live,74,75
152,live,75,36
152,live,76,18
152,live,77,4
152,live,78,2
152,live,79,5
152,live,80,3
152,live,81,2
152,live,82,7
152,live,83,4
152,live,84,5
152,live,85,7
152,live,86,14
152,live,87,6
152,live,88,8
152,live,89,8
152,live,90,14
152,live,91,9
152,live,92,10
152,live,93,10
152,live,94,14
152,live,95,39
152,live,96,28
152,live,97,20
152,live,98,17
152,live,99,39
152,live,100,35
152,live,101,50
152,live,102,27
152,live,103,38
152,live,104,23
152,live,105,21
152,live,106,50
152,live,107,86
152,live,108,137
152,live,109,288
152,live,110,662
152,live,111,900
152,live,112,329
152,live,113,610
152,live,114,358
152,live,115,140
152,live,116,53
152,live,117,17
152,live,118,26
152,live,119,9
152,live,120,1
152,live,121,5
152,live,122,1
152,live,123,2
152,live,124,8
152,live,125,2
152,live,126,1
152,live,127,1
152,live,128,2
152,live,129,4
152,live,130,3
152,live,131,1
152,live,132,0
152,live,133,0
152,live,134,2
152,live,135,5
152,live,136,1
152,live,137,1
152,live,138,1
152,live,139,0
152,live,140,0
152,live,141,1
152,live,142,0
152,live,143,0
152,live,144,2
152,live,145,1
152,live,146,3
152,live,147,9
152,live,148,1
152,live,149,37
152,live,150,30
152,live,151,14
152,live,152,1
153,removed,0,28500
153,removed,1,12627
153,removed,2,5200
153,removed,3,2804
153,removed,4,1704
153,removed,5,1175
153,removed,6,823
153,removed,7,655
153,removed,8,533
153,removed,9,355
153,removed,10,382
153,removed,11,319
153,removed,12,198
153,removed,13,263
153,removed,14,157
153,removed,15,167
153,removed,16,103
153,removed,17,91
153,removed,18,81
153,removed,19,33
153,removed,20,44
153,removed,21,22
153,removed,22,11
153,removed,23,3
153,removed,24,30
153,removed,25,3
153,removed,26,17
153,removed,27,1
153,removed,28,0
153,removed,29,0
153,removed,30,1
153,removed,31,0
153,removed,32,0
153,removed,33,0
153,removed,34,0
153,removed,35,0
153,removed,36,0
153,removed,37,0
153,removed,38,0
153,removed,39,0
153,removed,40,0
153,removed,41,0
153,removed,42,0
153,removed,43,0
153,removed,44,0
153,removed,45,0
153,removed,46,0
153,removed,47,0
153,removed,48,0
153,removed,49,0
153,removed,50,0
153,removed,51,0
153,removed,52,0
153,removed,53,0
153,removed,54,0
153,removed,55,0
153,removed,56,0
153,removed,57,0
153,removed,58,0
153,removed,59,0
153,removed,60,0
153,removed,61,0
153,removed,62,0
153,removed,63,0
153,removed,64,0
153,removed,65,0
153,removed,66,0
153,removed,67,0
153,removed,68,0
153,removed,69,1
153,removed,70,0
153,removed,71,0
153,removed,72,0
153,removed,73,0
153,removed,74,0
153,removed,75,0
153,removed,76,0
153,removed,77,0
153,removed,78,0
153,removed,79,0
153,removed,80,0
153,removed,81,0
153,removed,82,0
153,removed,83,0
153,removed,84,0
153,removed,85,0
153,removed,86,0
153,removed,87,0
153,removed,88,0
153,removed,89,0
153,removed,90,0
153,removed,91,0
153,removed,92,0
153,removed,93,0
153,removed,94,0
153,removed,95,0
153,removed,96,0
153,removed,97,0
153,removed,98,0
153,removed,99,0
153,removed,100,0
153,removed,101,0
153,removed,102,0
153,removed,103,0
153,removed,104,0
153,removed,105,0
153,removed,106,0
153,removed,107,0
153,removed,108,1
153,removed,109,0
153,removed,110,0
153,removed,111,0
153,removed,112,0
153,removed,113,0
153,removed,114,0
153,removed,115,0
153,removed,116,0
153,removed,117,0
153,removed,118,0
153,removed,119,0
153,removed,120,0
153,removed,121,0
153,removed,122,0
153,removed,123,0
153,removed,124,0
153,removed,125,0
153,removed,126,0
153,removed,127,0
153,removed,128,0
153,removed,129,0
153,removed,130,0
153,removed,131,0
153,removed,132,0
153,removed,133,0
153,removed,134,0
153,removed,135,0
153,removed,136,0
153,removed,137,0
153,removed,138,0
153,removed,139,0
153,removed,140,0
153,removed,141,0
153,removed,142,0
153,removed,143,0
153,removed,144,0
153,removed,145,0
153,removed,146,0
153,removed,147,0
153,removed,148,0
153,removed,149,0
153,removed,150,0
153,removed,151,0
153,removed,152,0
153,live,0,0
153,live,1,23294
153,live,2,11153
153,live,3,6262
153,live,4,4052
153,live,5,3128
153,live,6,2429
153,live,7,2046
153,live,8,1809
153,live,9,1739
153,live,10,1467
153,live,11,4342
153,live,12,2983
153,live,13,2169
153,live,14,1168
153,live,15,1439
153,live,16,724
153,live,17,960
153,live,18,1010
153,live,19,843
153,live,20,389
153,live,21,3345
153,live,22,2549
153,live,23,3259
153,live,24,4922
153,live,25,7939
153,live,26,6742
153,live,27,4303
153,live,28,5341
153,live,29,2689
153,live,30,2401
153,live,31,1708
153,live,32,123
153,live,33,72
153,live,34,41
153,live,35,21
153,live,36,23
153,live,37,18
153,live,38,16
153,live,39,16
153,live,40,14
153,live,41,13
153,live,42,17
153,live,43,18
153,live,44,37
153,live,45,20
153,live,46,15
153,live,47,20
153,live,48,27
153,live,49,27
153,live,50,48
153,live,51,49
153,live,52,65
153,live,53,57
153,live,54,63
153,live,55,54
153,live,56,57
153,live,57,50
153,live,58,56
153,live,59,67
153,live,60,54
153,live,61,78
153,live,62,52
153,live,63,28
153,live,64,20
153,live,65,82
153,live,66,282
153,live,67,365
153,live,68,1164
153,live,69,1867
153,live,70,1213
153,live,71,1131
153,live,72,996
153,live,73,689
153,live,74,272
153,live,75,75
153,live,76,36
153,live,77,18
153,live,78,4
153,live,79,2
153,live,80,5
153,live,81,3
153,live,82,2
153,live,83,7
153,live,84,4
153,live,85,5
153,live,86,7
153,live,87,14
153,live,88,6
153,live,89,8
153,live,90,8
153,live,91,14
153,live,92,9
153,live,93,10
153,live,94,10
153,live,95,14
153,live,96,39
153,live,97,28
153,live,98,20
153,live,99,17
153,live,100,39
153,live,101,35
153,live,102,50
153,live,103,27
153,live,104,38
153,live,105,23
153,live,106,21
153,live,107,50
153,live,108,86
153,live,109,136
153,live,110,288
153,live,111,662
153,live,112,900
153,live,113,329
153,live,114,610
153,live,115,358
153,live,116,140
153,live,117,53
153,live,118,17
153,live,119,26
153,live,120,9
153,live,121,1
153,live,122,5
153,live,123,1
153,live,124,2
153,live,125,8
153,live,126,2
153,live,127,1
153,live,128,1
153,live,129,2
153,live,130,4
153,live,131,3
153,live,132,1
153,live,133,0
153,live,134,0
153,live,135,2
153,live,136,5
153,live,137,1
153,live,138,1
153,live,139,1
153,live,140,0
153,live,141,0
153,live,142,1
153,live,143,0
153,live,144,0
153,live,145,2
153,live,146,1
153,live,147,3
153,live,148,9
153,live,149,1
153,live,150,37
153,live,151,30
153,live,152,14
153,live,153,1
154,removed,0,30010
154,removed,1,12776
154,removed,2,5155
154,removed,3,2423
154,removed,4,1237
154,removed,5,892
154,removed,6,602
154,removed,7,452
154,removed,8,373
154,removed,9,307
154,removed,10,247
154,removed,11,203
154,removed,12,180
154,removed,13,142
154,removed,14,97
154,removed,15,66
154,removed,16,81
154,removed,17,65
154,removed,18,54
154,removed,19,32
154,removed,20,28
154,removed,21,24
154,removed,22,14
154,removed,23,35
154,removed,24,48
154,removed,25,1
154,removed,26,77
154,removed,27,4
154,removed,28,62
154,removed,29,9
154,removed,30,33
154,removed,31,9
154,removed,32,0
154,removed,33,0
154,removed,34,0
154,removed,35,0
154,removed,36,0
154,removed,37,0
154,removed,38,0
154,removed,39,0
154,removed,40,0
154,removed,41,0
154,removed,42,0
154,removed,43,0
154,removed,44,0
154,removed,45,0
154,removed,46,0
154,removed,47,0
154,removed,48,0
154,removed,49,0
154,removed,50,0
154,removed,51,0
154,removed,52,0
154,removed,53,0
154,removed,54,0
154,removed,55,0
154,removed,56,0
154,removed,57,1
154,removed,58,0
154,removed,59,2
154,removed,60,1
154,removed,61,0
154,removed,62,0
154,removed,63,0
154,removed,64,0
154,removed,65,0
154,removed,66,0
154,removed,67,0
154,removed,68,17
154,removed,69,21
154,removed,70,14
154,removed,71,1
154,removed,72,14
154,removed,73,3
154,removed,74,5
154,removed,75,0
154,removed,76,1
154,removed,77,0
154,removed,78,0
154,removed,79,0
154,removed,80,0
154,removed,81,0
154,removed,82,0
154,removed,83,0
154,removed,84,0
154,removed,85,0
154,removed,86,1
154,removed,87,0
154,removed,88,0
154,removed,89,0
154,removed,90,1
154,removed,91,1
154,removed,92,1
154,removed,93,1
154,removed,94,1
154,removed,95,1
154,removed,96,2
154,removed,97,1
154,removed,98,0
154,removed,99,0
154,removed,100,0
154,removed,101,0
154,removed,102,0
154,removed,103,0
154,removed,104,0
154,removed,105,0
154,removed,106,0
154,removed,107,0
154,removed,108,3
154,removed,109,5
154,removed,110,9
154,removed,111,3
154,removed,112,2
154,removed,113,1
154,removed,114,4
154,removed,115,0
154,removed,116,0
154,removed,117,0
154,removed,118,0
154,removed,119,0
154,removed,120,0
154,removed,121,0
154,removed,122,0
154,removed,123,0
154,removed,124,0
154,removed,125,0
154,removed,126,0
154,removed,127,0
154,removed,128,0
154,removed,129,0
154,removed,130,0
154,removed,131,0
154,removed,132,0
154,removed,133,0
154,removed,134,0
154,removed,135,0
154,removed,136,0
154,removed,137,0
154,removed,138,0
154,removed,139,0
154,removed,140,0
154,removed,141,0
154,removed,142,0
154,removed,143,0
154,removed,144,0
154,removed,145,0
154,removed,146,0
154,removed,147,0
154,removed,148,0
154,removed,149,0
154,removed,150,0
154,removed,151,0
154,removed,152,0
154,removed,153,0
154,live,0,0
154,live,1,21790
154,live,2,10518
154,live,3,5998
154,live,4,3839
154,live,5,2815
154,live,6,2236
154,live,7,1827
154,live,8,1594
154,live,9,1436
154,live,10,1432
154,live,11,1220
154,live,12,4139
154,live,13,2803
154,live,14,2027
154,live,15,1071
154,live,16,1373
154,live,17,643
154,live,18,895
154,live,19,956
154,live,20,811
154,live,21,361
154,live,22,3321
154,live,23,2535
154,live,24,3224
154,live,25,4874
154,live,26,7938
154,live,27,6665
154,live,28,4299
154,live,29,5279
154,live,30,2680
154,live,31,2368
154,live,32,1699
154,live,33,123
154,live,34,72
154,live,35,41
154,live,36,21
154,live,37,23
154,live,38,18
154,live,39,16
154,live,40,16
154,live,41,14
154,live,42,13
154,live,43,17
154,live,44,18
154,live,45,37
154,live,46,20
154,live,47,15
154,live,48,20
154,live,49,27
154,live,50,27
154,live,51,48
154,live,52,49
154,live,53,65
154,live,54,57
154,live,55,63
154,live,56,54
154,live,57,57
154,live,58,49
154,live,59,56
154,live,60,65
154,live,61,53
154,live,62,78
154,live,63,52
154,live,64,28
154,live,65,20
154,live,66,82
154,live,67,282
154,live,68,365
154,live,69,1147
154,live,70,1846
154,live,71,1199
154,live,72,1130
154,live,73,982
154,live,74,686
154,live,75,267
154,live,76,75
154,live,77,35
154,live,78,18
154,live,79,4
154,live,80,2
154,live,81,5
154,live,82,3
154,live,83,2
154,live,84,7
154,live,85,4
154,live,86,5
154,live,87,6
154,live,88,14
154,live,89,6
154,live,90,8
154,live,91,7
154,live,92,13
154,live,93,8
154,live,94,9
154,live,95,9
154,live,96,13
154,live,97,37
154,live,98,27
154,live,99,20
154,live,100,17
154,live,101,39
154,live,102,35
154,live,103,50
154,live,104,27
154,live,105,38
154,live,106,23
154,live,107,21
154,live,108,50
154,live,109,83
154,live,110,131
154,live,111,279
154,live,112,659
154,live,113,898
154,live,114,328
154,live,115,606
154,live,116,358
154,live,117,140
154,live,118,53
154,live,119,17
154,live,120,26
154,live,121,9
154,live,122,1
154,live,123,5
154,live,124,1
154,live,125,2
154,live,126,8
154,live,127,2
154,live,128,1
154,live,129,1
154,live,130,2
154,live,131,4
154,live,132,3
154,live,133,1
154,live,134,0
154,live,135,0
154,live,136,2
154,live,137,5
154,live,138,1
154,live,139,1
154,live,140,1
154,live,141,0
154,live,142,0
154,live,143,1
154,live,144,0
154,live,145,0
154,live,146,2
154,live,147,1
154,live,148,3
154,live,149,9
154,live,150,1
154,live,151,37
154,live,152,30
154,live,153,14
154,live,154,1
155,removed,0,30187
155,removed,1,11806
155,removed,2,4820
155,removed,3,2406
155,removed,4,1294
155,removed,5,857
155,removed,6,599
155,removed,7,428
155,removed,8,350
155,removed,9,322
155,removed,10,282
155,removed,11,222
155,removed,12,165
155,removed,13,149
155,removed,14,116
155,removed,15,101
155,removed,16,85
155,removed,17,66
155,removed,18,50
155,removed,19,46
155,removed,20,27
155,removed,21,17
155,removed,22,76
155,removed,23,13
155,removed,24,17
155,removed,25,3
155,removed,26,119
155,removed,27,4
155,removed,28,55
155,removed,29,1
155,removed,30,24
155,removed,31,1
155,removed,32,5
155,removed,33,0
155,removed,34,3
155,removed,35,1
155,removed,36,0
155,removed,37,0
155,removed,38,0
155,removed,39,0
155,removed,40,0
155,removed,41,0
155,removed,42,0
155,removed,43,0
155,removed,44,0
155,removed,45,0
155,removed,46,0
155,removed,47,0
155,removed,48,0
155,removed,49,0
155,removed,50,0
155,removed,51,0
155,removed,52,0
155,removed,53,0
155,removed,54,0
155,removed,55,0
155,removed,56,0
155,removed,57,0
155,removed,58,0
155,removed,59,0
155,removed,60,0
155,removed,61,0
155,removed,62,0
155,removed,63,0
155,removed,64,0
155,removed,65,0
155,removed,66,0
155,removed,67,0
155,removed,68,0
155,removed,69,0
155,removed,70,1
155,removed,71,9
155,removed,72,0
155,removed,73,4
155,removed,74,2
155,removed,75,2
155,removed,76,0
155,removed,77,1
155,removed,78,0
155,removed,79,0
155,removed,80,0
155,removed,81,0
155,removed,82,0
155,removed,83,0
155,removed,84,0
155,removed,85,0
155,removed,86,0
155,removed,87,0
155,removed,88,0
155,removed,89,0
155,removed,90,0
155,removed,91,0
155,removed,92,0
155,removed,93,0
155,removed,94,0
155,removed,95,0
155,removed,96,1
155,removed,97,0
155,removed,98,0
155,removed,99,0
155,removed,100,0
155,removed,101,1
155,removed,102,0
155,removed,103,0
155,removed,104,0
155,removed,105,0
155,removed,106,0
155,removed,107,0
155,removed,108,1
155,removed,109,1
155,removed,110,0
155,removed,111,0
155,removed,112,3
155,removed,113,3
155,removed,114,0
155,removed,115,1
155,removed,116,0
155,removed,117,0
155,removed,118,0
155,removed,119,2
155,removed,120,0
155,removed,121,0
155,removed,122,0
155,removed,123,0
155,removed,124,0
155,removed,125,0
155,removed,126,0
155,removed,127,0
155,removed,128,0
155,removed,129,0
155,removed,130,0
155,removed,131,0
155,removed,132,0
155,removed,133,0
155,removed,134,0
155,removed,135,0
155,removed,136,0
155,removed,137,0
155,removed,138,0
155,removed,139,0
155,removed,140,0
155,removed,141,0
155,removed,142,0
155,removed,143,0
155,removed,144,0
155,removed,145,0
155,removed,146,0
155,removed,147,0
155,removed,148,0
155,removed,149,0
155,removed,150,0
155,removed,151,0
155,removed,152,0
155,removed,153,0
155,removed,154,0
155,live,0,0
155,live,1,21672
155,live,2,9984
155,live,3,5698
155,live,4,3592
155,live,5,2545
155,live,6,1958
155,live,7,1637
155,live,8,1399
155,live,9,1244
155,live,10,1114
155,live,11,1150
155,live,12,998
155,live,13,3974
155,live,14,2654
155,live,15,1911
155,live,16,970
155,live,17,1288
155,live,18,577
155,live,19,845
155,live,20,910
155,live,21,784
155,live,22,344
155,live,23,3245
155,live,24,2522
155,live,25,3207
155,live,26,4871
155,live,27,7819
155,live,28,6661
155,live,29,4244
155,live,30,5278
155,live,31,2656
155,live,32,2367
155,live,33,1694
155,live,34,123
155,live,35,69
155,live,36,40
155,live,37,21
155,live,38,23
155,live,39,18
155,live,40,16
155,live,41,16
155,live,42,14
155,live,43,13
155,live,44,17
155,live,45,18
155,live,46,37
155,live,47,20
155,live,48,15
155,live,49,20
155,live,50,27
155,live,51,27
155,live,52,48
155,live,53,49
155,live,54,65
155,live,55,57
155,live,56,63
155,live,57,54
155,live,58,57
155,live,59,49
155,live,60,56
155,live,61,65
155,live,62,53
155,live,63,78
155,live,64,52
155,live,65,28
155,live,66,20
155,live,67,82
155,live,68,282
155,live,69,365
155,live,70,1147
155,live,71,1845
155,live,72,1190
155,live,73,1130
155,live,74,978
155,live,75,684
155,live,76,265
155,live,77,75
155,live,78,34
155,live,79,18
155,live,80,4
155,live,81,2
155,live,82,5
155,live,83,3
155,live,84,2
155,live,85,7
155,live,86,4
155,live,87,5
155,live,88,6
155,live,89,14
155,live,90,6
155,live,91,8
155,live,92,7
155,live,93,13
155,live,94,8
155,live,95,9
155,live,96,9
155,live,97,12
155,live,98,37
155,live,99,27
155,live,100,20
155,live,101,17
155,live,102,38
155,live,103,35
155,live,104,50
155,live,105,27
155,live,106,38
155,live,107,23
155,live,108,21
155,live,109,49
155,live,110,82
155,live,111,131
155,live,112,279
155,live,113,656
155,live,114,895
155,live,115,328
155,live,116,605
155,live,117,358
155,live,118,140
155,live,119,53
155,live,120,15
155,live,121,26
155,live,122,9
155,live,123,1
155,live,124,5
155,live,125,1
155,live,126,2
155,live,127,8
155,live,128,2
155,live,129,1
155,live,130,1
155,live,131,2
155,live,132,4
155,live,133,3
155,live,134,1
155,live,135,0
155,live,136,0
155,live,137,2
155,live,138,5
155,live,139,1
155,live,140,1
155,live,141,1
155,live,142,0
155,live,143,0
155,live,144,1
155,live,145,0
155,live,146,0
155,live,147,2
155,live,148,1
155,live,149,3
155,live,150,9
155,live,151,1
155,live,152,37
155,live,153,30
155,live,154,14
155,live,155,1
156,removed,0,31108
156,removed,1,12471
156,removed,2,4726
156,removed,3,2404
156,removed,4,1220
156,removed,5,764
156,removed,6,482
156,removed,7,365
156,removed,8,252
156,removed,9,220
156,removed,10,155
156,removed,11,170
156,removed,12,139
156,removed,13,113
156,removed,14,133
156,removed,15,66
156,removed,16,65
156,removed,17,47
156,removed,18,54
156,removed,19,46
156,removed,20,35
156,removed,21,29
156,removed,22,14
156,removed,23,122
156,removed,24,67
156,removed,25,71
156,removed,26,20
156,removed,27,49
156,removed,28,8
156,removed,29,14
156,removed,30,11
156,removed,31,5
156,removed,32,8
156,removed,33,0
156,removed,34,0
156,removed,35,0
156,removed,36,0
156,removed,37,0
156,removed,38,0
156,removed,39,0
156,removed,40,0
156,removed,41,0
156,removed,42,0
156,removed,43,0
156,removed,44,0
156,removed,45,0
156,removed,46,0
156,removed,47,0
156,removed,48,0
156,removed,49,0
156,removed,50,0
156,removed,51,0
156,removed,52,0
156,removed,53,0
156,removed,54,0
156,removed,55,0
156,removed,56,0
156,removed,57,0
156,removed,58,0
156,removed,59,0
156,removed,60,0
156,removed,61,0
156,removed,62,0
156,removed,63,0
156,removed,64,0
156,removed,65,0
156,removed,66,0
156,removed,67,0
156,removed,68,0
156,removed,69,1
156,removed,70,0
156,removed,71,0
156,removed,72,1
156,removed,73,0
156,removed,74,0
156,removed,75,0
156,removed,76,0
156,removed,77,0
156,removed,78,0
156,removed,79,0
156,removed,80,0
156,removed,81,0
156,removed,82,0
156,removed,83,0
156,removed,84,0
156,removed,85,0
156,removed,86,0
156,removed,87,0
156,removed,88,0
156,removed,89,0
156,removed,90,0
156,removed,91,0
156,removed,92,0
156,removed,93,0
156,removed,94,0
156,removed,95,0
156,removed,96,0
156,removed,97,0
156,removed,98,0
156,removed,99,0
156,removed,100,0
156,removed,101,0
156,removed,102,0
156,removed,103,0
156,removed,104,0
156,removed,105,0
156,removed,106,0
156,removed,107,0
156,removed,108,0
156,removed,109,0
156,removed,110,0
156,removed,111,0
156,removed,112,0
156,removed,113,0
156,removed,114,0
156,removed,115,0
156,removed,116,0
156,removed,117,0
156,removed,118,0
156,removed,119,0
156,removed,120,0
156,removed,121,0
156,removed,122,0
156,removed,123,0
156,removed,124,0
156,removed,125,0
156,removed,126,0
156,removed,127,0
156,removed,128,0
156,removed,129,0
156,removed,130,0
156,removed,131,0
156,removed,132,0
156,removed,133,0
156,removed,134,0
156,removed,135,0
156,removed,136,0
156,removed,137,0
156,removed,138,0
156,removed,139,0
156,removed,140,0
156,removed,141,0
156,removed,142,0
156,removed,143,0
156,removed,144,0
156,removed,145,0
156,removed,146,0
156,removed,147,0
156,removed,148,0
156,removed,149,0
156,removed,150,0
156,removed,151,0
156,removed,152,0
156,removed,153,0
156,removed,154,0
156,removed,155,0
156,live,0,0
156,live,1,20881
156,live,2,9201
156,live,3,5258
156,live,4,3294
156,live,5,2372
156,live,6,1781
156,live,7,1476
156,live,8,1272
156,live,9,1147
156,live,10,1024
156,live,11,959
156,live,12,980
156,live,13,859
156,live,14,3861
156,live,15,2521
156,live,16,1845
156,live,17,905
156,live,18,1241
156,live,19,523
156,live,20,799
156,live,21,875
156,live,22,755
156,live,23,330
156,live,24,3123
156,live,25,2455
156,live,26,3136
156,live,27,4851
156,live,28,7770
156,live,29,6653
156,live,30,4230
156,live,31,5267
156,live,32,2651
156,live,33,2359
156,live,34,1694
156,live,35,123
156,live,36,69
156,live,37,40
156,live,38,21
156,live,39,23
156,live,40,18
156,live,41,16
156,live,42,16
156,live,43,14
156,live,44,13
156,live,45,17
156,live,46,18
156,live,47,37
156,live,48,20
156,live,49,15
156,live,50,20
156,live,51,27
156,live,52,27
156,live,53,48
156,live,54,49
156,live,55,65
156,live,56,57
156,live,57,63
156,live,58,54
156,live,59,57
156,live,60,49
156,live,61,56
156,live,62,65
156,live,63,53
156,live,64,78
156,live,65,52
156,live,66,28
156,live,67,20
156,live,68,82
156,live,69,282
156,live,70,364
156,live,71,1147
156,live,72,1845
156,live,73,1189
156,live,74,1130
156,live,75,978
156,live,76,684
156,live,77,265
156,live,78,75
156,live,79,34
156,live,80,18
156,live,81,4
156,live,82,2
156,live,83,5
156,live,84,3
156,live,85,2
156,live,86,7
156,live,87,4
156,live,88,5
156,live,89,6
156,live,90,14
156,live,91,6
156,live,92,8
156,live,93,7
156,live,94,13
156,live,95,8
156,live,96,9
156,live,97,9
156,live,98,12
156,live,99,37
156,live,100,27
156,live,101,20
156,live,102,17
156,live,103,38
156,live,104,35
156,live,105,50
156,live,106,27
156,live,107,38
156,live,108,23
156,live,109,21
156,live,110,49
156,live,111,82
156,live,112,131
156,live,113,279
156,live,114,656
156,live,115,895
156,live,116,328
156,live,117,605
156,live,118,358
156,live,119,140
156,live,120,53
156,live,121,15
156,live,122,26
156,live,123,9
156,live,124,1
156,live,125,5
156,live,126,1
156,live,127,2
156,live,128,8
156,live,129,2
156,live,130,1
156,live,131,1
156,live,132,2
156,live,133,4
156,live,134,3
156,live,135,1
156,live,136,0
156,live,137,0
156,live,138,2
156,live,139,5
156,live,140,1
156,live,141,1
156,live,142,1
156,live,143,0
156,live,144,0
156,live,145,1
156,live,146,0
156,live,147,0
156,live,148,2
156,live,149,1
156,live,150,3
156,live,151,9
156,live,152,1
156,live,153,37
156,live,154,30
156,live,155,14
156,live,156,1
157,removed,0,32020
157,removed,1,11990
157,removed,2,4392
157,removed,3,2358
157,removed,4,1239
157,removed,5,815
157,removed,6,502
157,removed,7,328
157,removed,8,261
157,removed,9,215
157,removed,10,164
157,removed,11,109
157,removed,12,160
157,removed,13,129
157,removed,14,138
157,removed,15,60
157,removed,16,107
157,removed,17,50
157,removed,18,69
157,removed,19,29
157,removed,20,47
157,removed,21,33
157,removed,22,13
157,removed,23,22
157,removed,24,17
157,removed,25,5
157,removed,26,18
157,removed,27,42
157,removed,28,53
157,removed,29,13
157,removed,30,31
157,removed,31,17
157,removed,32,14
157,removed,33,20
157,removed,34,4
157,removed,35,0
157,removed,36,1
157,removed,37,0
157,removed,38,0
157,removed,39,0
157,removed,40,0
157,removed,41,0
157,removed,42,0
157,removed,43,0
157,removed,44,0
157,removed,45,0
157,removed,46,0
157,removed,47,0
157,removed,48,0
157,removed,49,0
157,removed,50,0
157,removed,51,0
157,removed,52,0
157,removed,53,0
157,removed,54,1
157,removed,55,1
157,removed,56,2
157,removed,57,0
157,removed,58,0
157,removed,59,0
157,removed,60,1
157,removed,61,1
157,removed,62,0
157,removed,63,0
157,removed,64,0
157,removed,65,0
157,removed,66,0
157,removed,67,0
157,removed,68,0
157,removed,69,0
157,removed,70,0
157,removed,71,8
157,removed,72,0
157,removed,73,4
157,removed,74,1
157,removed,75,3
157,removed,76,0
157,removed,77,2
157,removed,78,0
157,removed,79,0
157,removed,80,0
157,removed,81,0
157,removed,82,0
157,removed,83,0
157,removed,84,0
157,removed,85,0
157,removed,86,0
157,removed,87,0
157,removed,88,0
157,removed,89,0
157,removed,90,1
157,removed,91,0
157,removed,92,1
157,removed,93,1
157,removed,94,1
157,removed,95,1
157,removed,96,0
157,removed,97,0
157,removed,98,0
157,removed,99,0
157,removed,100,0
157,removed,101,0
157,removed,102,0
157,removed,103,1
157,removed,104,1
157,removed,105,0
157,removed,106,0
157,removed,107,0
157,removed,108,0
157,removed,109,0
157,removed,110,0
157,removed,111,1
157,removed,112,0
157,removed,113,0
157,removed,114,4
157,removed,115,1
157,removed,116,0
157,removed,117,0
157,removed,118,1
157,removed,119,0
157,removed,120,0
157,removed,121,0
157,removed,122,2
157,removed,123,0
157,removed,124,0
157,removed,125,0
157,removed,126,0
157,removed,127,0
157,removed,128,0
157,removed,129,0
157,removed,130,0
157,removed,131,0
157,removed,132,0
157,removed,133,0
157,removed,134,0
157,removed,135,0
157,removed,136,0
157,removed,137,0
157,removed,138,0
157,removed,139,0
157,removed,140,0
157,removed,141,0
157,removed,142,0
157,removed,143,0
157,removed,144,0
157,removed,145,0
157,removed,146,0
157,removed,147,0
157,removed,148,0
157,removed,149,0
157,removed,150,0
157,removed,151,0
157,removed,152,0
157,removed,153,0
157,removed,154,0
157,removed,155,0
157,removed,156,0
157,live,0,0
157,live,1,20032
157,live,2,8891
157,live,3,4809
157,live,4,2900
157,live,5,2055
157,live,6,1557
157,live,7,1279
157,live,8,1148
157,live,9,1011
157,live,10,932
157,live,11,860
157,live,12,850
157,live,13,820
157,live,14,730
157,live,15,3723
157,live,16,2461
157,live,17,1738
157,live,18,855
157,live,19,1172
157,live,20,494
157,live,21,752
157,live,22,842
157,live,23,742
157,live,24,308
157,live,25,3106
157,live,26,2450
157,live,27,3118
157,live,28,4809
157,live,29,7717
157,live,30,6640
157,live,31,4199
157,live,32,5250
157,live,33,2637
157,live,34,2339
157,live,35,1690
157,live,36,123
157,live,37,68
157,live,38,40
157,live,39,21
157,live,40,23
157,live,41,18
157,live,42,16
157,live,43,16
157,live,44,14
157,live,45,13
157,live,46,17
157,live,47,18
157,live,48,37
157,live,49,20
157,live,50,15
157,live,51,20
157,live,52,27
157,live,53,27
157,live,54,48
157,live,55,48
157,live,56,64
157,live,57,55
157,live,58,63
157,live,59,54
157,live,60,57
157,live,61,48
157,live,62,55
157,live,63,65
157,live,64,53
157,live,65,78
157,live,66,52
157,live,67,28
157,live,68,20
157,live,69,82
157,live,70,282
157,live,71,364
157,live,72,1139
157,live,73,1845
157,live,74,1185
157,live,75,1129
157,live,76,975
157,live,77,684
157,live,78,263
157,live,79,75
157,live,80,34
157,live,81,18
157,live,82,4
157,live,83,2
157,live,84,5
157,live,85,3
157,live,86,2
157,live,87,7
157,live,88,4
157,live,89,5
157,live,90,6
157,live,91,13
157,live,92,6
157,live,93,7
157,live,94,6
157,live,95,12
157,live,96,7
157,live,97,9
157,live,98,9
157,live,99,12
157,live,100,37
157,live,101,27
157,live,102,20
157,live,103,17
157,live,104,37
157,live,105,34
157,live,106,50
157,live,107,27
157,live,108,38
157,live,109,23
157,live,110,21
157,live,111,49
157,live,112,81
157,live,113,131
157,live,114,279
157,live,115,652
157,live,116,894
157,live,117,328
157,live,118,605
157,live,119,357
157,live,120,140
157,live,121,53
157,live,122,15
157,live,123,24
157,live,124,9
157,live,125,1
157,live,126,5
157,live,127,1
157,live,128,2
157,live,129,8
157,live,130,2
157,live,131,1
157,live,132,1
157,live,133,2
157,live,134,4
157,live,135,3
157,live,136,1
157,live,137,0
157,live,138,0
157,live,139,2
157,live,140,5
157,live,141,1
157,live,142,1
157,live,143,1
157,live,144,0
157,live,145,0
157,live,146,1
157,live,147,0
157,live,148,0
157,live,149,2
157,live,150,1
157,live,151,3
157,live,152,9
157,live,153,1
157,live,154,37
157,live,155,30
157,live,156,14
157,live,157,1
158,removed,0,33792
158,removed,1,12237
158,removed,2,4551
158,removed,3,2210
158,removed,4,1088
158,removed,5,634
158,removed,6,426
158,removed,7,299
158,removed,8,258
158,removed,9,200
158,removed,10,138
158,removed,11,110
158,removed,12,109
158,removed,13,128
158,removed,14,91
158,removed,15,120
158,removed,16,91
158,removed,17,56
158,removed,18,51
158,removed,19,73
158,removed,20,24
158,removed,21,22
158,removed,22,26
158,removed,23,28
158,removed,24,6
158,removed,25,59
158,removed,26,8
158,removed,27,14
158,removed,28,0
158,removed,29,349
158,removed,30,8
158,removed,31,209
158,removed,32,7
158,removed,33,96
158,removed,34,8
158,removed,35,33
158,removed,36,0
158,removed,37,2
158,removed,38,1
158,removed,39,1
158,removed,40,1
158,removed,41,0
158,removed,42,0
158,removed,43,0
158,removed,44,0
158,removed,45,0
158,removed,46,0
158,removed,47,0
158,removed,48,0
158,removed,49,0
158,removed,50,0
158,removed,51,1
158,removed,52,1
158,removed,53,0
158,removed,54,0
158,removed,55,0
158,removed,56,0
158,removed,57,0
158,removed,58,1
158,removed,59,1
158,removed,60,1
158,removed,61,1
158,removed,62,0
158,removed,63,0
158,removed,64,1
158,removed,65,1
158,removed,66,2
158,removed,67,0
158,removed,68,0
158,removed,69,0
158,removed,70,0
158,removed,71,2
158,removed,72,2
158,removed,73,29
158,removed,74,5
158,removed,75,4
158,removed,76,1
158,removed,77,4
158,removed,78,5
158,removed,79,0
158,removed,80,0
158,removed,81,0
158,removed,82,0
158,removed,83,0
158,removed,84,0
158,removed,85,0
158,removed,86,0
158,removed,87,0
158,removed,88,0
158,removed,89,0
158,removed,90,0
158,removed,91,0
158,removed,92,0
158,removed,93,0
158,removed,94,0
158,removed,95,0
158,removed,96,0
158,removed,97,0
158,removed,98,0
158,removed,99,0
158,removed,100,0
158,removed,101,0
158,removed,102,0
158,removed,103,0
158,removed,104,0
158,removed,105,0
158,removed,106,0
158,removed,107,0
158,removed,108,0
158,removed,109,2
158,removed,110,0
158,removed,111,1
158,removed,112,0
158,removed,113,0
158,removed,114,1
158,removed,115,13
158,removed,116,21
158,removed,117,5
158,removed,118,8
158,removed,119,2
158,removed,120,0
158,removed,121,0
158,removed,122,0
158,removed,123,0
158,removed,124,0
158,removed,125,0
158,removed,126,0
158,removed,127,0
158,removed,128,0
158,removed,129,0
158,removed,130,0
158,removed,131,0
158,removed,132,0
158,removed,133,0
158,removed,134,0
158,removed,135,0
158,removed,136,0
158,removed,137,0
158,removed,138,0
158,removed,139,0
158,removed,140,0
158,removed,141,0
158,removed,142,0
158,removed,143,0
158,removed,144,0
158,removed,145,0
158,removed,146,0
158,removed,147,0
158,removed,148,0
158,removed,149,0
158,removed,150,0
158,removed,151,0
158,removed,152,0
158,removed,153,0
158,removed,154,0
158,removed,155,0
158,removed,156,1
158,removed,157,0
158,live,0,0
158,live,1,18450
158,live,2,7795
158,live,3,4340
158,live,4,2599
158,live,5,1812
158,live,6,1421
158,live,7,1131
158,live,8,980
158,live,9,890
158,live,10,811
158,live,11,794
158,live,12,750
158,live,13,741
158,live,14,692
158,live,15,639
158,live,16,3603
158,live,17,2370
158,live,18,1682
158,live,19,804
158,live,20,1099
158,live,21,470
158,live,22,730
158,live,23,816
158,live,24,714
158,live,25,302
158,live,26,3047
158,live,27,2442
158,live,28,3104
158,live,29,4809
158,live,30,7368
158,live,31,6632
158,live,32,3990
158,live,33,5243
158,live,34,2541
158,live,35,2331
158,live,36,1657
158,live,37,123
158,live,38,66
158,live,39,39
158,live,40,20
158,live,41,22
158,live,42,18
158,live,43,16
158,live,44,16
158,live,45,14
158,live,46,13
158,live,47,17
158,live,48,18
158,live,49,37
158,live,50,20
158,live,51,15
158,live,52,19
158,live,53,26
158,live,54,27
158,live,55,48
158,live,56,48
158,live,57,64
158,live,58,55
158,live,59,62
158,live,60,53
158,live,61,56
158,live,62,47
158,live,63,55
158,live,64,65
158,live,65,52
158,live,66,77
158,live,67,50
158,live,68,28
158,live,69,20
158,live,70,82
158,live,71,282
158,live,72,362
158,live,73,1137
158,live,74,1816
158,live,75,1180
158,live,76,1125
158,live,77,974
158,live,78,680
158,live,79,258
158,live,80,75
158,live,81,34
158,live,82,18
158,live,83,4
158,live,84,2
158,live,85,5
158,live,86,3
158,live,87,2
158,live,88,7
158,live,89,4
158,live,90,5
158,live,91,6
158,live,92,13
158,live,93,6
158,live,94,7
158,live,95,6
158,live,96,12
158,live,97,7
158,live,98,9
158,live,99,9
158,live,100,12
158,live,101,37
158,live,102,27
158,live,103,20
158,live,104,17
158,live,105,37
158,live,106,34
158,live,107,50
158,live,108,27
158,live,109,38
158,live,110,21
158,live,111,21
158,live,112,48
158,live,113,81
158,live,114,131
158,live,115,278
158,live,116,639
158,live,117,873
158,live,118,323
158,live,119,597
158,live,120,355
158,live,121,140
158,live,122,53
158,live,123,15
158,live,124,24
158,live,125,9
158,live,126,1
158,live,127,5
158,live,128,1
158,live,129,2
158,live,130,8
158,live,131,2
158,live,132,1
158,live,133,1
158,live,134,2
158,live,135,4
158,live,136,3
158,live,137,1
158,live,138,0
158,live,139,0
158,live,140,2
158,live,141,5
158,live,142,1
158,live,143,1
158,live,144,1
158,live,145,0
158,live,146,0
158,live,147,1
158,live,148,0
158,live,149,0
158,live,150,2
158,live,151,1
158,live,152,3
158,live,153,9
158,live,154,1
158,live,155,37
158,live,156,30
158,live,157,13
158,live,158,1
159,removed,0,33977
159,removed,1,11083
159,removed,2,3733
159,removed,3,1930
159,removed,4,1030
159,removed,5,608
159,removed,6,401
159,removed,7,285
159,removed,8,188
159,removed,9,170
159,removed,10,121
159,removed,11,105
159,removed,12,91
159,removed,13,96
159,removed,14,67
159,removed,15,49
159,removed,16,115
159,removed,17,98
159,removed,18,43
159,removed,19,36
159,removed,20,37
159,removed,21,32
159,removed,22,25
159,removed,23,10
159,removed,24,5
159,removed,25,8
159,removed,26,5
159,removed,27,3
159,removed,28,14
159,removed,29,18
159,removed,30,139
159,removed,31,16
159,removed,32,81
159,removed,33,12
159,removed,34,33
159,removed,35,10
159,removed,36,18
159,removed,37,0
159,removed,38,0
159,removed,39,1
159,removed,40,0
159,removed,41,0
159,removed,42,0
159,removed,43,0
159,removed,44,0
159,removed,45,0
159,removed,46,0
159,removed,47,0
159,removed,48,0
159,removed,49,0
159,removed,50,0
159,removed,51,0
159,removed,52,0
159,removed,53,0
159,removed,54,0
159,removed,55,0
159,removed,56,0
159,removed,57,0
159,removed,58,0
159,removed,59,1
159,removed,60,1
159,removed,61,1
159,removed,62,1
159,removed,63,1
159,removed,64,1
159,removed,65,0
159,removed,66,1
159,removed,67,1
159,removed,68,0
159,removed,69,0
159,removed,70,0
159,removed,71,0
159,removed,72,1
159,removed,73,2
159,removed,74,24
159,removed,75,3
159,removed,76,9
159,removed,77,2
159,removed,78,13
159,removed,79,1
159,removed,80,0
159,removed,81,0
159,removed,82,0
159,removed,83,0
159,removed,84,0
159,removed,85,0
159,removed,86,0
159,removed,87,0
159,removed,88,0
159,removed,89,0
159,removed,90,0
159,removed,91,0
159,removed,92,0
159,removed,93,0
159,removed,94,0
159,removed,95,0
159,removed,96,1
159,removed,97,0
159,removed,98,0
159,removed,99,0
159,removed,100,0
159,removed,101,0
159,removed,102,0
159,removed,103,0
159,removed,104,0
159,removed,105,0
159,removed,106,1
159,removed,107,1
159,removed,108,0
159,removed,109,0
159,removed,110,0
159,removed,111,0
159,removed,112,0
159,removed,113,0
159,removed,114,0
159,removed,115,1
159,removed,116,11
159,removed,117,1
159,removed,118,1
159,removed,119,1
159,removed,120,1
159,removed,121,0
159,removed,122,0
159,removed,123,0
159,removed,124,0
159,removed,125,0
159,removed,126,0
159,removed,127,0
159,removed,128,0
159,removed,129,0
159,removed,130,0
159,removed,131,0
159,removed,132,0
159,removed,133,0
159,removed,134,0
159,removed,135,0
159,removed,136,0
159,removed,137,0
159,removed,138,0
159,removed,139,0
159,removed,140,0
159,removed,141,0
159,removed,142,0
159,removed,143,0
159,removed,144,0
159,removed,145,0
159,removed,146,0
159,removed,147,0
159,removed,148,0
159,removed,149,0
159,removed,150,0
159,removed,151,0
159,removed,152,0
159,removed,153,0
159,removed,154,0
159,removed,155,0
159,removed,156,0
159,removed,157,0
159,removed,158,0
159,live,0,0
159,live,1,18470
159,live,2,7367
159,live,3,4062
159,live,4,2410
159,live,5,1569
159,live,6,1204
159,live,7,1020
159,live,8,846
159,live,9,792
159,live,10,720
159,live,11,690
159,live,12,689
159,live,13,659
159,live,14,645
159,live,15,625
159,live,16,590
159,live,17,3488
159,live,18,2272
159,live,19,1639
159,live,20,768
159,live,21,1062
159,live,22,438
159,live,23,705
159,live,24,806
159,live,25,709
159,live,26,294
159,live,27,3042
159,live,28,2439
159,live,29,3090
159,live,30,4791
159,live,31,7229
159,live,32,6616
159,live,33,3909
159,live,34,5231
159,live,35,2508
159,live,36,2321
159,live,37,1639
159,live,38,123
159,live,39,66
159,live,40,38
159,live,41,20
159,live,42,22
159,live,43,18
159,live,44,16
159,live,45,16
159,live,46,14
159,live,47,13
159,live,48,17
159,live,49,18
159,live,50,37
159,live,51,20
159,live,52,15
159,live,53,19
159,live,54,26
159,live,55,27
159,live,56,48
159,live,57,48
159,live,58,64
159,live,59,55
159,live,60,61
159,live,61,52
159,live,62,55
159,live,63,46
159,live,64,54
159,live,65,64
159,live,66,52
159,live,67,76
159,live,68,49
159,live,69,28
159,live,70,20
159,live,71,82
159,live,72,282
159,live,73,361
159,live,74,1135
159,live,75,1792
159,live,76,1177
159,live,77,1116
159,live,78,972
159,live,79,667
159,live,80,257
159,live,81,75
159,live,82,34
159,live,83,18
159,live,84,4
159,live,85,2
159,live,86,5
159,live,87,3
159,live,88,2
159,live,89,7
159,live,90,4
159,live,91,5
159,live,92,6
159,live,93,13
159,live,94,6
159,live,95,7
159,live,96,6
159,live,97,11
159,live,98,7
159,live,99,9
159,live,100,9
159,live,101,12
159,live,102,37
159,live,103,27
159,live,104,20
159,live,105,17
159,live,106,37
159,live,107,33
159,live,108,49
159,live,109,27
159,live,110,38
159,live,111,21
159,live,112,21
159,live,113,48
159,live,114,81
159,live,115,131
159,live,116,277
159,live,117,628
159,live,118,872
159,live,119,322
159,live,120,596
159,live,121,354
159,live,122,140
159,live,123,53
159,live,124,15
159,live,125,24
159,live,126,9
159,live,127,1
159,live,128,5
159,live,129,1
159,live,130,2
159,live,131,8
159,live,132,2
159,live,133,1
159,live,134,1
159,live,135,2
159,live,136,4
159,live,137,3
159,live,138,1
159,live,139,0
159,live,140,0
159,live,141,2
159,live,142,5
159,live,143,1
159,live,144,1
159,live,145,1
159,live,146,0
159,live,147,0
159,live,148,1
159,live,149,0
159,live,150,0
159,live,151,2
159,live,152,1
159,live,153,3
159,live,154,9
159,live,155,1
159,live,156,37
159,live,157,30
159,live,158,13
159,live,159,1
160,removed,0,34551
160,removed,1,11116
160,removed,2,3768
160,removed,3,1847
160,removed,4,916
160,removed,5,571
160,removed,6,344
160,removed,7,237
160,removed,8,151
160,removed,9,121
160,removed,10,92
160,removed,11,87
160,removed,12,79
160,removed,13,65
160,removed,14,74
160,removed,15,66
160,removed,16,39
160,removed,17,299
160,removed,18,42
160,removed,19,126
160,removed,20,17
160,removed,21,68
160,removed,22,30
160,removed,23,34
160,removed,24,22
160,removed,25,33
160,removed,26,15
160,removed,27,18
160,removed,28,13
160,removed,29,3
160,removed,30,8
160,removed,31,2
160,removed,32,0
160,removed,33,0
160,removed,34,0
160,removed,35,0
160,removed,36,0
160,removed,37,0
160,removed,38,0
160,removed,39,0
160,removed,40,0
160,removed,41,1
160,removed,42,0
160,removed,43,0
160,removed,44,0
160,removed,45,0
160,removed,46,0
160,removed,47,0
160,removed,48,0
160,removed,49,0
160,removed,50,0
160,removed,51,0
160,removed,52,0
160,removed,53,0
160,removed,54,0
160,removed,55,0
160,removed,56,0
160,removed,57,0
160,removed,58,0
160,removed,59,0
160,removed,60,0
160,removed,61,0
160,removed,62,0
160,removed,63,0
160,removed,64,0
160,removed,65,0
160,removed,66,0
160,removed,67,0
160,removed,68,0
160,removed,69,0
160,removed,70,0
160,removed,71,0
160,removed,72,0
160,removed,73,0
160,removed,74,0
160,removed,75,1
160,removed,76,0
160,removed,77,0
160,removed,78,0
160,removed,79,0
160,removed,80,0
160,removed,81,0
160,removed,82,0
160,removed,83,0
160,removed,84,0
160,removed,85,0
160,removed,86,0
160,removed,87,0
160,removed,88,0
160,removed,89,0
160,removed,90,0
160,removed,91,0
160,removed,92,0
160,removed,93,0
160,removed,94,0
160,removed,95,0
160,removed,96,0
160,removed,97,0
160,removed,98,0
160,removed,99,0
160,removed,100,0
160,removed,101,0
160,removed,102,0
160,removed,103,0
160,removed,104,0
160,removed,105,0
160,removed,106,0
160,removed,107,0
160,removed,108,0
160,removed,109,0
160,removed,110,0
160,removed,111,0
160,removed,112,0
160,removed,113,0
160,removed,114,0
160,removed,115,0
160,removed,116,0
160,removed,117,0
160,removed,118,0
160,removed,119,0
160,removed,120,0
160,removed,121,0
160,removed,122,0
160,removed,123,0
160,removed,124,0
160,removed,125,0
160,removed,126,0
160,removed,127,0
160,removed,128,0
160,removed,129,0
160,removed,130,0
160,removed,131,0
160,removed,132,0
160,removed,133,0
160,removed,134,0
160,removed,135,0
160,removed,136,0
160,removed,137,0
160,removed,138,0
160,removed,139,0
160,removed,140,0
160,removed,141,0
160,removed,142,0
160,removed,143,0
160,removed,144,0
160,removed,145,0
160,removed,146,0
160,removed,147,0
160,removed,148,0
160,removed,149,0
160,removed,150,0
160,removed,151,0
160,removed,152,0
160,removed,153,0
160,removed,154,0
160,removed,155,0
160,removed,156,0
160,removed,157,0
160,removed,158,0
160,removed,159,0
160,live,0,0
160,live,1,18278
160,live,2,7354
160,live,3,3599
160,live,4,2215
160,live,5,1494
160,live,6,998
160,live,7,860
160,live,8,783
160,live,9,695
160,live,10,671
160,live,11,628
160,live,12,603
160,live,13,610
160,live,14,594
160,live,15,571
160,live,16,559
160,live,17,551
160,live,18,3189
160,live,19,2230
160,live,20,1513
160,live,21,751
160,live,22,994
160,live,23,408
160,live,24,671
160,live,25,784
160,live,26,676
160,live,27,279
160,live,28,3024
160,live,29,2426
160,live,30,3087
160,live,31,4783
160,live,32,7227
160,live,33,6616
160,live,34,3909
160,live,35,5231
160,live,36,2508
160,live,37,2321
160,live,38,1639
160,live,39,123
160,live,40,66
160,live,41,38
160,live,42,19
160,live,43,22
160,live,44,18
160,live,45,16
160,live,46,16
160,live,47,14
160,live,48,13
160,live,49,17
160,live,50,18
160,live,51,37
160,live,52,20
160,live,53,15
160,live,54,19
160,live,55,26
160,live,56,27
160,live,57,48
160,live,58,48
160,live,59,64
160,live,60,55
160,live,61,61
160,live,62,52
160,live,63,55
160,live,64,46
160,live,65,54
160,live,66,64
160,live,67,52
160,live,68,76
160,live,69,49
160,live,70,28
160,live,71,20
160,live,72,82
160,live,73,282
160,live,74,361
160,live,75,1135
160,live,76,1791
160,live,77,1177
160,live,78,1116
160,live,79,972
160,live,80,667
160,live,81,257
160,live,82,75
160,live,83,34
160,live,84,18
160,live,85,4
160,live,86,2
160,live,87,5
160,live,88,3
160,live,89,2
160,live,90,7
160,live,91,4
160,live,92,5
160,live,93,6
160,live,94,13
160,live,95,6
160,live,96,7
160,live,97,6
160,live,98,11
160,live,99,7
160,live,100,9
160,live,101,9
160,live,102,12
160,live,103,37
160,live,104,27
160,live,105,20
160,live,106,17
160,live,107,37
160,live,108,33
160,live,109,49
160,live,110,27
160,live,111,38
160,live,112,21
160,live,113,21
160,live,114,48
160,live,115,81
160,live,116,131
160,live,117,277
160,live,118,628
160,live,119,872
160,live,120,322
160,live,121,596
160,live,122,354
160,live,123,140
160,live,124,53
160,live,125,15
160,live,126,24
160,live,127,9
160,live,128,1
160,live,129,5
160,live,130,1
160,live,131,2
160,live,132,8
160,live,133,2
160,live,134,1
160,live,135,1
160,live,136,2
160,live,137,4
160,live,138,3
160,live,139,1
160,live,140,0
160,live,141,0
160,live,142,2
160,live,143,5
160,live,144,1
160,live,145,1
160,live,146,1
160,live,147,0
160,live,148,0
160,live,149,1
160,live,150,0
160,live,151,0
160,live,152,2
160,live,153,1
160,live,154,3
160,live,155,9
160,live,156,1
160,live,157,37
160,live,158,30
160,live,159,13
160,live,160,1
161,removed,0,35346
161,removed,1,11463
161,removed,2,3988
161,removed,3,1710
161,removed,4,878
161,removed,5,515
161,removed,6,251
161,removed,7,196
161,removed,8,123
161,removed,9,113
161,removed,10,93
161,removed,11,80
161,removed,12,48
161,removed,13,51
161,removed,14,54
161,removed,15,36
161,removed,16,25
161,removed,17,35
161,removed,18,259
161,removed,19,15
161,removed,20,107
161,removed,21,14
161,removed,22,49
161,removed,23,10
161,removed,24,53
161,removed,25,11
161,removed,26,46
161,removed,27,19
161,removed,28,18
161,removed,29,14
161,removed,30,29
161,removed,31,56
161,removed,32,63
161,removed,33,56
161,removed,34,42
161,removed,35,33
161,removed,36,42
161,removed,37,49
161,removed,38,25
161,removed,39,0
161,removed,40,0
161,removed,41,0
161,removed,42,0
161,removed,43,0
161,removed,44,0
161,removed,45,0
161,removed,46,0
161,removed,47,0
161,removed,48,0
161,removed,49,0
161,removed,50,0
161,removed,51,0
161,removed,52,0
161,removed,53,0
161,removed,54,0
161,removed,55,0
161,removed,56,0
161,removed,57,0
161,removed,58,0
161,removed,59,0
161,removed,60,0
161,removed,61,0
161,removed,62,0
161,removed,63,0
161,removed,64,0
161,removed,65,0
161,removed,66,0
161,removed,67,2
161,removed,68,1
161,removed,69,0
161,removed,70,0
161,removed,71,0
161,removed,72,0
161,removed,73,2
161,removed,74,1
161,removed,75,16
161,removed,76,25
161,removed,77,3
161,removed,78,18
161,removed,79,10
161,removed,80,7
161,removed,81,3
161,removed,82,0
161,removed,83,0
161,removed,84,0
161,removed,85,0
161,removed,86,0
161,removed,87,0
161,removed,88,0
161,removed,89,0
161,removed,90,0
161,removed,91,0
161,removed,92,0
161,removed,93,0
161,removed,94,0
161,removed,95,0
161,removed,96,0
161,removed,97,0
161,removed,98,0
161,removed,99,0
161,removed,100,0
161,removed,101,0
161,removed,102,0
161,removed,103,0
161,removed,104,2
161,removed,105,0
161,removed,106,0
161,removed,107,0
161,removed,108,0
161,removed,109,0
161,removed,110,0
161,removed,111,0
161,removed,112,1
161,removed,113,0
161,removed,114,0
161,removed,115,0
161,removed,116,0
161,removed,117,8
161,removed,118,9
161,removed,119,1
161,removed,120,0
161,removed,121,7
161,removed,122,8
161,removed,123,0
161,removed,124,0
161,removed,125,0
161,removed,126,0
161,removed,127,3
161,removed,128,0
161,removed,129,0
161,removed,130,0
161,removed,131,0
161,removed,132,0
161,removed,133,0
161,removed,134,0
161,removed,135,0
161,removed,136,0
161,removed,137,0
161,removed,138,0
161,removed,139,0
161,removed,140,0
161,removed,141,0
161,removed,142,0
161,removed,143,0
161,removed,144,0
161,removed,145,0
161,removed,146,0
161,removed,147,0
161,removed,148,0
161,removed,149,0
161,removed,150,0
161,removed,151,0
161,removed,152,0
161,removed,153,0
161,removed,154,0
161,removed,155,0
161,removed,156,0
161,removed,157,0
161,removed,158,0
161,removed,159,0
161,removed,160,0
161,live,0,0
161,live,1,17963
161,live,2,6815
161,live,3,3366
161,live,4,1889
161,live,5,1337
161,live,6,979
161,live,7,747
161,live,8,664
161,live,9,660
161,live,10,582
161,live,11,578
161,live,12,548
161,live,13,555
161,live,14,559
161,live,15,540
161,live,16,535
161,live,17,534
161,live,18,516
161,live,19,2930
161,live,20,2215
161,live,21,1406
161,live,22,737
161,live,23,945
161,live,24,398
161,live,25,618
161,live,26,773
161,live,27,630
161,live,28,260
161,live,29,3006
161,live,30,2412
161,live,31,3058
161,live,32,4727
161,live,33,7164
161,live,34,6560
161,live,35,3867
161,live,36,5198
161,live,37,2466
161,live,38,2272
161,live,39,1614
161,live,40,123
161,live,41,66
161,live,42,38
161,live,43,19
161,live,44,22
161,live,45,18
161,live,46,16
161,live,47,16
161,live,48,14
161,live,49,13
161,live,50,17
161,live,51,18
161,live,52,37
161,live,53,20
161,live,54,15
161,live,55,19
161,live,56,26
161,live,57,27
161,live,58,48
161,live,59,48
161,live,60,64
161,live,61,55
161,live,62,61
161,live,63,52
161,live,64,55
161,live,65,46
161,live,66,54
161,live,67,64
161,live,68,50
161,live,69,75
161,live,70,49
161,live,71,28
161,live,72,20
161,live,73,82
161,live,74,280
161,live,75,360
161,live,76,1119
161,live,77,1766
161,live,78,1174
161,live,79,1098
161,live,80,962
161,live,81,660
161,live,82,254
161,live,83,75
161,live,84,34
161,live,85,18
161,live,86,4
161,live,87,2
161,live,88,5
161,live,89,3
161,live,90,2
161,live,91,7
161,live,92,4
161,live,93,5
161,live,94,6
161,live,95,13
161,live,96,6
161,live,97,7
161,live,98,6
161,live,99,11
161,live,100,7
161,live,101,9
161,live,102,9
161,live,103,12
161,live,104,37
161,live,105,25
161,live,106,20
161,live,107,17
161,live,108,37
161,live,109,33
161,live,110,49
161,live,111,27
161,live,112,38
161,live,113,20
161,live,114,21
161,live,115,48
161,live,116,81
161,live,117,131
161,live,118,269
161,live,119,619
161,live,120,871
161,live,121,322
161,live,122,589
161,live,123,346
161,live,124,140
161,live,125,53
161,live,126,15
161,live,127,24
161,live,128,6
161,live,129,1
161,live,130,5
161,live,131,1
161,live,132,2
161,live,133,8
161,live,134,2
161,live,135,1
161,live,136,1
161,live,137,2
161,live,138,4
161,live,139,3
161,live,140,1
161,live,141,0
161,live,142,0
161,live,143,2
161,live,144,5
161,live,145,1
161,live,146,1
161,live,147,1
161,live,148,0
161,live,149,0
161,live,150,1
161,live,151,0
161,live,152,0
161,live,153,2
161,live,154,1
161,live,155,3
161,live,156,9
161,live,157,1
161,live,158,37
161,live,159,30
161,live,160,13
161,live,161,1
162,removed,0,36616
162,removed,1,11494
162,removed,2,3626
162,removed,3,1512
162,removed,4,785
162,removed,5,479
162,removed,6,296
162,removed,7,151
162,removed,8,103
162,removed,9,97
162,removed,10,75
162,removed,11,59
162,removed,12,43
162,removed,13,55
162,removed,14,52
162,removed,15,41
162,removed,16,26
162,removed,17,35
162,removed,18,14
162,removed,19,474
162,removed,20,17
162,removed,21,276
162,removed,22,20
162,removed,23,165
162,removed,24,25
162,removed,25,76
162,removed,26,42
162,removed,27,59
162,removed,28,21
162,removed,29,138
162,removed,30,25
162,removed,31,90
162,removed,32,8
162,removed,33,180
162,removed,34,22
162,removed,35,113
162,removed,36,46
162,removed,37,67
162,removed,38,17
162,removed,39,27
162,removed,40,0
162,removed,41,1
162,removed,42,0
162,removed,43,0
162,removed,44,0
162,removed,45,0
162,removed,46,0
162,removed,47,0
162,removed,48,0
162,removed,49,0
162,removed,50,0
162,removed,51,0
162,removed,52,0
162,removed,53,0
162,removed,54,0
162,removed,55,0
162,removed,56,1
162,removed,57,0
162,removed,58,0
162,removed,59,0
162,removed,60,0
162,removed,61,0
162,removed,62,0
162,removed,63,0
162,removed,64,0
162,removed,65,0
162,removed,66,0
162,removed,67,0
162,removed,68,0
162,removed,69,0
162,removed,70,0
162,removed,71,0
162,removed,72,0
162,removed,73,0
162,removed,74,0
162,removed,75,0
162,removed,76,0
162,removed,77,27
162,removed,78,0
162,removed,79,42
162,removed,80,4
162,removed,81,8
162,removed,82,0
162,removed,83,0
162,removed,84,0
162,removed,85,0
162,removed,86,0
162,removed,87,0
162,removed,88,0
162,removed,89,0
162,removed,90,0
162,removed,91,0
162,removed,92,0
162,removed,93,0
162,removed,94,0
162,removed,95,0
162,removed,96,0
162,removed,97,0
162,removed,98,0
162,removed,99,0
162,removed,100,0
162,removed,101,0
162,removed,102,0
162,removed,103,0
162,removed,104,0
162,removed,105,0
162,removed,106,0
162,removed,107,0
162,removed,108,0
162,removed,109,0
162,removed,110,0
162,removed,111,0
162,removed,112,0
162,removed,113,0
162,removed,114,0
162,removed,115,0
162,removed,116,0
162,removed,117,0
162,removed,118,0
162,removed,119,28
162,removed,120,5
162,removed,121,7
162,removed,122,5
162,removed,123,8
162,removed,124,0
162,removed,125,0
162,removed,126,0
162,removed,127,0
162,removed,128,0
162,removed,129,0
162,removed,130,0
162,removed,131,0
162,removed,132,0
162,removed,133,0
162,removed,134,0
162,removed,135,0
162,removed,136,0
162,removed,137,0
162,removed,138,0
162,removed,139,0
162,removed,140,0
162,removed,141,0
162,removed,142,0
162,removed,143,0
162,removed,144,0
162,removed,145,0
162,removed,146,0
162,removed,147,0
162,removed,148,0
162,removed,149,0
162,removed,150,0
162,removed,151,0
162,removed,152,0
162,removed,153,0
162,removed,154,0
162,removed,155,0
162,removed,156,0
162,removed,157,0
162,removed,158,1
162,removed,159,2
162,removed,160,0
162,removed,161,0
162,live,0,0
162,live,1,17537
162,live,2,6469
162,live,3,3189
162,live,4,1854
162,live,5,1104
162,live,6,858
162,live,7,683
162,live,8,596
162,live,9,561
162,live,10,563
162,live,11,507
162,live,12,519
162,live,13,505
162,live,14,500
162,live,15,507
162,live,16,499
162,live,17,509
162,live,18,499
162,live,19,502
162,live,20,2456
162,live,21,2198
162,live,22,1130
162,live,23,717
162,live,24,780
162,live,25,373
162,live,26,542
162,live,27,731
162,live,28,571
162,live,29,239
162,live,30,2868
162,live,31,2387
162,live,32,2968
162,live,33,4719
162,live,34,6984
162,live,35,6538
162,live,36,3754
162,live,37,5152
162,live,38,2399
162,live,39,2255
162,live,40,1587
162,live,41,123
162,live,42,65
162,live,43,38
162,live,44,19
162,live,45,22
162,live,46,18
162,live,47,16
162,live,48,16
162,live,49,14
162,live,50,13
162,live,51,17
162,live,52,18
162,live,53,37
162,live,54,20
162,live,55,15
162,live,56,19
162,live,57,25
162,live,58,27
162,live,59,48
162,live,60,48
162,live,61,64
162,live,62,55
162,live,63,61
162,live,64,52
162,live,65,55
162,live,66,46
162,live,67,54
162,live,68,64
162,live,69,50
162,live,70,75
162,live,71,49
162,live,72,28
162,live,73,20
162,live,74,82
162,live,75,280
162,live,76,360
162,live,77,1119
162,live,78,1739
162,live,79,1174
162,live,80,1056
162,live,81,958
162,live,82,652
162,live,83,254
162,live,84,75
162,live,85,34
162,live,86,18
162,live,87,4
162,live,88,2
162,live,89,5
162,live,90,3
162,live,91,2
162,live,92,7
162,live,93,4
162,live,94,5
162,live,95,6
162,live,96,13
162,live,97,6
162,live,98,7
162,live,99,6
162,live,100,11
162,live,101,7
162,live,102,9
162,live,103,9
162,live,104,12
162,live,105,37
162,live,106,25
162,live,107,20
162,live,108,17
162,live,109,37
162,live,110,33
162,live,111,49
162,live,112,27
162,live,113,38
162,live,114,20
162,live,115,21
162,live,116,48
162,live,117,81
162,live,118,131
162,live,119,269
162,live,120,591
162,live,121,866
162,live,122,315
162,live,123,584
162,live,124,338
162,live,125,140
162,live,126,53
162,live,127,15
162,live,128,24
162,live,129,6
162,live,130,1
162,live,131,5
162,live,132,1
162,live,133,2
162,live,134,8
162,live,135,2
162,live,136,1
162,live,137,1
162,live,138,2
162,live,139,4
162,live,140,3
162,live,141,1
162,live,142,0
162,live,143,0
162,live,144,2
162,live,145,5
162,live,146,1
162,live,147,1
162,live,148,1
162,live,149,0
162,live,150,0
162,live,151,1
162,live,152,0
162,live,153,0
162,live,154,2
162,live,155,1
162,live,156,3
162,live,157,9
162,live,158,1
162,live,159,36
162,live,160,28
162,live,161,13
162,live,162,1
163,removed,0,36775
163,removed,1,11144
163,removed,2,3693
163,removed,3,1487
163,removed,4,856
163,removed,5,361
163,removed,6,258
163,removed,7,154
163,removed,8,119
163,removed,9,95
163,removed,10,65
163,removed,11,62
163,removed,12,60
163,removed,13,53
163,removed,14,38
163,removed,15,32
163,removed,16,55
163,removed,17,38
163,removed,18,36
163,removed,19,51
163,removed,20,538
163,removed,21,713
163,removed,22,263
163,removed,23,199
163,removed,24,134
163,removed,25,66
163,removed,26,91
163,removed,27,59
163,removed,28,36
163,removed,29,16
163,removed,30,27
163,removed,31,15
163,removed,32,16
163,removed,33,4
163,removed,34,105
163,removed,35,6
163,removed,36,28
163,removed,37,2
163,removed,38,48
163,removed,39,12
163,removed,40,10
163,removed,41,0
163,removed,42,0
163,removed,43,0
163,removed,44,0
163,removed,45,0
163,removed,46,0
163,removed,47,0
163,removed,48,0
163,removed,49,0
163,removed,50,0
163,removed,51,0
163,removed,52,0
163,removed,53,0
163,removed,54,0
163,removed,55,0
163,removed,56,0
163,removed,57,0
163,removed,58,0
163,removed,59,1
163,removed,60,0
163,removed,61,0
163,removed,62,0
163,removed,63,1
163,removed,64,1
163,removed,65,0
163,removed,66,0
163,removed,67,0
163,removed,68,0
163,removed,69,0
163,removed,70,0
163,removed,71,0
163,removed,72,1
163,removed,73,0
163,removed,74,0
163,removed,75,1
163,removed,76,0
163,removed,77,0
163,removed,78,13
163,removed,79,0
163,removed,80,5
163,removed,81,1
163,removed,82,3
163,removed,83,0
163,removed,84,0
163,removed,85,0
163,removed,86,0
163,removed,87,0
163,removed,88,0
163,removed,89,0
163,removed,90,0
163,removed,91,0
163,removed,92,0
163,removed,93,0
163,removed,94,0
163,removed,95,0
163,removed,96,0
163,removed,97,0
163,removed,98,0
163,removed,99,0
163,removed,100,0
163,removed,101,0
163,removed,102,0
163,removed,103,0
163,removed,104,0
163,removed,105,0
163,removed,106,0
163,removed,107,0
163,removed,108,0
163,removed,109,0
163,removed,110,0
163,removed,111,0
163,removed,112,0
163,removed,113,0
163,removed,114,0
163,removed,115,0
163,removed,116,0
163,removed,117,0
163,removed,118,0
163,removed,119,0
163,removed,120,1
163,removed,121,0
163,removed,122,1
163,removed,123,2
163,removed,124,6
163,removed,125,0
163,removed,126,0
163,removed,127,0
163,removed,128,0
163,removed,129,0
163,removed,130,0
163,removed,131,0
163,removed,132,0
163,removed,133,0
163,removed,134,0
163,removed,135,0
163,removed,136,0
163,removed,137,0
163,removed,138,0
163,removed,139,0
163,removed,140,0
163,removed,141,0
163,removed,142,0
163,removed,143,0
163,removed,144,0
163,removed,145,0
163,removed,146,0
163,removed,147,0
163,removed,148,0
163,removed,149,0
163,removed,150,0
163,removed,151,0
163,removed,152,0
163,removed,153,0
163,removed,154,0
163,removed,155,0
163,removed,156,0
163,removed,157,0
163,removed,158,0
163,removed,159,0
163,removed,160,0
163,removed,161,0
163,removed,162,0
163,live,0,0
163,live,1,18518
163,live,2,6393
163,live,3,2776
163,live,4,1702
163,live,5,998
163,live,6,743
163,live,7,600
163,live,8,529
163,live,9,477
163,live,10,466
163,live,11,498
163,live,12,445
163,live,13,459
163,live,14,452
163,live,15,462
163,live,16,475
163,live,17,444
163,live,18,471
163,live,19,463
163,live,20,451
163,live,21,1918
163,live,22,1485
163,live,23,867
163,live,24,518
163,live,25,646
163,live,26,307
163,live,27,451
163,live,28,672
163,live,29,535
163,live,30,223
163,live,31,2841
163,live,32,2372
163,live,33,2952
163,live,34,4715
163,live,35,6879
163,live,36,6532
163,live,37,3726
163,live,38,5150
163,live,39,2351
163,live,40,2243
163,live,41,1577
163,live,42,123
163,live,43,65
163,live,44,38
163,live,45,19
163,live,46,22
163,live,47,18
163,live,48,16
163,live,49,16
163,live,50,14
163,live,51,13
163,live,52,17
163,live,53,18
163,live,54,37
163,live,55,20
163,live,56,15
163,live,57,19
163,live,58,25
163,live,59,27
163,live,60,47
163,live,61,48
163,live,62,64
163,live,63,55
163,live,64,60
163,live,65,51
163,live,66,55
163,live,67,46
163,live,68,54
163,live,69,64
163,live,70,50
163,live,71,75
163,live,72,49
163,live,73,27
163,live,74,20
163,live,75,82
163,live,76,279
163,live,77,360
163,live,78,1119
163,live,79,1726
163,live,80,1174
163,live,81,1051
163,live,82,957
163,live,83,649
163,live,84,254
163,live,85,75
163,live,86,34
163,live,87,18
163,live,88,4
163,live,89,2
163,live,90,5
163,live,91,3
163,live,92,2
163,live,93,7
163,live,94,4
163,live,95,5
163,live,96,6
163,live,97,13
163,live,98,6
163,live,99,7
163,live,100,6
163,live,101,11
163,live,102,7
163,live,103,9
163,live,104,9
163,live,105,12
163,live,106,37
163,live,107,25
163,live,108,20
163,live,109,17
163,live,110,37
163,live,111,33
163,live,112,49
163,live,113,27
163,live,114,38
163,live,115,20
163,live,116,21
163,live,117,48
163,live,118,81
163,live,119,131
163,live,120,269
163,live,121,590
163,live,122,866
163,live,123,314
163,live,124,582
163,live,125,332
163,live,126,140
163,live,127,53
163,live,128,15
163,live,129,24
163,live,130,6
163,live,131,1
163,live,132,5
163,live,133,1
163,live,134,2
163,live,135,8
163,live,136,2
163,live,137,1
163,live,138,1
163,live,139,2
163,live,140,4
163,live,141,3
163,live,142,1
163,live,143,0
163,live,144,0
163,live,145,2
163,live,146,5
163,live,147,1
163,live,148,1
163,live,149,1
163,live,150,0
163,live,151,0
163,live,152,1
163,live,153,0
163,live,154,0
163,live,155,2
163,live,156,1
163,live,157,3
163,live,158,9
163,live,159,1
163,live,160,36
163,live,161,28
163,live,162,13
163,live,163,1
164,removed,0,37089
164,removed,1,12245
164,removed,2,3500
164,removed,3,1228
164,removed,4,663
164,removed,5,307
164,removed,6,234
164,removed,7,155
164,removed,8,113
164,removed,9,96
164,removed,10,80
164,removed,11,73
164,removed,12,77
164,removed,13,75
164,removed,14,67
164,removed,15,62
164,removed,16,56
164,removed,17,50
164,removed,18,60
164,removed,19,52
164,removed,20,40
164,removed,21,635
164,removed,22,722
164,removed,23,324
164,removed,24,183
164,removed,25,187
164,removed,26,93
164,removed,27,143
164,removed,28,159
164,removed,29,174
164,removed,30,49
164,removed,31,318
164,removed,32,176
164,removed,33,178
164,removed,34,59
164,removed,35,157
164,removed,36,47
164,removed,37,56
164,removed,38,27
164,removed,39,35
164,removed,40,4
164,removed,41,10
164,removed,42,2
164,removed,43,0
164,removed,44,0
164,removed,45,0
164,removed,46,0
164,removed,47,0
164,removed,48,0
164,removed,49,0
164,removed,50,0
164,removed,51,0
164,removed,52,0
164,removed,53,0
164,removed,54,0
164,removed,55,0
164,removed,56,0
164,removed,57,0
164,removed,58,2
164,removed,59,0
164,removed,60,1
164,removed,61,1
164,removed,62,0
164,removed,63,0
164,removed,64,0
164,removed,65,0
164,removed,66,0
164,removed,67,0
164,removed,68,2
164,removed,69,2
164,removed,70,0
164,removed,71,1
164,removed,72,0
164,removed,73,0
164,removed,74,1
164,removed,75,4
164,removed,76,3
164,removed,77,8
164,removed,78,10
164,removed,79,14
164,removed,80,4
164,removed,81,1
164,removed,82,0
164,removed,83,7
164,removed,84,0
164,removed,85,0
164,removed,86,0
164,removed,87,0
164,removed,88,0
164,removed,89,0
164,removed,90,0
164,removed,91,0
164,removed,92,0
164,removed,93,0
164,removed,94,0
164,removed,95,0
164,removed,96,0
164,removed,97,0
164,removed,98,0
164,removed,99,0
164,removed,100,0
164,removed,101,0
164,removed,102,0
164,removed,103,0
164,removed,104,0
164,removed,105,0
164,removed,106,0
164,removed,107,0
164,removed,108,0
164,removed,109,0
164,removed,110,0
164,removed,111,0
164,removed,112,0
164,removed,113,0
164,removed,114,0
164,removed,115,0
164,removed,116,0
164,removed,117,1
164,removed,118,0
164,removed,119,2
164,removed,120,3
164,removed,121,8
164,removed,122,1
164,removed,123,0
164,removed,124,0
164,removed,125,0
164,removed,126,0
164,removed,127,0
164,removed,128,0
164,removed,129,0
164,removed,130,0
164,removed,131,0
164,removed,132,0
164,removed,133,0
164,removed,134,0
164,removed,135,0
164,removed,136,0
164,removed,137,0
164,removed,138,0
164,removed,139,0
164,removed,140,0
164,removed,141,0
164,removed,142,0
164,removed,143,0
164,removed,144,0
164,removed,145,0
164,removed,146,0
164,removed,147,0
164,removed,148,0
164,removed,149,0
164,removed,150,0
164,removed,151,0
164,removed,152,0
164,removed,153,0
164,removed,154,0
164,removed,155,0
164,removed,156,0
164,removed,157,0
164,removed,158,0
164,removed,159,0
164,removed,160,0
164,removed,161,0
164,removed,162,0
164,removed,163,0
164,live,0,0
164,live,1,19218
164,live,2,6273
164,live,3,2893
164,live,4,1548
164,live,5,1039
164,live,6,691
164,live,7,509
164,live,8,445
164,live,9,416
164,live,10,381
164,live,11,386
164,live,12,425
164,live,13,368
164,live,14,384
164,live,15,385
164,live,16,400
164,live,17,419
164,live,18,394
164,live,19,411
164,live,20,411
164,live,21,411
164,live,22,1283
164,live,23,763
164,live,24,543
164,live,25,335
164,live,26,459
164,live,27,214
164,live,28,308
164,live,29,513
164,live,30,361
164,live,31,174
164,live,32,2523
164,live,33,2196
164,live,34,2774
164,live,35,4656
164,live,36,6722
164,live,37,6485
164,live,38,3670
164,live,39,5123
164,live,40,2316
164,live,41,2239
164,live,42,1567
164,live,43,121
164,live,44,65
164,live,45,38
164,live,46,19
164,live,47,22
164,live,48,18
164,live,49,16
164,live,50,16
164,live,51,14
164,live,52,13
164,live,53,17
164,live,54,18
164,live,55,37
164,live,56,20
164,live,57,15
164,live,58,19
164,live,59,23
164,live,60,27
164,live,61,46
164,live,62,47
164,live,63,64
164,live,64,55
164,live,65,60
164,live,66,51
164,live,67,55
164,live,68,46
164,live,69,52
164,live,70,62
164,live,71,50
164,live,72,74
164,live,73,49
164,live,74,27
164,live,75,19
164,live,76,78
164,live,77,276
164,live,78,352
164,live,79,1109
164,live,80,1712
164,live,81,1170
164,live,82,1050
164,live,83,957
164,live,84,642
164,live,85,254
164,live,86,75
164,live,87,34
164,live,88,18
164,live,89,4
164,live,90,2
164,live,91,5
164,live,92,3
164,live,93,2
164,live,94,7
164,live,95,4
164,live,96,5
164,live,97,6
164,live,98,13
164,live,99,6
164,live,100,7
164,live,101,6
164,live,102,11
164,live,103,7
164,live,104,9
164,live,105,9
164,live,106,12
164,live,107,37
164,live,108,25
164,live,109,20
164,live,110,17
164,live,111,37
164,live,112,33
164,live,113,49
164,live,114,27
164,live,115,38
164,live,116,20
164,live,117,21
164,live,118,47
164,live,119,81
164,live,120,129
164,live,121,266
164,live,122,582
164,live,123,865
164,live,124,314
164,live,125,582
164,live,126,332
164,live,127,140
164,live,128,53
164,live,129,15
164,live,130,24
164,live,131,6
164,live,132,1
164,live,133,5
164,live,134,1
164,live,135,2
164,live,136,8
164,live,137,2
164,live,138,1
164,live,139,1
164,live,140,2
164,live,141,4
164,live,142,3
164,live,143,1
164,live,144,0
164,live,145,0
164,live,146,2
164,live,147,5
164,live,148,1
164,live,149,1
164,live,150,1
164,live,151,0
164,live,152,0
164,live,153,1
164,live,154,0
164,live,155,0
164,live,156,2
164,live,157,1
164,live,158,3
164,live,159,9
164,live,160,1
164,live,161,36
164,live,162,28
164,live,163,13
164,live,164,1
165,removed,0,27597
165,removed,1,10537
165,removed,2,2911
165,removed,3,1285
165,removed,4,646
165,removed,5,366
165,removed,6,210
165,removed,7,126
165,removed,8,93
165,removed,9,78
165,removed,10,70
165,removed,11,60
165,removed,12,69
165,removed,13,63
165,removed,14,52
165,removed,15,57
165,removed,16,61
165,removed,17,58
165,removed,18,58
165,removed,19,52
165,removed,20,53
165,removed,21,58
165,removed,22,283
165,removed,23,187
165,removed,24,141
165,removed,25,100
165,removed,26,95
165,removed,27,34
165,removed,28,91
165,removed,29,217
165,removed,30,79
165,removed,31,58
165,removed,32,1142
165,removed,33,827
165,removed,34,699
165,removed,35,338
165,removed,36,384
165,removed,37,193
165,removed,38,95
165,removed,39,97
165,removed,40,28
165,removed,41,42
165,removed,42,11
165,removed,43,27
165,removed,44,5
165,removed,45,3
165,removed,46,2
165,removed,47,2
165,removed,48,0
165,removed,49,0
165,removed,50,0
165,removed,51,0
165,removed,52,0
165,removed,53,0
165,removed,54,1
165,removed,55,5
165,removed,56,2
165,removed,57,1
165,removed,58,2
165,removed,59,0
165,removed,60,1
165,removed,61,1
165,removed,62,0
165,removed,63,0
165,removed,64,0
165,removed,65,0
165,removed,66,0
165,removed,67,0
165,removed,68,0
165,removed,69,0
165,removed,70,1
165,removed,71,0
165,removed,72,0
165,removed,73,1
165,removed,74,1
165,removed,75,0
165,removed,76,11
165,removed,77,2
165,removed,78,12
165,removed,79,8
165,removed,80,2
165,removed,81,5
165,removed,82,9
165,removed,83,9
165,removed,84,6
165,removed,85,2
165,removed,86,0
165,removed,87,1
165,removed,88,0
165,removed,89,0
165,removed,90,0
165,removed,91,0
165,removed,92,0
165,removed,93,0
165,removed,94,0
165,removed,95,0
165,removed,96,0
165,removed,97,0
165,removed,98,0
165,removed,99,0
165,removed,100,0
165,removed,101,0
165,removed,102,0
165,removed,103,0
165,removed,104,0
165,removed,105,0
165,removed,106,0
165,removed,107,0
165,removed,108,0
165,removed,109,0
165,removed,110,0
165,removed,111,1
165,removed,112,0
165,removed,113,0
165,removed,114,0
165,removed,115,0
165,removed,116,0
165,removed,117,1
165,removed,118,1
165,removed,119,0
165,removed,120,4
165,removed,121,2
165,removed,122,4
165,removed,123,0
165,removed,124,0
165,removed,125,3
165,removed,126,0
165,removed,127,0
165,removed,128,0
165,removed,129,0
165,removed,130,0
165,removed,131,0
165,removed,132,0
165,removed,133,0
165,removed,134,0
165,removed,135,0
165,removed,136,0
165,removed,137,0
165,removed,138,0
165,removed,139,0
165,removed,140,0
165,removed,141,0
165,removed,142,0
165,removed,143,0
165,removed,144,0
165,removed,145,0
165,removed,146,0
165,removed,147,0
165,removed,148,0
165,removed,149,0
165,removed,150,0
165,removed,151,0
165,removed,152,0
165,removed,153,0
165,removed,154,0
165,removed,155,0
165,removed,156,0
165,removed,157,0
165,removed,158,0
165,removed,159,0
165,removed,160,0
165,removed,161,0
165,removed,162,0
165,removed,163,0
165,removed,164,0
165,live,0,0
165,live,1,28818
165,live,2,8681
165,live,3,3362
165,live,4,1608
165,live,5,902
165,live,6,673
165,live,7,481
165,live,8,383
165,live,9,352
165,live,10,338
165,live,11,311
165,live,12,326
165,live,13,356
165,live,14,305
165,live,15,332
165,live,16,328
165,live,17,339
165,live,18,361
165,live,19,336
165,live,20,359
165,live,21,358
165,live,22,353
165,live,23,1000
165,live,24,576
165,live,25,402
165,live,26,235
165,live,27,364
165,live,28,180
165,live,29,217
165,live,30,296
165,live,31,282
165,live,32,116
165,live,33,1381
165,live,34,1369
165,live,35,2075
165,live,36,4318
165,live,37,6338
165,live,38,6292
165,live,39,3575
165,live,40,5026
165,live,41,2288
165,live,42,2197
165,live,43,1556
165,live,44,94
165,live,45,60
165,live,46,35
165,live,47,17
165,live,48,20
165,live,49,18
165,live,50,16
165,live,51,16
165,live,52,14
165,live,53,13
165,live,54,17
165,live,55,17
165,live,56,32
165,live,57,18
165,live,58,14
165,live,59,17
165,live,60,23
165,live,61,26
165,live,62,45
165,live,63,47
165,live,64,64
165,live,65,55
165,live,66,60
165,live,67,51
165,live,68,55
165,live,69,46
165,live,70,52
165,live,71,61
165,live,72,50
165,live,73,74
165,live,74,48
165,live,75,26
165,live,76,19
165,live,77,67
165,live,78,274
165,live,79,340
165,live,80,1101
165,live,81,1710
165,live,82,1165
165,live,83,1041
165,live,84,948
165,live,85,636
165,live,86,252
165,live,87,75
165,live,88,33
165,live,89,18
165,live,90,4
165,live,91,2
165,live,92,5
165,live,93,3
165,live,94,2
165,live,95,7
165,live,96,4
165,live,97,5
165,live,98,6
165,live,99,13
165,live,100,6
165,live,101,7
165,live,102,6
165,live,103,11
165,live,104,7
165,live,105,9
165,live,106,9
165,live,107,12
165,live,108,37
165,live,109,25
165,live,110,20
165,live,111,17
165,live,112,36
165,live,113,33
165,live,114,49
165,live,115,27
165,live,116,38
165,live,117,20
165,live,118,20
165,live,119,46
165,live,120,81
165,live,121,125
165,live,122,264
165,live,123,578
165,live,124,865
165,live,125,314
165,live,126,579
165,live,127,332
165,live,128,140
165,live,129,53
165,live,130,15
165,live,131,24
165,live,132,6
165,live,133,1
165,live,134,5
165,live,135,1
165,live,136,2
165,live,137,8
165,live,138,2
165,live,139,1
165,live,140,1
165,live,141,2
165,live,142,4
165,live,143,3
165,live,144,1
165,live,145,0
165,live,146,0
165,live,147,2
165,live,148,5
165,live,149,1
165,live,150,1
165,live,151,1
165,live,152,0
165,live,153,0
165,live,154,1
165,live,155,0
165,live,156,0
165,live,157,2
165,live,158,1
165,live,159,3
165,live,160,9
165,live,161,1
165,live,162,36
165,live,163,28
165,live,164,13
165,live,165,1
166,removed,0,23606
166,removed,1,18595
166,removed,2,4793
166,removed,3,1742
166,removed,4,690
166,removed,5,354
166,removed,6,252
166,removed,7,177
166,removed,8,156
166,removed,9,131
166,removed,10,124
166,removed,11,91
166,removed,12,99
166,removed,13,102
166,removed,14,92
166,removed,15,89
166,removed,16,86
166,removed,17,98
166,removed,18,102
166,removed,19,85
166,removed,20,99
166,removed,21,92
166,removed,22,97
166,removed,23,367
166,removed,24,308
166,removed,25,108
166,removed,26,117
166,removed,27,96
166,removed,28,65
166,removed,29,43
166,removed,30,111
166,removed,31,97
166,removed,32,48
166,removed,33,306
166,removed,34,400
166,removed,35,694
166,removed,36,1931
166,removed,37,499
166,removed,38,2023
166,removed,39,426
166,removed,40,1035
166,removed,41,119
166,removed,42,499
166,removed,43,255
166,removed,44,8
166,removed,45,5
166,removed,46,5
166,removed,47,3
166,removed,48,7
166,removed,49,4
166,removed,50,1
166,removed,51,2
166,removed,52,3
166,removed,53,4
166,removed,54,4
166,removed,55,4
166,removed,56,4
166,removed,57,5
166,removed,58,5
166,removed,59,3
166,removed,60,4
166,removed,61,1
166,removed,62,2
166,removed,63,4
166,removed,64,11
166,removed,65,22
166,removed,66,12
166,removed,67,6
166,removed,68,9
166,removed,69,8
166,removed,70,4
166,removed,71,8
166,removed,72,4
166,removed,73,9
166,removed,74,6
166,removed,75,8
166,removed,76,2
166,removed,77,12
166,removed,78,55
166,removed,79,48
166,removed,80,178
166,removed,81,168
166,removed,82,140
166,removed,83,34
166,removed,84,92
166,removed,85,34
166,removed,86,32
166,removed,87,16
166,removed,88,6
166,removed,89,2
166,removed,90,0
166,removed,91,1
166,removed,92,0
166,removed,93,0
166,removed,94,0
166,removed,95,2
166,removed,96,0
166,removed,97,0
166,removed,98,0
166,removed,99,0
166,removed,100,0
166,removed,101,0
166,removed,102,0
166,removed,103,2
166,removed,104,0
166,removed,105,1
166,removed,106,0
166,removed,107,2
166,removed,108,1
166,removed,109,6
166,removed,110,2
166,removed,111,0
166,removed,112,9
166,removed,113,1
166,removed,114,4
166,removed,115,1
166,removed,116,3
166,removed,117,2
166,removed,118,2
166,removed,119,12
166,removed,120,9
166,removed,121,25
166,removed,122,54
166,removed,123,22
166,removed,124,67
166,removed,125,27
166,removed,126,39
166,removed,127,18
166,removed,128,17
166,removed,129,4
166,removed,130,3
166,removed,131,6
166,removed,132,1
166,removed,133,0
166,removed,134,0
166,removed,135,0
166,removed,136,0
166,removed,137,0
166,removed,138,0
166,removed,139,0
166,removed,140,0
166,removed,141,1
166,removed,142,1
166,removed,143,1
166,removed,144,0
166,removed,145,0
166,removed,146,0
166,removed,147,0
166,removed,148,0
166,removed,149,0
166,removed,150,0
166,removed,151,0
166,removed,152,0
166,removed,153,0
166,removed,154,0
166,removed,155,0
166,removed,156,0
166,removed,157,0
166,removed,158,0
166,removed,159,0
166,removed,160,0
166,removed,161,0
166,removed,162,1
166,removed,163,2
166,removed,164,0
166,removed,165,0
166,live,0,0
166,live,1,31437
166,live,2,10223
166,live,3,3888
166,live,4,1620
166,live,5,918
166,live,6,548
166,live,7,421
166,live,8,304
166,live,9,227
166,live,10,221
166,live,11,214
166,live,12,220
166,live,13,227
166,live,14,254
166,live,15,213
166,live,16,243
166,live,17,242
166,live,18,241
166,live,19,259
166,live,20,251
166,live,21,260
166,live,22,266
166,live,23,256
166,live,24,633
166,live,25,268
166,live,26,294
166,live,27,118
166,live,28,268
166,live,29,115
166,live,30,174
166,live,31,185
166,live,32,185
166,live,33,68
166,live,34,1075
166,live,35,969
166,live,36,1381
166,live,37,2387
166,live,38,5839
166,live,39,4269
166,live,40,3149
166,live,41,3991
166,live,42,2169
166,live,43,1698
166,live,44,1301
166,live,45,86
166,live,46,55
166,live,47,30
166,live,48,14
166,live,49,13
166,live,50,14
166,live,51,15
166,live,52,14
166,live,53,11
166,live,54,9
166,live,55,13
166,live,56,13
166,live,57,28
166,live,58,13
166,live,59,9
166,live,60,14
166,live,61,19
166,live,62,25
166,live,63,43
166,live,64,43
166,live,65,53
166,live,66,33
166,live,67,48
166,live,68,45
166,live,69,46
166,live,70,38
166,live,71,48
166,live,72,53
166,live,73,46
166,live,74,65
166,live,75,42
166,live,76,18
166,live,77,17
166,live,78,55
166,live,79,219
166,live,80,292
166,live,81,923
166,live,82,1542
166,live,83,1025
166,live,84,1007
166,live,85,856
166,live,86,602
166,live,87,220
166,live,88,59
166,live,89,27
166,live,90,16
166,live,91,4
166,live,92,1
166,live,93,5
166,live,94,3
166,live,95,2
166,live,96,5
166,live,97,4
166,live,98,5
166,live,99,6
166,live,100,13
166,live,101,6
166,live,102,7
166,live,103,6
166,live,104,9
166,live,105,7
166,live,106,8
166,live,107,9
166,live,108,10
166,live,109,36
166,live,110,19
166,live,111,18
166,live,112,17
166,live,113,27
166,live,114,32
166,live,115,45
166,live,116,26
166,live,117,35
166,live,118,18
166,live,119,18
166,live,120,34
166,live,121,72
166,live,122,100
166,live,123,210
166,live,124,556
166,live,125,798
166,live,126,287
166,live,127,540
166,live,128,314
166,live,129,123
166,live,130,49
166,live,131,12
166,live,132,18
166,live,133,5
166,live,134,1
166,live,135,5
166,live,136,1
166,live,137,2
166,live,138,8
166,live,139,2
166,live,140,1
166,live,141,1
166,live,142,1
166,live,143,3
166,live,144,2
166,live,145,1
166,live,146,0
166,live,147,0
166,live,148,2
166,live,149,5
166,live,150,1
166,live,151,1
166,live,152,1
166,live,153,0
166,live,154,0
166,live,155,1
166,live,156,0
166,live,157,0
166,live,158,2
166,live,159,1
166,live,160,3
166,live,161,9
166,live,162,1
166,live,163,35
166,live,164,26
166,live,165,13
166,live,166,1
167,removed,0,21038
167,removed,1,14656
167,removed,2,5292
167,removed,3,1919
167,removed,4,713
167,removed,5,337
167,removed,6,186
167,removed,7,141
167,removed,8,82
167,removed,9,70
167,removed,10,55
167,removed,11,45
167,removed,12,45
167,removed,13,53
167,removed,14,49
167,removed,15,45
167,removed,16,52
167,removed,17,49
167,removed,18,38
167,removed,19,31
167,removed,20,38
167,removed,21,39
167,removed,22,37
167,removed,23,43
167,removed,24,165
167,removed,25,96
167,removed,26,87
167,removed,27,38
167,removed,28,77
167,removed,29,23
167,removed,30,34
167,removed,31,45
167,removed,32,71
167,removed,33,30
167,removed,34,512
167,removed,35,304
167,removed,36,358
167,removed,37,137
167,removed,38,1369
167,removed,39,387
167,removed,40,600
167,removed,41,217
167,removed,42,300
167,removed,43,133
167,removed,44,168
167,removed,45,8
167,removed,46,3
167,removed,47,2
167,removed,48,2
167,removed,49,1
167,removed,50,5
167,removed,51,4
167,removed,52,3
167,removed,53,2
167,removed,54,1
167,removed,55,0
167,removed,56,3
167,removed,57,1
167,removed,58,1
167,removed,59,1
167,removed,60,0
167,removed,61,4
167,removed,62,1
167,removed,63,6
167,removed,64,6
167,removed,65,5
167,removed,66,7
167,removed,67,9
167,removed,68,4
167,removed,69,2
167,removed,70,5
167,removed,71,0
167,removed,72,0
167,removed,73,1
167,removed,74,2
167,removed,75,3
167,removed,76,2
167,removed,77,3
167,removed,78,5
167,removed,79,10
167,removed,80,26
167,removed,81,85
167,removed,82,61
167,removed,83,125
167,removed,84,49
167,removed,85,88
167,removed,86,74
167,removed,87,12
167,removed,88,1
167,removed,89,0
167,removed,90,0
167,removed,91,0
167,removed,92,0
167,removed,93,1
167,removed,94,1
167,removed,95,0
167,removed,96,0
167,removed,97,0
167,removed,98,0
167,removed,99,0
167,removed,100,0
167,removed,101,1
167,removed,102,1
167,removed,103,1
167,removed,104,2
167,removed,105,3
167,removed,106,3
167,removed,107,3
167,removed,108,2
167,removed,109,2
167,removed,110,2
167,removed,111,3
167,removed,112,1
167,removed,113,3
167,removed,114,5
167,removed,115,7
167,removed,116,1
167,removed,117,6
167,removed,118,1
167,removed,119,0
167,removed,120,1
167,removed,121,4
167,removed,122,8
167,removed,123,6
167,removed,124,48
167,removed,125,37
167,removed,126,17
167,removed,127,16
167,removed,128,20
167,removed,129,11
167,removed,130,4
167,removed,131,1
167,removed,132,1
167,removed,133,0
167,removed,134,0
167,removed,135,0
167,removed,136,0
167,removed,137,0
167,removed,138,0
167,removed,139,1
167,removed,140,1
167,removed,141,0
167,removed,142,0
167,removed,143,0
167,removed,144,0
167,removed,145,0
167,removed,146,0
167,removed,147,0
167,removed,148,0
167,removed,149,0
167,removed,150,0
167,removed,151,0
167,removed,152,0
167,removed,153,0
167,removed,154,0
167,removed,155,0
167,removed,156,0
167,removed,157,0
167,removed,158,0
167,removed,159,0
167,removed,160,0
167,removed,161,0
167,removed,162,0
167,removed,163,4
167,removed,164,2
167,removed,165,0
167,removed,166,0
167,live,0,0
167,live,1,34679
167,live,2,16781
167,live,3,4931
167,live,4,1969
167,live,5,907
167,live,6,581
167,live,7,362
167,live,8,280
167,live,9,222
167,live,10,157
167,live,11,166
167,live,12,169
167,live,13,175
167,live,14,174
167,live,15,205
167,live,16,168
167,live,17,191
167,live,18,193
167,live,19,203
167,live,20,228
167,live,21,213
167,live,22,221
167,live,23,229
167,live,24,213
167,live,25,468
167,live,26,172
167,live,27,207
167,live,28,80
167,live,29,191
167,live,30,92
167,live,31,140
167,live,32,140
167,live,33,114
167,live,34,38
167,live,35,563
167,live,36,665
167,live,37,1023
167,live,38,2250
167,live,39,4470
167,live,40,3882
167,live,41,2549
167,live,42,3774
167,live,43,1869
167,live,44,1565
167,live,45,1133
167,live,46,78
167,live,47,52
167,live,48,28
167,live,49,12
167,live,50,12
167,live,51,9
167,live,52,11
167,live,53,11
167,live,54,9
167,live,55,8
167,live,56,13
167,live,57,10
167,live,58,27
167,live,59,12
167,live,60,8
167,live,61,14
167,live,62,15
167,live,63,24
167,live,64,37
167,live,65,37
167,live,66,48
167,live,67,26
167,live,68,39
167,live,69,41
167,live,70,44
167,live,71,33
167,live,72,48
167,live,73,53
167,live,74,45
167,live,75,63
167,live,76,39
167,live,77,16
167,live,78,14
167,live,79,50
167,live,80,209
167,live,81,266
167,live,82,838
167,live,83,1481
167,live,84,900
167,live,85,958
167,live,86,768
167,live,87,528
167,live,88,208
167,live,89,58
167,live,90,27
167,live,91,16
167,live,92,4
167,live,93,1
167,live,94,4
167,live,95,2
167,live,96,2
167,live,97,5
167,live,98,4
167,live,99,5
167,live,100,6
167,live,101,13
167,live,102,5
167,live,103,6
167,live,104,5
167,live,105,7
167,live,106,4
167,live,107,5
167,live,108,6
167,live,109,8
167,live,110,34
167,live,111,17
167,live,112,15
167,live,113,16
167,live,114,24
167,live,115,27
167,live,116,38
167,live,117,25
167,live,118,29
167,live,119,17
167,live,120,18
167,live,121,33
167,live,122,68
167,live,123,92
167,live,124,204
167,live,125,508
167,live,126,761
167,live,127,270
167,live,128,524
167,live,129,294
167,live,130,112
167,live,131,45
167,live,132,11
167,live,133,17
167,live,134,5
167,live,135,1
167,live,136,5
167,live,137,1
167,live,138,2
167,live,139,8
167,live,140,1
167,live,141,0
167,live,142,1
167,live,143,1
167,live,144,3
167,live,145,2
167,live,146,1
167,live,147,0
167,live,148,0
167,live,149,2
167,live,150,5
167,live,151,1
167,live,152,1
167,live,153,1
167,live,154,0
167,live,155,0
167,live,156,1
167,live,157,0
167,live,158,0
167,live,159,2
167,live,160,1
167,live,161,3
167,live,162,9
167,live,163,1
167,live,164,31
167,live,165,24
167,live,166,13
167,live,167,1
168,removed,0,20434
168,removed,1,18950
168,removed,2,7523
168,removed,3,2665
168,removed,4,827
168,removed,5,358
168,removed,6,212
168,removed,7,133
168,removed,8,99
168,removed,9,81
168,removed,10,59
168,removed,11,61
168,removed,12,65
168,removed,13,76
168,removed,14,59
168,removed,15,64
168,removed,16,54
168,removed,17,57
168,removed,18,61
168,removed,19,77
168,removed,20,76
168,removed,21,72
168,removed,22,74
168,removed,23,76
168,removed,24,71
168,removed,25,121
168,removed,26,33
168,removed,27,50
168,removed,28,14
168,removed,29,39
168,removed,30,15
168,removed,31,35
168,removed,32,35
168,removed,33,26
168,removed,34,6
168,removed,35,250
168,removed,36,289
168,removed,37,465
168,removed,38,866
168,removed,39,1355
168,removed,40,1507
168,removed,41,659
168,removed,42,1282
168,removed,43,539
168,removed,44,452
168,removed,45,327
168,removed,46,9
168,removed,47,17
168,removed,48,12
168,removed,49,4
168,removed,50,3
168,removed,51,2
168,removed,52,2
168,removed,53,2
168,removed,54,0
168,removed,55,2
168,removed,56,4
168,removed,57,5
168,removed,58,4
168,removed,59,2
168,removed,60,0
168,removed,61,1
168,removed,62,2
168,removed,63,6
168,removed,64,9
168,removed,65,4
168,removed,66,3
168,removed,67,5
168,removed,68,6
168,removed,69,7
168,removed,70,8
168,removed,71,5
168,removed,72,5
168,removed,73,13
168,removed,74,14
168,removed,75,15
168,removed,76,10
168,removed,77,1
168,removed,78,5
168,removed,79,7
168,removed,80,46
168,removed,81,89
168,removed,82,204
168,removed,83,496
168,removed,84,201
168,removed,85,274
168,removed,86,204
168,removed,87,115
168,removed,88,57
168,removed,89,8
168,removed,90,2
168,removed,91,2
168,removed,92,0
168,removed,93,0
168,removed,94,1
168,removed,95,0
168,removed,96,1
168,removed,97,2
168,removed,98,3
168,removed,99,2
168,removed,100,1
168,removed,101,4
168,removed,102,1
168,removed,103,1
168,removed,104,1
168,removed,105,0
168,removed,106,1
168,removed,107,1
168,removed,108,0
168,removed,109,1
168,removed,110,2
168,removed,111,1
168,removed,112,4
168,removed,113,4
168,removed,114,4
168,removed,115,1
168,removed,116,2
168,removed,117,2
168,removed,118,4
168,removed,119,2
168,removed,120,7
168,removed,121,4
168,removed,122,28
168,removed,123,32
168,removed,124,57
168,removed,125,109
168,removed,126,239
168,removed,127,61
168,removed,128,173
168,removed,129,66
168,removed,130,41
168,removed,131,5
168,removed,132,4
168,removed,133,3
168,removed,134,0
168,removed,135,0
168,removed,136,2
168,removed,137,1
168,removed,138,2
168,removed,139,0
168,removed,140,1
168,removed,141,0
168,removed,142,1
168,removed,143,1
168,removed,144,1
168,removed,145,0
168,removed,146,1
168,removed,147,0
168,removed,148,0
168,removed,149,1
168,removed,150,1
168,removed,151,0
168,removed,152,1
168,removed,153,1
168,removed,154,0
168,removed,155,0
168,removed,156,0
168,removed,157,0
168,removed,158,0
168,removed,159,1
168,removed,160,0
168,removed,161,1
168,removed,162,8
168,removed,163,1
168,removed,164,8
168,removed,165,4
168,removed,166,9
168,removed,167,0
168,live,0,0
168,live,1,25255
168,live,2,15729
168,live,3,9258
168,live,4,2266
168,live,5,1142
168,live,6,549
168,live,7,369
168,live,8,229
168,live,9,181
168,live,10,141
168,live,11,98
168,live,12,105
168,live,13,104
168,live,14,99
168,live,15,115
168,live,16,141
168,live,17,114
168,live,18,134
168,live,19,132
168,live,20,126
168,live,21,152
168,live,22,141
168,live,23,147
168,live,24,153
168,live,25,142
168,live,26,347
168,live,27,139
168,live,28,157
168,live,29,66
168,live,30,152
168,live,31,77
168,live,32,105
168,live,33,105
168,live,34,88
168,live,35,32
168,live,36,313
168,live,37,376
168,live,38,558
168,live,39,1384
168,live,40,3115
168,live,41,2375
168,live,42,1890
168,live,43,2492
168,live,44,1330
168,live,45,1113
168,live,46,806
168,live,47,69
168,live,48,35
168,live,49,16
168,live,50,8
168,live,51,9
168,live,52,7
168,live,53,9
168,live,54,9
168,live,55,9
168,live,56,6
168,live,57,9
168,live,58,5
168,live,59,23
168,live,60,10
168,live,61,8
168,live,62,13
168,live,63,13
168,live,64,18
168,live,65,28
168,live,66,33
168,live,67,45
168,live,68,21
168,live,69,33
168,live,70,34
168,live,71,36
168,live,72,28
168,live,73,43
168,live,74,40
168,live,75,31
168,live,76,48
168,live,77,29
168,live,78,15
168,live,79,9
168,live,80,43
168,live,81,163
168,live,82,177
168,live,83,634
168,live,84,985
168,live,85,699
168,live,86,684
168,live,87,564
168,live,88,413
168,live,89,151
168,live,90,50
168,live,91,25
168,live,92,14
168,live,93,4
168,live,94,1
168,live,95,3
168,live,96,2
168,live,97,1
168,live,98,3
168,live,99,1
168,live,100,3
168,live,101,5
168,live,102,9
168,live,103,4
168,live,104,5
168,live,105,4
168,live,106,7
168,live,107,3
168,live,108,4
168,live,109,6
168,live,110,7
168,live,111,32
168,live,112,16
168,live,113,11
168,live,114,12
168,live,115,20
168,live,116,26
168,live,117,36
168,live,118,23
168,live,119,25
168,live,120,15
168,live,121,11
168,live,122,29
168,live,123,40
168,live,124,60
168,live,125,147
168,live,126,399
168,live,127,522
168,live,128,209
168,live,129,351
168,live,130,228
168,live,131,71
168,live,132,40
168,live,133,7
168,live,134,14
168,live,135,5
168,live,136,1
168,live,137,3
168,live,138,0
168,live,139,0
168,live,140,8
168,live,141,0
168,live,142,0
168,live,143,0
168,live,144,0
168,live,145,2
168,live,146,2
168,live,147,0
168,live,148,0
168,live,149,0
168,live,150,1
168,live,151,4
168,live,152,1
168,live,153,0
168,live,154,0
168,live,155,0
168,live,156,0
168,live,157,1
168,live,158,0
168,live,159,0
168,live,160,1
168,live,161,1
168,live,162,2
168,live,163,1
168,live,164,0
168,live,165,23
168,live,166,20
168,live,167,4
168,live,168,1
169,removed,0,19413
169,removed,1,12715
169,removed,2,5451
169,removed,3,3104
169,removed,4,994
169,removed,5,429
169,removed,6,156
169,removed,7,121
169,removed,8,48
169,removed,9,59
169,removed,10,40
169,removed,11,28
169,removed,12,26
169,removed,13,31
169,removed,14,22
169,removed,15,21
169,removed,16,23
169,removed,17,25
169,removed,18,22
169,removed,19,36
169,removed,20,28
169,removed,21,34
169,removed,22,36
169,removed,23,33
169,removed,24,26
169,removed,25,20
169,removed,26,48
169,removed,27,40
169,removed,28,28
169,removed,29,3
169,removed,30,24
169,removed,31,7
169,removed,32,10
169,removed,33,9
169,removed,34,31
169,removed,35,12
169,removed,36,120
169,removed,37,140
169,removed,38,137
169,removed,39,207
169,removed,40,584
169,removed,41,317
169,removed,42,369
169,removed,43,176
169,removed,44,179
169,removed,45,107
169,removed,46,88
169,removed,47,8
169,removed,48,1
169,removed,49,0
169,removed,50,3
169,removed,51,3
169,removed,52,1
169,removed,53,1
169,removed,54,4
169,removed,55,2
169,removed,56,1
169,removed,57,1
169,removed,58,1
169,removed,59,0
169,removed,60,2
169,removed,61,2
169,removed,62,4
169,removed,63,1
169,removed,64,4
169,removed,65,2
169,removed,66,3
169,removed,67,4
169,removed,68,9
169,removed,69,3
169,removed,70,4
169,removed,71,3
169,removed,72,3
169,removed,73,4
169,removed,74,1
169,removed,75,1
169,removed,76,5
169,removed,77,2
169,removed,78,4
169,removed,79,0
169,removed,80,12
169,removed,81,17
169,removed,82,32
169,removed,83,59
169,removed,84,42
169,removed,85,69
169,removed,86,23
169,removed,87,44
169,removed,88,37
169,removed,89,7
169,removed,90,1
169,removed,91,1
169,removed,92,1
169,removed,93,0
169,removed,94,0
169,removed,95,0
169,removed,96,0
169,removed,97,0
169,removed,98,0
169,removed,99,0
169,removed,100,1
169,removed,101,0
169,removed,102,0
169,removed,103,0
169,removed,104,1
169,removed,105,1
169,removed,106,0
169,removed,107,0
169,removed,108,0
169,removed,109,0
169,removed,110,0
169,removed,111,0
169,removed,112,1
169,removed,113,1
169,removed,114,3
169,removed,115,1
169,removed,116,0
169,removed,117,2
169,removed,118,3
169,removed,119,1
169,removed,120,8
169,removed,121,0
169,removed,122,3
169,removed,123,0
169,removed,124,5
169,removed,125,5
169,removed,126,25
169,removed,127,39
169,removed,128,12
169,removed,129,13
169,removed,130,20
169,removed,131,9
169,removed,132,0
169,removed,133,0
169,removed,134,1
169,removed,135,1
169,removed,136,1
169,removed,137,1
169,removed,138,0
169,removed,139,0
169,removed,140,1
169,removed,141,0
169,removed,142,0
169,removed,143,0
169,removed,144,0
169,removed,145,0
169,removed,146,1
169,removed,147,0
169,removed,148,0
169,removed,149,0
169,removed,150,0
169,removed,151,3
169,removed,152,0
169,removed,153,0
169,removed,154,0
169,removed,155,0
169,removed,156,0
169,removed,157,0
169,removed,158,0
169,removed,159,0
169,removed,160,0
169,removed,161,0
169,removed,162,0
169,removed,163,0
169,removed,164,0
169,removed,165,0
169,removed,166,2
169,removed,167,0
169,removed,168,0
169,live,0,0
169,live,1,34704
169,live,2,12540
169,live,3,10278
169,live,4,6154
169,live,5,1272
169,live,6,713
169,live,7,393
169,live,8,248
169,live,9,181
169,live,10,122
169,live,11,101
169,live,12,70
169,live,13,79
169,live,14,73
169,live,15,77
169,live,16,94
169,live,17,118
169,live,18,89
169,live,19,112
169,live,20,96
169,live,21,98
169,live,22,118
169,live,23,105
169,live,24,114
169,live,25,127
169,live,26,122
169,live,27,299
169,live,28,99
169,live,29,129
169,live,30,63
169,live,31,128
169,live,32,70
169,live,33,95
169,live,34,96
169,live,35,57
169,live,36,20
169,live,37,193
169,live,38,236
169,live,39,421
169,live,40,1177
169,live,41,2531
169,live,42,2058
169,live,43,1521
169,live,44,2316
169,live,45,1151
169,live,46,1006
169,live,47,718
169,live,48,61
169,live,49,34
169,live,50,16
169,live,51,5
169,live,52,6
169,live,53,6
169,live,54,8
169,live,55,5
169,live,56,7
169,live,57,5
169,live,58,8
169,live,59,4
169,live,60,23
169,live,61,8
169,live,62,6
169,live,63,9
169,live,64,12
169,live,65,14
169,live,66,26
169,live,67,30
169,live,68,41
169,live,69,12
169,live,70,30
169,live,71,30
169,live,72,33
169,live,73,25
169,live,74,39
169,live,75,39
169,live,76,30
169,live,77,43
169,live,78,27
169,live,79,11
169,live,80,9
169,live,81,31
169,live,82,146
169,live,83,145
169,live,84,575
169,live,85,943
169,live,86,630
169,live,87,661
169,live,88,520
169,live,89,376
169,live,90,144
169,live,91,49
169,live,92,24
169,live,93,13
169,live,94,4
169,live,95,1
169,live,96,3
169,live,97,2
169,live,98,1
169,live,99,3
169,live,100,1
169,live,101,2
169,live,102,5
169,live,103,9
169,live,104,4
169,live,105,4
169,live,106,3
169,live,107,7
169,live,108,3
169,live,109,4
169,live,110,6
169,live,111,7
169,live,112,32
169,live,113,15
169,live,114,10
169,live,115,9
169,live,116,19
169,live,117,26
169,live,118,34
169,live,119,20
169,live,120,24
169,live,121,7
169,live,122,11
169,live,123,26
169,live,124,40
169,live,125,55
169,live,126,142
169,live,127,374
169,live,128,483
169,live,129,197
169,live,130,338
169,live,131,208
169,live,132,62
169,live,133,40
169,live,134,7
169,live,135,13
169,live,136,4
169,live,137,0
169,live,138,2
169,live,139,0
169,live,140,0
169,live,141,7
169,live,142,0
169,live,143,0
169,live,144,0
169,live,145,0
169,live,146,2
169,live,147,1
169,live,148,0
169,live,149,0
169,live,150,0
169,live,151,1
169,live,152,1
169,live,153,1
169,live,154,0
169,live,155,0
169,live,156,0
169,live,157,0
169,live,158,1
169,live,159,0
169,live,160,0
169,live,161,1
169,live,162,1
169,live,163,2
169,live,164,1
169,live,165,0
169,live,166,23
169,live,167,18
169,live,168,4
169,live,169,1
170,removed,0,19571
170,removed,1,16660
170,removed,2,4683
170,removed,3,4441
170,removed,4,2029
170,removed,5,550
170,removed,6,251
170,removed,7,150
170,removed,8,66
170,removed,9,64
170,removed,10,49
170,removed,11,34
170,removed,12,27
170,removed,13,24
170,removed,14,20
170,removed,15,21
170,removed,16,28
170,removed,17,43
170,removed,18,25
170,removed,19,31
170,removed,20,22
170,removed,21,23
170,removed,22,17
170,removed,23,23
170,removed,24,25
170,removed,25,35
170,removed,26,30
170,removed,27,69
170,removed,28,27
170,removed,29,20
170,removed,30,6
170,removed,31,22
170,removed,32,12
170,removed,33,7
170,removed,34,23
170,removed,35,23
170,removed,36,6
170,removed,37,81
170,removed,38,86
170,removed,39,136
170,removed,40,378
170,removed,41,625
170,removed,42,570
170,removed,43,301
170,removed,44,648
170,removed,45,214
170,removed,46,221
170,removed,47,153
170,removed,48,6
170,removed,49,11
170,removed,50,6
170,removed,51,0
170,removed,52,0
170,removed,53,0
170,removed,54,2
170,removed,55,0
170,removed,56,2
170,removed,57,3
170,removed,58,3
170,removed,59,1
170,removed,60,1
170,removed,61,4
170,removed,62,3
170,removed,63,1
170,removed,64,5
170,removed,65,3
170,removed,66,3
170,removed,67,8
170,removed,68,10
170,removed,69,6
170,removed,70,4
170,removed,71,3
170,removed,72,4
170,removed,73,8
170,removed,74,7
170,removed,75,4
170,removed,76,6
170,removed,77,6
170,removed,78,2
170,removed,79,1
170,removed,80,3
170,removed,81,7
170,removed,82,42
170,removed,83,17
170,removed,84,113
170,removed,85,163
170,removed,86,71
170,removed,87,115
170,removed,88,59
170,removed,89,64
170,removed,90,22
170,removed,91,4
170,removed,92,1
170,removed,93,6
170,removed,94,0
170,removed,95,0
170,removed,96,1
170,removed,97,0
170,removed,98,1
170,removed,99,0
170,removed,100,0
170,removed,101,0
170,removed,102,4
170,removed,103,7
170,removed,104,1
170,removed,105,2
170,removed,106,1
170,removed,107,1
170,removed,108,0
170,removed,109,0
170,removed,110,1
170,removed,111,0
170,removed,112,17
170,removed,113,2
170,removed,114,4
170,removed,115,2
170,removed,116,2
170,removed,117,3
170,removed,118,4
170,removed,119,2
170,removed,120,4
170,removed,121,0
170,removed,122,2
170,removed,123,2
170,removed,124,4
170,removed,125,13
170,removed,126,26
170,removed,127,56
170,removed,128,55
170,removed,129,36
170,removed,130,37
170,removed,131,22
170,removed,132,12
170,removed,133,7
170,removed,134,0
170,removed,135,0
170,removed,136,0
170,removed,137,0
170,removed,138,0
170,removed,139,0
170,removed,140,0
170,removed,141,4
170,removed,142,0
170,removed,143,0
170,removed,144,0
170,removed,145,0
170,removed,146,0
170,removed,147,0
170,removed,148,0
170,removed,149,0
170,removed,150,0
170,removed,151,0
170,removed,152,0
170,removed,153,0
170,removed,154,0
170,removed,155,0
170,removed,156,0
170,removed,157,0
170,removed,158,0
170,removed,159,0
170,removed,160,0
170,removed,161,0
170,removed,162,0
170,removed,163,1
170,removed,164,0
170,removed,165,0
170,removed,166,6
170,removed,167,2
170,removed,168,2
170,removed,169,0
170,live,0,0
170,live,1,28483
170,live,2,18044
170,live,3,7857
170,live,4,5837
170,live,5,4125
170,live,6,722
170,live,7,462
170,live,8,243
170,live,9,182
170,live,10,117
170,live,11,73
170,live,12,67
170,live,13,43
170,live,14,55
170,live,15,53
170,live,16,56
170,live,17,66
170,live,18,75
170,live,19,64
170,live,20,81
170,live,21,74
170,live,22,75
170,live,23,101
170,live,24,82
170,live,25,89
170,live,26,92
170,live,27,92
170,live,28,230
170,live,29,72
170,live,30,109
170,live,31,57
170,live,32,106
170,live,33,58
170,live,34,88
170,live,35,73
170,live,36,34
170,live,37,14
170,live,38,112
170,live,39,150
170,live,40,285
170,live,41,799
170,live,42,1906
170,live,43,1488
170,live,44,1220
170,live,45,1668
170,live,46,937
170,live,47,785
170,live,48,565
170,live,49,55
170,live,50,23
170,live,51,10
170,live,52,5
170,live,53,6
170,live,54,6
170,live,55,6
170,live,56,5
170,live,57,5
170,live,58,2
170,live,59,5
170,live,60,3
170,live,61,22
170,live,62,4
170,live,63,3
170,live,64,8
170,live,65,7
170,live,66,11
170,live,67,23
170,live,68,22
170,live,69,31
170,live,70,6
170,live,71,26
170,live,72,27
170,live,73,29
170,live,74,17
170,live,75,32
170,live,76,35
170,live,77,24
170,live,78,37
170,live,79,25
170,live,80,10
170,live,81,6
170,live,82,24
170,live,83,104
170,live,84,128
170,live,85,462
170,live,86,780
170,live,87,559
170,live,88,546
170,live,89,461
170,live,90,312
170,live,91,122
170,live,92,45
170,live,93,23
170,live,94,7
170,live,95,4
170,live,96,1
170,live,97,2
170,live,98,2
170,live,99,0
170,live,100,3
170,live,101,1
170,live,102,2
170,live,103,1
170,live,104,2
170,live,105,3
170,live,106,2
170,live,107,2
170,live,108,6
170,live,109,3
170,live,110,4
170,live,111,5
170,live,112,7
170,live,113,15
170,live,114,13
170,live,115,6
170,live,116,7
170,live,117,17
170,live,118,23
170,live,119,30
170,live,120,18
170,live,121,20
170,live,122,7
170,live,123,9
170,live,124,24
170,live,125,36
170,live,126,42
170,live,127,116
170,live,128,318
170,live,129,428
170,live,130,161
170,live,131,301
170,live,132,186
170,live,133,50
170,live,134,33
170,live,135,7
170,live,136,13
170,live,137,4
170,live,138,0
170,live,139,2
170,live,140,0
170,live,141,0
170,live,142,3
170,live,143,0
170,live,144,0
170,live,145,0
170,live,146,0
170,live,147,2
170,live,148,1
170,live,149,0
170,live,150,0
170,live,151,0
170,live,152,1
170,live,153,1
170,live,154,1
170,live,155,0
170,live,156,0
170,live,157,0
170,live,158,0
170,live,159,1
170,live,160,0
170,live,161,0
170,live,162,1
170,live,163,1
170,live,164,1
170,live,165,1
170,live,166,0
170,live,167,17
170,live,168,16
170,live,169,2
170,live,170,1
171,removed,0,17174
171,removed,1,12615
171,removed,2,4897
171,removed,3,2856
171,removed,4,1100
171,removed,5,966
171,removed,6,233
171,removed,7,102
171,removed,8,45
171,removed,9,39
171,removed,10,27
171,removed,11,26
171,removed,12,24
171,removed,13,8
171,removed,14,9
171,removed,15,9
171,removed,16,8
171,removed,17,8
171,removed,18,13
171,removed,19,10
171,removed,20,14
171,removed,21,13
171,removed,22,7
171,removed,23,14
171,removed,24,15
171,removed,25,16
171,removed,26,12
171,removed,27,9
171,removed,28,21
171,removed,29,14
171,removed,30,8
171,removed,31,5
171,removed,32,6
171,removed,33,3
171,removed,34,6
171,removed,35,7
171,removed,36,8
171,removed,37,2
171,removed,38,38
171,removed,39,23
171,removed,40,52
171,removed,41,42
171,removed,42,346
171,removed,43,177
171,removed,44,210
171,removed,45,128
171,removed,46,94
171,removed,47,65
171,removed,48,63
171,removed,49,19
171,removed,50,0
171,removed,51,0
171,removed,52,1
171,removed,53,3
171,removed,54,3
171,removed,55,0
171,removed,56,1
171,removed,57,2
171,removed,58,1
171,removed,59,1
171,removed,60,1
171,removed,61,1
171,removed,62,1
171,removed,63,0
171,removed,64,1
171,removed,65,1
171,removed,66,2
171,removed,67,7
171,removed,68,6
171,removed,69,4
171,removed,70,2
171,removed,71,5
171,removed,72,11
171,removed,73,5
171,removed,74,3
171,removed,75,10
171,removed,76,1
171,removed,77,5
171,removed,78,8
171,removed,79,0
171,removed,80,0
171,removed,81,0
171,removed,82,1
171,removed,83,9
171,removed,84,12
171,removed,85,73
171,removed,86,22
171,removed,87,61
171,removed,88,24
171,removed,89,39
171,removed,90,22
171,removed,91,3
171,removed,92,1
171,removed,93,1
171,removed,94,2
171,removed,95,2
171,removed,96,0
171,removed,97,0
171,removed,98,1
171,removed,99,0
171,removed,100,0
171,removed,101,0
171,removed,102,0
171,removed,103,0
171,removed,104,1
171,removed,105,1
171,removed,106,1
171,removed,107,0
171,removed,108,3
171,removed,109,2
171,removed,110,0
171,removed,111,0
171,removed,112,0
171,removed,113,0
171,removed,114,1
171,removed,115,2
171,removed,116,0
171,removed,117,2
171,removed,118,1
171,removed,119,0
171,removed,120,3
171,removed,121,2
171,removed,122,0
171,removed,123,0
171,removed,124,0
171,removed,125,1
171,removed,126,0
171,removed,127,11
171,removed,128,46
171,removed,129,32
171,removed,130,18
171,removed,131,30
171,removed,132,18
171,removed,133,0
171,removed,134,0
171,removed,135,0
171,removed,136,0
171,removed,137,0
171,removed,138,0
171,removed,139,0
171,removed,140,0
171,removed,141,0
171,removed,142,0
171,removed,143,0
171,removed,144,0
171,removed,145,0
171,removed,146,0
171,removed,147,0
171,removed,148,0
171,removed,149,0
171,removed,150,0
171,removed,151,0
171,removed,152,0
171,removed,153,0
171,removed,154,0
171,removed,155,0
171,removed,156,0
171,removed,157,0
171,removed,158,0
171,removed,159,0
171,removed,160,0
171,removed,161,0
171,removed,162,0
171,removed,163,0
171,removed,164,0
171,removed,165,0
171,removed,166,0
171,removed,167,0
171,removed,168,0
171,removed,169,0
171,removed,170,0
171,live,0,0
171,live,1,35880
171,live,2,15868
171,live,3,13147
171,live,4,5001
171,live,5,4737
171,live,6,3159
171,live,7,489
171,live,8,360
171,live,9,198
171,live,10,143
171,live,11,90
171,live,12,47
171,live,13,43
171,live,14,35
171,live,15,46
171,live,16,44
171,live,17,48
171,live,18,58
171,live,19,62
171,live,20,54
171,live,21,67
171,live,22,61
171,live,23,68
171,live,24,87
171,live,25,67
171,live,26,73
171,live,27,80
171,live,28,83
171,live,29,209
171,live,30,58
171,live,31,101
171,live,32,52
171,live,33,100
171,live,34,55
171,live,35,82
171,live,36,66
171,live,37,26
171,live,38,12
171,live,39,74
171,live,40,127
171,live,41,233
171,live,42,757
171,live,43,1560
171,live,44,1311
171,live,45,1010
171,live,46,1540
171,live,47,843
171,live,48,720
171,live,49,502
171,live,50,36
171,live,51,23
171,live,52,10
171,live,53,4
171,live,54,3
171,live,55,3
171,live,56,6
171,live,57,4
171,live,58,3
171,live,59,1
171,live,60,4
171,live,61,2
171,live,62,21
171,live,63,3
171,live,64,3
171,live,65,7
171,live,66,6
171,live,67,9
171,live,68,16
171,live,69,16
171,live,70,27
171,live,71,4
171,live,72,21
171,live,73,16
171,live,74,24
171,live,75,14
171,live,76,22
171,live,77,34
171,live,78,19
171,live,79,29
171,live,80,25
171,live,81,10
171,live,82,6
171,live,83,23
171,live,84,95
171,live,85,116
171,live,86,389
171,live,87,758
171,live,88,498
171,live,89,522
171,live,90,422
171,live,91,290
171,live,92,119
171,live,93,44
171,live,94,22
171,live,95,5
171,live,96,2
171,live,97,1
171,live,98,2
171,live,99,1
171,live,100,0
171,live,101,3
171,live,102,1
171,live,103,2
171,live,104,1
171,live,105,1
171,live,106,2
171,live,107,1
171,live,108,2
171,live,109,3
171,live,110,1
171,live,111,4
171,live,112,5
171,live,113,7
171,live,114,15
171,live,115,12
171,live,116,4
171,live,117,7
171,live,118,15
171,live,119,22
171,live,120,30
171,live,121,15
171,live,122,18
171,live,123,7
171,live,124,9
171,live,125,24
171,live,126,35
171,live,127,42
171,live,128,105
171,live,129,272
171,live,130,396
171,live,131,143
171,live,132,271
171,live,133,168
171,live,134,50
171,live,135,33
171,live,136,7
171,live,137,13
171,live,138,4
171,live,139,0
171,live,140,2
171,live,141,0
171,live,142,0
171,live,143,3
171,live,144,0
171,live,145,0
171,live,146,0
171,live,147,0
171,live,148,2
171,live,149,1
171,live,150,0
171,live,151,0
171,live,152,0
171,live,153,1
171,live,154,1
171,live,155,1
171,live,156,0
171,live,157,0
171,live,158,0
171,live,159,0
171,live,160,1
171,live,161,0
171,live,162,0
171,live,163,1
171,live,164,1
171,live,165,1
171,live,166,1
171,live,167,0
171,live,168,17
171,live,169,16
171,live,170,2
171,live,171,1
172,removed,0,17720
172,removed,1,17066
172,removed,2,4857
172,removed,3,5688
172,removed,4,1168
172,removed,5,1860
172,removed,6,806
172,removed,7,100
172,removed,8,92
172,removed,9,48
172,removed,10,41
172,removed,11,21
172,removed,12,20
172,removed,13,13
172,removed,14,9
172,removed,15,11
172,removed,16,9
172,removed,17,12
172,removed,18,16
172,removed,19,16
172,removed,20,16
172,removed,21,15
172,removed,22,9
172,removed,23,17
172,removed,24,9
172,removed,25,9
172,removed,26,13
172,removed,27,21
172,removed,28,17
172,removed,29,43
172,removed,30,14
172,removed,31,30
172,removed,32,13
172,removed,33,16
172,removed,34,4
172,removed,35,8
172,removed,36,11
172,removed,37,5
172,removed,38,5
172,removed,39,6
172,removed,40,35
172,removed,41,58
172,removed,42,274
172,removed,43,243
172,removed,44,387
172,removed,45,240
172,removed,46,321
172,removed,47,155
172,removed,48,147
172,removed,49,89
172,removed,50,8
172,removed,51,3
172,removed,52,1
172,removed,53,0
172,removed,54,0
172,removed,55,0
172,removed,56,2
172,removed,57,1
172,removed,58,1
172,removed,59,0
172,removed,60,2
172,removed,61,0
172,removed,62,2
172,removed,63,1
172,removed,64,1
172,removed,65,2
172,removed,66,1
172,removed,67,6
172,removed,68,4
172,removed,69,4
172,removed,70,13
172,removed,71,1
172,removed,72,6
172,removed,73,2
172,removed,74,2
172,removed,75,0
172,removed,76,0
172,removed,77,3
172,removed,78,3
172,removed,79,7
172,removed,80,6
172,removed,81,2
172,removed,82,0
172,removed,83,4
172,removed,84,15
172,removed,85,14
172,removed,86,72
172,removed,87,197
172,removed,88,97
172,removed,89,119
172,removed,90,87
172,removed,91,59
172,removed,92,27
172,removed,93,9
172,removed,94,2
172,removed,95,0
172,removed,96,0
172,removed,97,0
172,removed,98,0
172,removed,99,0
172,removed,100,0
172,removed,101,1
172,removed,102,0
172,removed,103,0
172,removed,104,0
172,removed,105,0
172,removed,106,0
172,removed,107,0
172,removed,108,0
172,removed,109,1
172,removed,110,0
172,removed,111,2
172,removed,112,0
172,removed,113,0
172,removed,114,4
172,removed,115,2
172,removed,116,2
172,removed,117,4
172,removed,118,1
172,removed,119,3
172,removed,120,4
172,removed,121,1
172,removed,122,1
172,removed,123,0
172,removed,124,0
172,removed,125,3
172,removed,126,8
172,removed,127,9
172,removed,128,28
172,removed,129,64
172,removed,130,81
172,removed,131,27
172,removed,132,46
172,removed,133,46
172,removed,134,15
172,removed,135,16
172,removed,136,1
172,removed,137,3
172,removed,138,0
172,removed,139,0
172,removed,140,0
172,removed,141,0
172,removed,142,0
172,removed,143,0
172,removed,144,0
172,removed,145,0
172,removed,146,0
172,removed,147,0
172,removed,148,0
172,removed,149,1
172,removed,150,0
172,removed,151,0
172,removed,152,0
172,removed,153,0
172,removed,154,0
172,removed,155,0
172,removed,156,0
172,removed,157,0
172,removed,158,0
172,removed,159,0
172,removed,160,0
172,removed,161,0
172,removed,162,0
172,removed,163,0
172,removed,164,0
172,removed,165,0
172,removed,166,0
172,removed,167,0
172,removed,168,5
172,removed,169,4
172,removed,170,0
172,removed,171,1
172,live,0,0
172,live,1,32993
172,live,2,18814
172,live,3,11011
172,live,4,7459
172,live,5,3833
172,live,6,2877
172,live,7,2353
172,live,8,389
172,live,9,268
172,live,10,150
172,live,11,102
172,live,12,69
172,live,13,27
172,live,14,30
172,live,15,26
172,live,16,35
172,live,17,35
172,live,18,36
172,live,19,42
172,live,20,46
172,live,21,38
172,live,22,52
172,live,23,52
172,live,24,51
172,live,25,78
172,live,26,58
172,live,27,60
172,live,28,59
172,live,29,66
172,live,30,166
172,live,31,44
172,live,32,71
172,live,33,39
172,live,34,84
172,live,35,51
172,live,36,74
172,live,37,55
172,live,38,21
172,live,39,7
172,live,40,68
172,live,41,92
172,live,42,175
172,live,43,483
172,live,44,1317
172,live,45,924
172,live,46,770
172,live,47,1219
172,live,48,688
172,live,49,573
172,live,50,413
172,live,51,28
172,live,52,20
172,live,53,9
172,live,54,4
172,live,55,3
172,live,56,3
172,live,57,4
172,live,58,3
172,live,59,2
172,live,60,1
172,live,61,2
172,live,62,2
172,live,63,19
172,live,64,2
172,live,65,2
172,live,66,5
172,live,67,5
172,live,68,3
172,live,69,12
172,live,70,12
172,live,71,14
172,live,72,3
172,live,73,15
172,live,74,14
172,live,75,22
172,live,76,14
172,live,77,22
172,live,78,31
172,live,79,16
172,live,80,22
172,live,81,19
172,live,82,8
172,live,83,6
172,live,84,19
172,live,85,80
172,live,86,102
172,live,87,317
172,live,88,561
172,live,89,401
172,live,90,403
172,live,91,335
172,live,92,231
172,live,93,92
172,live,94,35
172,live,95,20
172,live,96,5
172,live,97,2
172,live,98,1
172,live,99,2
172,live,100,1
172,live,101,0
172,live,102,2
172,live,103,1
172,live,104,2
172,live,105,1
172,live,106,1
172,live,107,2
172,live,108,1
172,live,109,2
172,live,110,2
172,live,111,1
172,live,112,2
172,live,113,5
172,live,114,7
172,live,115,11
172,live,116,10
172,live,117,2
172,live,118,3
172,live,119,14
172,live,120,19
172,live,121,26
172,live,122,14
172,live,123,17
172,live,124,7
172,live,125,9
172,live,126,21
172,live,127,27
172,live,128,33
172,live,129,77
172,live,130,208
172,live,131,315
172,live,132,116
172,live,133,225
172,live,134,122
172,live,135,35
172,live,136,17
172,live,137,6
172,live,138,10
172,live,139,4
172,live,140,0
172,live,141,2
172,live,142,0
172,live,143,0
172,live,144,3
172,live,145,0
172,live,146,0
172,live,147,0
172,live,148,0
172,live,149,2
172,live,150,0
172,live,151,0
172,live,152,0
172,live,153,0
172,live,154,1
172,live,155,1
172,live,156,1
172,live,157,0
172,live,158,0
172,live,159,0
172,live,160,0
172,live,161,1
172,live,162,0
172,live,163,0
172,live,164,1
172,live,165,1
172,live,166,1
172,live,167,1
172,live,168,0
172,live,169,12
172,live,170,12
172,live,171,2
172,live,172,0
173,removed,0,16766
173,removed,1,11264
173,removed,2,4986
173,removed,3,2496
173,removed,4,1505
173,removed,5,498
173,removed,6,423
173,removed,7,244
173,removed,8,125
173,removed,9,50
173,removed,10,23
173,removed,11,25
173,removed,12,17
173,removed,13,1
173,removed,14,4
173,removed,15,3
173,removed,16,3
173,removed,17,4
173,removed,18,2
173,removed,19,2
173,removed,20,5
173,removed,21,5
173,removed,22,4
173,removed,23,3
173,removed,24,2
173,removed,25,8
173,removed,26,3
173,removed,27,13
173,removed,28,5
173,removed,29,8
173,removed,30,46
173,removed,31,7
173,removed,32,22
173,removed,33,4
173,removed,34,21
173,removed,35,12
173,removed,36,23
173,removed,37,9
173,removed,38,4
173,removed,39,3
173,removed,40,16
173,removed,41,33
173,removed,42,56
173,removed,43,79
173,removed,44,39
173,removed,45,53
173,removed,46,32
173,removed,47,31
173,removed,48,11
173,removed,49,11
173,removed,50,6
173,removed,51,1
173,removed,52,0
173,removed,53,1
173,removed,54,0
173,removed,55,0
173,removed,56,0
173,removed,57,0
173,removed,58,0
173,removed,59,0
173,removed,60,1
173,removed,61,1
173,removed,62,1
173,removed,63,14
173,removed,64,1
173,removed,65,1
173,removed,66,1
173,removed,67,3
173,removed,68,0
173,removed,69,1
173,removed,70,2
173,removed,71,2
173,removed,72,0
173,removed,73,0
173,removed,74,1
173,removed,75,4
173,removed,76,0
173,removed,77,0
173,removed,78,0
173,removed,79,0
173,removed,80,0
173,removed,81,0
173,removed,82,0
173,removed,83,0
173,removed,84,0
173,removed,85,8
173,removed,86,2
173,removed,87,9
173,removed,88,18
173,removed,89,2
173,removed,90,8
173,removed,91,3
173,removed,92,1
173,removed,93,2
173,removed,94,0
173,removed,95,0
173,removed,96,0
173,removed,97,0
173,removed,98,0
173,removed,99,0
173,removed,100,0
173,removed,101,0
173,removed,102,0
173,removed,103,0
173,removed,104,0
173,removed,105,0
173,removed,106,0
173,removed,107,0
173,removed,108,0
173,removed,109,0
173,removed,110,0
173,removed,111,0
173,removed,112,0
173,removed,113,1
173,removed,114,1
173,removed,115,0
173,removed,116,0
173,removed,117,0
173,removed,118,0
173,removed,119,0
173,removed,120,0
173,removed,121,1
173,removed,122,0
173,removed,123,0
173,removed,124,0
173,removed,125,1
173,removed,126,0
173,removed,127,2
173,removed,128,1
173,removed,129,3
173,removed,130,4
173,removed,131,2
173,removed,132,1
173,removed,133,1
173,removed,134,0
173,removed,135,0
173,removed,136,0
173,removed,137,0
173,removed,138,0
173,removed,139,0
173,removed,140,0
173,removed,141,0
173,removed,142,0
173,removed,143,0
173,removed,144,0
173,removed,145,0
173,removed,146,0
173,removed,147,0
173,removed,148,0
173,removed,149,0
173,removed,150,0
173,removed,151,0
173,removed,152,0
173,removed,153,0
173,removed,154,0
173,removed,155,0
173,removed,156,0
173,removed,157,0
173,removed,158,0
173,removed,159,0
173,removed,160,0
173,removed,161,0
173,removed,162,0
173,removed,163,0
173,removed,164,0
173,removed,165,0
173,removed,166,0
173,removed,167,0
173,removed,168,0
173,removed,169,0
173,removed,170,0
173,removed,171,0
173,removed,172,0
173,live,0,0
173,live,1,35307
173,live,2,21729
173,live,3,13828
173,live,4,8515
173,live,5,5954
173,live,6,3335
173,live,7,2454
173,live,8,2109
173,live,9,264
173,live,10,218
173,live,11,127
173,live,12,77
173,live,13,52
173,live,14,26
173,live,15,26
173,live,16,23
173,live,17,32
173,live,18,31
173,live,19,34
173,live,20,40
173,live,21,41
173,live,22,33
173,live,23,48
173,live,24,49
173,live,25,49
173,live,26,70
173,live,27,55
173,live,28,47
173,live,29,54
173,live,30,58
173,live,31,120
173,live,32,37
173,live,33,49
173,live,34,35
173,live,35,63
173,live,36,39
173,live,37,51
173,live,38,46
173,live,39,17
173,live,40,4
173,live,41,52
173,live,42,59
173,live,43,119
173,live,44,404
173,live,45,1278
173,live,46,871
173,live,47,738
173,live,48,1188
173,live,49,677
173,live,50,562
173,live,51,407
173,live,52,27
173,live,53,20
173,live,54,8
173,live,55,4
173,live,56,3
173,live,57,3
173,live,58,4
173,live,59,3
173,live,60,2
173,live,61,0
173,live,62,1
173,live,63,1
173,live,64,5
173,live,65,1
173,live,66,1
173,live,67,4
173,live,68,2
173,live,69,3
173,live,70,11
173,live,71,10
173,live,72,12
173,live,73,3
173,live,74,15
173,live,75,13
173,live,76,18
173,live,77,14
173,live,78,22
173,live,79,31
173,live,80,16
173,live,81,22
173,live,82,19
173,live,83,8
173,live,84,6
173,live,85,19
173,live,86,72
173,live,87,100
173,live,88,308
173,live,89,543
173,live,90,399
173,live,91,395
173,live,92,332
173,live,93,230
173,live,94,90
173,live,95,35
173,live,96,20
173,live,97,5
173,live,98,2
173,live,99,1
173,live,100,2
173,live,101,1
173,live,102,0
173,live,103,2
173,live,104,1
173,live,105,2
173,live,106,1
173,live,107,1
173,live,108,2
173,live,109,1
173,live,110,2
173,live,111,2
173,live,112,1
173,live,113,2
173,live,114,4
173,live,115,6
173,live,116,11
173,live,117,10
173,live,118,2
173,live,119,3
173,live,120,14
173,live,121,19
173,live,122,25
173,live,123,14
173,live,124,17
173,live,125,7
173,live,126,8
173,live,127,21
173,live,128,25
173,live,129,32
173,live,130,74
173,live,131,204
173,live,132,313
173,live,133,115
173,live,134,224
173,live,135,122
173,live,136,35
173,live,137,17
173,live,138,6
173,live,139,10
173,live,140,4
173,live,141,0
173,live,142,2
173,live,143,0
173,live,144,0
173,live,145,3
173,live,146,0
173,live,147,0
173,live,148,0
173,live,149,0
173,live,150,2
173,live,151,0
173,live,152,0
173,live,153,0
173,live,154,0
173,live,155,1
173,live,156,1
173,live,157,1
173,live,158,0
173,live,159,0
173,live,160,0
173,live,161,0
173,live,162,1
173,live,163,0
173,live,164,0
173,live,165,1
173,live,166,1
173,live,167,1
173,live,168,1
173,live,169,0
173,live,170,12
173,live,171,12
173,live,172,2
173,live,173,0
174,removed,0,16393
174,removed,1,15592
174,removed,2,4313
174,removed,3,4539
174,removed,4,1316
174,removed,5,1361
174,removed,6,327
174,removed,7,538
174,removed,8,304
174,removed,9,63
174,removed,10,40
174,removed,11,35
174,removed,12,23
174,removed,13,14
174,removed,14,4
174,removed,15,5
174,removed,16,3
174,removed,17,3
174,removed,18,6
174,removed,19,3
174,removed,20,10
174,removed,21,13
174,removed,22,2
174,removed,23,6
174,removed,24,6
174,removed,25,11
174,removed,26,11
174,removed,27,11
174,removed,28,5
174,removed,29,4
174,removed,30,6
174,removed,31,20
174,removed,32,3
174,removed,33,4
174,removed,34,0
174,removed,35,7
174,removed,36,3
174,removed,37,6
174,removed,38,5
174,removed,39,5
174,removed,40,1
174,removed,41,22
174,removed,42,15
174,removed,43,28
174,removed,44,139
174,removed,45,30
174,removed,46,140
174,removed,47,45
174,removed,48,104
174,removed,49,13
174,removed,50,67
174,removed,51,33
174,removed,52,0
174,removed,53,0
174,removed,54,0
174,removed,55,0
174,removed,56,1
174,removed,57,1
174,removed,58,1
174,removed,59,1
174,removed,60,0
174,removed,61,0
174,removed,62,0
174,removed,63,1
174,removed,64,0
174,removed,65,0
174,removed,66,0
174,removed,67,0
174,removed,68,0
174,removed,69,1
174,removed,70,1
174,removed,71,0
174,removed,72,0
174,removed,73,0
174,removed,74,0
174,removed,75,1
174,removed,76,2
174,removed,77,1
174,removed,78,1
174,removed,79,2
174,removed,80,4
174,removed,81,0
174,removed,82,1
174,removed,83,1
174,removed,84,1
174,removed,85,2
174,removed,86,28
174,removed,87,3
174,removed,88,45
174,removed,89,42
174,removed,90,53
174,removed,91,21
174,removed,92,20
174,removed,93,22
174,removed,94,4
174,removed,95,2
174,removed,96,3
174,removed,97,1
174,removed,98,0
174,removed,99,0
174,removed,100,0
174,removed,101,0
174,removed,102,0
174,removed,103,0
174,removed,104,0
174,removed,105,0
174,removed,106,0
174,removed,107,0
174,removed,108,0
174,removed,109,0
174,removed,110,0
174,removed,111,0
174,removed,112,0
174,removed,113,0
174,removed,114,0
174,removed,115,0
174,removed,116,0
174,removed,117,0
174,removed,118,0
174,removed,119,0
174,removed,120,0
174,removed,121,4
174,removed,122,3
174,removed,123,1
174,removed,124,0
174,removed,125,0
174,removed,126,0
174,removed,127,2
174,removed,128,1
174,removed,129,3
174,removed,130,4
174,removed,131,4
174,removed,132,8
174,removed,133,7
174,removed,134,16
174,removed,135,5
174,removed,136,1
174,removed,137,5
174,removed,138,0
174,removed,139,1
174,removed,140,0
174,removed,141,0
174,removed,142,0
174,removed,143,0
174,removed,144,0
174,removed,145,0
174,removed,146,0
174,removed,147,0
174,removed,148,0
174,removed,149,0
174,removed,150,0
174,removed,151,0
174,removed,152,0
174,removed,153,0
174,removed,154,0
174,removed,155,0
174,removed,156,0
174,removed,157,0
174,removed,158,0
174,removed,159,0
174,removed,160,0
174,removed,161,0
174,removed,162,0
174,removed,163,0
174,removed,164,0
174,removed,165,0
174,removed,166,0
174,removed,167,0
174,removed,168,0
174,removed,169,0
174,removed,170,0
174,removed,171,0
174,removed,172,0
174,removed,173,0
174,live,0,0
174,live,1,35380
174,live,2,19715
174,live,3,17416
174,live,4,9289
174,live,5,7199
174,live,6,4593
174,live,7,3008
174,live,8,1916
174,live,9,1805
174,live,10,201
174,live,11,178
174,live,12,92
174,live,13,54
174,live,14,38
174,live,15,22
174,live,16,21
174,live,17,20
174,live,18,29
174,live,19,25
174,live,20,31
174,live,21,30
174,live,22,28
174,live,23,31
174,live,24,42
174,live,25,43
174,live,26,38
174,live,27,59
174,live,28,44
174,live,29,42
174,live,30,50
174,live,31,52
174,live,32,100
174,live,33,34
174,live,34,45
174,live,35,35
174,live,36,56
174,live,37,36
174,live,38,45
174,live,39,41
174,live,40,12
174,live,41,3
174,live,42,30
174,live,43,44
174,live,44,91
174,live,45,265
174,live,46,1248
174,live,47,731
174,live,48,693
174,live,49,1084
174,live,50,664
174,live,51,495
174,live,52,374
174,live,53,27
174,live,54,20
174,live,55,8
174,live,56,4
174,live,57,2
174,live,58,2
174,live,59,3
174,live,60,2
174,live,61,2
174,live,62,0
174,live,63,1
174,live,64,0
174,live,65,5
174,live,66,1
174,live,67,1
174,live,68,4
174,live,69,2
174,live,70,2
174,live,71,10
174,live,72,10
174,live,73,12
174,live,74,3
174,live,75,15
174,live,76,12
174,live,77,16
174,live,78,13
174,live,79,21
174,live,80,29
174,live,81,12
174,live,82,22
174,live,83,18
174,live,84,7
174,live,85,5
174,live,86,17
174,live,87,44
174,live,88,97
174,live,89,263
174,live,90,501
174,live,91,346
174,live,92,374
174,live,93,312
174,live,94,208
174,live,95,86
174,live,96,33
174,live,97,17
174,live,98,4
174,live,99,2
174,live,100,1
174,live,101,2
174,live,102,1
174,live,103,0
174,live,104,2
174,live,105,1
174,live,106,2
174,live,107,1
174,live,108,1
174,live,109,2
174,live,110,1
174,live,111,2
174,live,112,2
174,live,113,1
174,live,114,2
174,live,115,4
174,live,116,6
174,live,117,11
174,live,118,10
174,live,119,2
174,live,120,3
174,live,121,14
174,live,122,15
174,live,123,22
174,live,124,13
174,live,125,17
174,live,126,7
174,live,127,8
174,live,128,19
174,live,129,24
174,live,130,29
174,live,131,70
174,live,132,200
174,live,133,305
174,live,134,108
174,live,135,208
174,live,136,117
174,live,137,34
174,live,138,12
174,live,139,6
174,live,140,9
174,live,141,4
174,live,142,0
174,live,143,2
174,live,144,0
174,live,145,0
174,live,146,3
174,live,147,0
174,live,148,0
174,live,149,0
174,live,150,0
174,live,151,2
174,live,152,0
174,live,153,0
174,live,154,0
174,live,155,0
174,live,156,1
174,live,157,1
174,live,158,1
174,live,159,0
174,live,160,0
174,live,161,0
174,live,162,0
174,live,163,1
174,live,164,0
174,live,165,0
174,live,166,1
174,live,167,1
174,live,168,1
174,live,169,1
174,live,170,0
174,live,171,12
174,live,172,12
174,live,173,2
174,live,174,0
175,removed,0,17004
175,removed,1,14886
175,removed,2,5785
175,removed,3,3201
175,removed,4,1412
175,removed,5,821
175,removed,6,455
175,removed,7,174
175,removed,8,142
175,removed,9,90
175,removed,10,32
175,removed,11,35
175,removed,12,25
175,removed,13,8
175,removed,14,4
175,removed,15,1
175,removed,16,2
175,removed,17,0
175,removed,18,2
175,removed,19,1
175,removed,20,1
175,removed,21,2
175,removed,22,5
175,removed,23,2
175,removed,24,2
175,removed,25,2
175,removed,26,2
175,removed,27,1
175,removed,28,1
175,removed,29,5
175,removed,30,0
175,removed,31,2
175,removed,32,5
175,removed,33,1
175,removed,34,7
175,removed,35,3
175,removed,36,4
175,removed,37,8
175,removed,38,4
175,removed,39,14
175,removed,40,2
175,removed,41,0
175,removed,42,11
175,removed,43,3
175,removed,44,11
175,removed,45,12
175,removed,46,12
175,removed,47,27
175,removed,48,14
175,removed,49,7
175,removed,50,1
175,removed,51,14
175,removed,52,0
175,removed,53,0
175,removed,54,0
175,removed,55,0
175,removed,56,0
175,removed,57,0
175,removed,58,0
175,removed,59,0
175,removed,60,0
175,removed,61,0
175,removed,62,0
175,removed,63,0
175,removed,64,0
175,removed,65,0
175,removed,66,0
175,removed,67,0
175,removed,68,0
175,removed,69,0
175,removed,70,0
175,removed,71,1
175,removed,72,2
175,removed,73,1
175,removed,74,0
175,removed,75,0
175,removed,76,0
175,removed,77,0
175,removed,78,0
175,removed,79,0
175,removed,80,0
175,removed,81,1
175,removed,82,0
175,removed,83,0
175,removed,84,0
175,removed,85,0
175,removed,86,0
175,removed,87,4
175,removed,88,9
175,removed,89,1
175,removed,90,6
175,removed,91,3
175,removed,92,1
175,removed,93,0
175,removed,94,1
175,removed,95,1
175,removed,96,0
175,removed,97,0
175,removed,98,0
175,removed,99,1
175,removed,100,0
175,removed,101,0
175,removed,102,0
175,removed,103,0
175,removed,104,0
175,removed,105,0
175,removed,106,0
175,removed,107,0
175,removed,108,0
175,removed,109,0
175,removed,110,0
175,removed,111,0
175,removed,112,0
175,removed,113,0
175,removed,114,0
175,removed,115,0
175,removed,116,0
175,removed,117,0
175,removed,118,0
175,removed,119,0
175,removed,120,0
175,removed,121,0
175,removed,122,0
175,removed,123,0
175,removed,124,0
175,removed,125,1
175,removed,126,0
175,removed,127,0
175,removed,128,0
175,removed,129,1
175,removed,130,0
175,removed,131,3
175,removed,132,1
175,removed,133,0
175,removed,134,0
175,removed,135,0
175,removed,136,0
175,removed,137,0
175,removed,138,0
175,removed,139,0
175,removed,140,0
175,removed,141,0
175,removed,142,0
175,removed,143,0
175,removed,144,0
175,removed,145,0
175,removed,146,0
175,removed,147,0
175,removed,148,0
175,removed,149,0
175,removed,150,0
175,removed,151,0
175,removed,152,0
175,removed,153,0
175,removed,154,0
175,removed,155,0
175,removed,156,1
175,removed,157,0
175,removed,158,0
175,removed,159,0
175,removed,160,0
175,removed,161,0
175,removed,162,0
175,removed,163,0
175,removed,164,0
175,removed,165,0
175,removed,166,0
175,removed,167,0
175,removed,168,0
175,removed,169,0
175,removed,170,0
175,removed,171,0
175,removed,172,0
175,removed,173,0
175,removed,174,0
175,live,0,0
175,live,1,34539
175,live,2,20494
175,live,3,13930
175,live,4,14215
175,live,5,7877
175,live,6,6378
175,live,7,4138
175,live,8,2834
175,live,9,1774
175,live,10,1715
175,live,11,169
175,live,12,143
175,live,13,67
175,live,14,46
175,live,15,34
175,live,16,21
175,live,17,19
175,live,18,20
175,live,19,27
175,live,20,24
175,live,21,30
175,live,22,28
175,live,23,23
175,live,24,29
175,live,25,40
175,live,26,41
175,live,27,36
175,live,28,58
175,live,29,43
175,live,30,37
175,live,31,50
175,live,32,50
175,live,33,95
175,live,34,33
175,live,35,38
175,live,36,32
175,live,37,52
175,live,38,28
175,live,39,41
175,live,40,27
175,live,41,10
175,live,42,3
175,live,43,19
175,live,44,41
175,live,45,80
175,live,46,253
175,live,47,1236
175,live,48,704
175,live,49,679
175,live,50,1077
175,live,51,663
175,live,52,481
175,live,53,374
175,live,54,27
175,live,55,20
175,live,56,8
175,live,57,4
175,live,58,2
175,live,59,2
175,live,60,3
175,live,61,2
175,live,62,2
175,live,63,0
175,live,64,1
175,live,65,0
175,live,66,5
175,live,67,1
175,live,68,1
175,live,69,4
175,live,70,2
175,live,71,2
175,live,72,9
175,live,73,8
175,live,74,11
175,live,75,3
175,live,76,15
175,live,77,12
175,live,78,16
175,live,79,13
175,live,80,21
175,live,81,29
175,live,82,11
175,live,83,22
175,live,84,18
175,live,85,7
175,live,86,5
175,live,87,17
175,live,88,40
175,live,89,88
175,live,90,262
175,live,91,495
175,live,92,343
175,live,93,373
175,live,94,312
175,live,95,207
175,live,96,85
175,live,97,33
175,live,98,17
175,live,99,4
175,live,100,1
175,live,101,1
175,live,102,2
175,live,103,1
175,live,104,0
175,live,105,2
175,live,106,1
175,live,107,2
175,live,108,1
175,live,109,1
175,live,110,2
175,live,111,1
175,live,112,2
175,live,113,2
175,live,114,1
175,live,115,2
175,live,116,4
175,live,117,6
175,live,118,11
175,live,119,10
175,live,120,2
175,live,121,3
175,live,122,14
175,live,123,15
175,live,124,22
175,live,125,13
175,live,126,16
175,live,127,7
175,live,128,8
175,live,129,19
175,live,130,23
175,live,131,29
175,live,132,67
175,live,133,199
175,live,134,305
175,live,135,108
175,live,136,208
175,live,137,117
175,live,138,34
175,live,139,12
175,live,140,6
175,live,141,9
175,live,142,4
175,live,143,0
175,live,144,2
175,live,145,0
175,live,146,0
175,live,147,3
175,live,148,0
175,live,149,0
175,live,150,0
175,live,151,0
175,live,152,2
175,live,153,0
175,live,154,0
175,live,155,0
175,live,156,0
175,live,157,0
175,live,158,1
175,live,159,1
175,live,160,0
175,live,161,0
175,live,162,0
175,live,163,0
175,live,164,1
175,live,165,0
175,live,166,0
175,live,167,1
175,live,168,1
175,live,169,1
175,live,170,1
175,live,171,0
175,live,172,12
175,live,173,12
175,live,174,2
175,live,175,0
176,removed,0,17383
176,removed,1,12491
176,removed,2,4774
176,removed,3,3362
176,removed,4,1472
176,removed,5,889
176,removed,6,354
176,removed,7,241
176,removed,8,84
176,removed,9,35
176,removed,10,52
176,removed,11,16
176,removed,12,17
176,removed,13,3
176,removed,14,3
176,removed,15,3
176,removed,16,0
176,removed,17,1
176,removed,18,1
176,removed,19,1
176,removed,20,0
176,removed,21,1
176,removed,22,0
176,removed,23,0
176,removed,24,0
176,removed,25,0
176,removed,26,1
176,removed,27,0
176,removed,28,0
176,removed,29,1
176,removed,30,0
176,removed,31,0
176,removed,32,0
176,removed,33,6
176,removed,34,0
176,removed,35,7
176,removed,36,9
176,removed,37,5
176,removed,38,2
176,removed,39,7
176,removed,40,3
176,removed,41,2
176,removed,42,0
176,removed,43,4
176,removed,44,5
176,removed,45,0
176,removed,46,1
176,removed,47,3
176,removed,48,8
176,removed,49,2
176,removed,50,5
176,removed,51,0
176,removed,52,0
176,removed,53,0
176,removed,54,0
176,removed,55,0
176,removed,56,0
176,removed,57,0
176,removed,58,0
176,removed,59,0
176,removed,60,0
176,removed,61,0
176,removed,62,0
176,removed,63,0
176,removed,64,0
176,removed,65,0
176,removed,66,0
176,removed,67,0
176,removed,68,0
176,removed,69,0
176,removed,70,0
176,removed,71,0
176,removed,72,0
176,removed,73,0
176,removed,74,0
176,removed,75,0
176,removed,76,0
176,removed,77,0
176,removed,78,0
176,removed,79,0
176,removed,80,0
176,removed,81,0
176,removed,82,0
176,removed,83,0
176,removed,84,0
176,removed,85,0
176,removed,86,0
176,removed,87,0
176,removed,88,0
176,removed,89,0
176,removed,90,0
176,removed,91,1
176,removed,92,0
176,removed,93,1
176,removed,94,0
176,removed,95,0
176,removed,96,0
176,removed,97,0
176,removed,98,0
176,removed,99,0
176,removed,100,0
176,removed,101,0
176,removed,102,0
176,removed,103,0
176,removed,104,0
176,removed,105,0
176,removed,106,0
176,removed,107,0
176,removed,108,0
176,removed,109,0
176,removed,110,0
176,removed,111,0
176,removed,112,0
176,removed,113,0
176,removed,114,0
176,removed,115,0
176,removed,116,0
176,removed,117,0
176,removed,118,0
176,removed,119,0
176,removed,120,0
176,removed,121,0
176,removed,122,0
176,removed,123,0
176,removed,124,0
176,removed,125,0
176,removed,126,0
176,removed,127,0
176,removed,128,0
176,removed,129,0
176,removed,130,0
176,removed,131,0
176,removed,132,0
176,removed,133,0
176,removed,134,1
176,removed,135,0
176,removed,136,0
176,removed,137,0
176,removed,138,0
176,removed,139,0
176,removed,140,0
176,removed,141,0
176,removed,142,0
176,removed,143,0
176,removed,144,0
176,removed,145,0
176,removed,146,0
176,removed,147,0
176,removed,148,0
176,removed,149,0
176,removed,150,0
176,removed,151,0
176,removed,152,0
176,removed,153,0
176,removed,154,0
176,removed,155,0
176,removed,156,0
176,removed,157,0
176,removed,158,0
176,removed,159,0
176,removed,160,0
176,removed,161,0
176,removed,162,0
176,removed,163,0
176,removed,164,0
176,removed,165,0
176,removed,166,0
176,removed,167,0
176,removed,168,0
176,removed,169,0
176,removed,170,0
176,removed,171,0
176,removed,172,0
176,removed,173,0
176,removed,174,0
176,removed,175,0
176,live,0,0
176,live,1,34102
176,live,2,22048
176,live,3,15720
176,live,4,10568
176,live,5,12743
176,live,6,6988
176,live,7,6024
176,live,8,3897
176,live,9,2750
176,live,10,1739
176,live,11,1663
176,live,12,153
176,live,13,126
176,live,14,64
176,live,15,43
176,live,16,31
176,live,17,21
176,live,18,18
176,live,19,19
176,live,20,26
176,live,21,24
176,live,22,29
176,live,23,28
176,live,24,23
176,live,25,29
176,live,26,40
176,live,27,40
176,live,28,36
176,live,29,58
176,live,30,42
176,live,31,37
176,live,32,50
176,live,33,50
176,live,34,89
176,live,35,33
176,live,36,31
176,live,37,23
176,live,38,47
176,live,39,26
176,live,40,34
176,live,41,24
176,live,42,8
176,live,43,3
176,live,44,15
176,live,45,36
176,live,46,80
176,live,47,252
176,live,48,1233
176,live,49,696
176,live,50,677
176,live,51,1072
176,live,52,663
176,live,53,481
176,live,54,374
176,live,55,27
176,live,56,20
176,live,57,8
176,live,58,4
176,live,59,2
176,live,60,2
176,live,61,3
176,live,62,2
176,live,63,2
176,live,64,0
176,live,65,1
176,live,66,0
176,live,67,5
176,live,68,1
176,live,69,1
176,live,70,4
176,live,71,2
176,live,72,2
176,live,73,9
176,live,74,8
176,live,75,11
176,live,76,3
176,live,77,15
176,live,78,12
176,live,79,16
176,live,80,13
176,live,81,21
176,live,82,29
176,live,83,11
176,live,84,22
176,live,85,18
176,live,86,7
176,live,87,5
176,live,88,17
176,live,89,40
176,live,90,88
176,live,91,262
176,live,92,494
176,live,93,343
176,live,94,372
176,live,95,312
176,live,96,207
176,live,97,85
176,live,98,33
176,live,99,17
176,live,100,4
176,live,101,1
176,live,102,1
176,live,103,2
176,live,104,1
176,live,105,0
176,live,106,2
176,live,107,1
176,live,108,2
176,live,109,1
176,live,110,1
176,live,111,2
176,live,112,1
176,live,113,2
176,live,114,2
176,live,115,1
176,live,116,2
176,live,117,4
176,live,118,6
176,live,119,11
176,live,120,10
176,live,121,2
176,live,122,3
176,live,123,14
176,live,124,15
176,live,125,22
176,live,126,13
176,live,127,16
176,live,128,7
176,live,129,8
176,live,130,19
176,live,131,23
176,live,132,29
176,live,133,67
176,live,134,199
176,live,135,304
176,live,136,108
176,live,137,208
176,live,138,117
176,live,139,34
176,live,140,12
176,live,141,6
176,live,142,9
176,live,143,4
176,live,144,0
176,live,145,2
176,live,146,0
176,live,147,0
176,live,148,3
176,live,149,0
176,live,150,0
176,live,151,0
176,live,152,0
176,live,153,2
176,live,154,0
176,live,155,0
176,live,156,0
176,live,157,0
176,live,158,0
176,live,159,1
176,live,160,1
176,live,161,0
176,live,162,0
176,live,163,0
176,live,164,0
176,live,165,1
176,live,166,0
176,live,167,0
176,live,168,1
176,live,169,1
176,live,170,1
176,live,171,1
176,live,172,0
176,live,173,12
176,live,174,12
176,live,175,2
176,live,176,0
177,removed,0,17011
177,removed,1,13338
177,removed,2,4973
177,removed,3,3542
177,removed,4,1736
177,removed,5,905
177,removed,6,524
177,removed,7,257
177,removed,8,131
177,removed,9,65
177,removed,10,43
177,removed,11,42
177,removed,12,16
177,removed,13,12
177,removed,14,3
177,removed,15,1
177,removed,16,0
177,removed,17,1
177,removed,18,0
177,removed,19,0
177,removed,20,0
177,removed,21,0
177,removed,22,0
177,removed,23,0
177,removed,24,0
177,removed,25,0
177,removed,26,0
177,removed,27,0
177,removed,28,2
177,removed,29,4
177,removed,30,0
177,removed,31,0
177,removed,32,0
177,removed,33,0
177,removed,34,8
177,removed,35,4
177,removed,36,4
177,removed,37,1
177,removed,38,1
177,removed,39,5
177,removed,40,7
177,removed,41,14
177,removed,42,1
177,removed,43,0
177,removed,44,2
177,removed,45,1
177,removed,46,4
177,removed,47,1
177,removed,48,0
177,removed,49,4
177,removed,50,2
177,removed,51,3
177,removed,52,0
177,removed,53,0
177,removed,54,1
177,removed,55,1
177,removed,56,0
177,removed,57,0
177,removed,58,0
177,removed,59,0
177,removed,60,0
177,removed,61,0
177,removed,62,0
177,removed,63,0
177,removed,64,0
177,removed,65,0
177,removed,66,0
177,removed,67,0
177,removed,68,0
177,removed,69,0
177,removed,70,0
177,removed,71,0
177,removed,72,0
177,removed,73,0
177,removed,74,0
177,removed,75,0
177,removed,76,0
177,removed,77,0
177,removed,78,0
177,removed,79,0
177,removed,80,0
177,removed,81,0
177,removed,82,0
177,removed,83,0
177,removed,84,0
177,removed,85,0
177,removed,86,0
177,removed,87,0
177,removed,88,0
177,removed,89,0
177,removed,90,0
177,removed,91,0
177,removed,92,0
177,removed,93,0
177,removed,94,0
177,removed,95,0
177,removed,96,0
177,removed,97,0
177,removed,98,0
177,removed,99,0
177,removed,100,0
177,removed,101,0
177,removed,102,0
177,removed,103,0
177,removed,104,0
177,removed,105,0
177,removed,106,0
177,removed,107,0
177,removed,108,0
177,removed,109,0
177,removed,110,0
177,removed,111,0
177,removed,112,0
177,removed,113,0
177,removed,114,0
177,removed,115,0
177,removed,116,0
177,removed,117,0
177,removed,118,0
177,removed,119,0
177,removed,120,0
177,removed,121,0
177,removed,122,0
177,removed,123,0
177,removed,124,0
177,removed,125,0
177,removed,126,0
177,removed,127,0
177,removed,128,0
177,removed,129,0
177,removed,130,0
177,removed,131,0
177,removed,132,0
177,removed,133,0
177,removed,134,0
177,removed,135,0
177,removed,136,0
177,removed,137,0
177,removed,138,0
177,removed,139,0
177,removed,140,0
177,removed,141,0
177,removed,142,0
177,removed,143,0
177,removed,144,0
177,removed,145,0
177,removed,146,0
177,removed,147,0
177,removed,148,0
177,removed,149,0
177,removed,150,0
177,removed,151,0
177,removed,152,0
177,removed,153,0
177,removed,154,0
177,removed,155,0
177,removed,156,0
177,removed,157,0
177,removed,158,0
177,removed,159,0
177,removed,160,0
177,removed,161,0
177,removed,162,0
177,removed,163,0
177,removed,164,0
177,removed,165,0
177,removed,166,0
177,removed,167,0
177,removed,168,0
177,removed,169,0
177,removed,170,0
177,removed,171,0
177,removed,172,0
177,removed,173,0
177,removed,174,0
177,removed,175,0
177,removed,176,0
177,live,0,0
177,live,1,34377
177,live,2,20764
177,live,3,17075
177,live,4,12178
177,live,5,8832
177,live,6,11838
177,live,7,6464
177,live,8,5767
177,live,9,3766
177,live,10,2685
177,live,11,1696
177,live,12,1621
177,live,13,137
177,live,14,114
177,live,15,61
177,live,16,42
177,live,17,31
177,live,18,20
177,live,19,18
177,live,20,19
177,live,21,26
177,live,22,24
177,live,23,29
177,live,24,28
177,live,25,23
177,live,26,29
177,live,27,40
177,live,28,40
177,live,29,34
177,live,30,54
177,live,31,42
177,live,32,37
177,live,33,50
177,live,34,50
177,live,35,81
177,live,36,29
177,live,37,27
177,live,38,22
177,live,39,46
177,live,40,21
177,live,41,27
177,live,42,10
177,live,43,7
177,live,44,3
177,live,45,13
177,live,46,35
177,live,47,76
177,live,48,251
177,live,49,1233
177,live,50,692
177,live,51,675
177,live,52,1069
177,live,53,663
177,live,54,481
177,live,55,373
177,live,56,26
177,live,57,20
177,live,58,8
177,live,59,4
177,live,60,2
177,live,61,2
177,live,62,3
177,live,63,2
177,live,64,2
177,live,65,0
177,live,66,1
177,live,67,0
177,live,68,5
177,live,69,1
177,live,70,1
177,live,71,4
177,live,72,2
177,live,73,2
177,live,74,9
177,live,75,8
177,live,76,11
177,live,77,3
177,live,78,15
177,live,79,12
177,live,80,16
177,live,81,13
177,live,82,21
177,live,83,29
177,live,84,11
177,live,85,22
177,live,86,18
177,live,87,7
177,live,88,5
177,live,89,17
177,live,90,40
177,live,91,88
177,live,92,262
177,live,93,494
177,live,94,343
177,live,95,372
177,live,96,312
177,live,97,207
177,live,98,85
177,live,99,33
177,live,100,17
177,live,101,4
177,live,102,1
177,live,103,1
177,live,104,2
177,live,105,1
177,live,106,0
177,live,107,2
177,live,108,1
177,live,109,2
177,live,110,1
177,live,111,1
177,live,112,2
177,live,113,1
177,live,114,2
177,live,115,2
177,live,116,1
177,live,117,2
177,live,118,4
177,live,119,6
177,live,120,11
177,live,121,10
177,live,122,2
177,live,123,3
177,live,124,14
177,live,125,15
177,live,126,22
177,live,127,13
177,live,128,16
177,live,129,7
177,live,130,8
177,live,131,19
177,live,132,23
177,live,133,29
177,live,134,67
177,live,135,199
177,live,136,304
177,live,137,108
177,live,138,208
177,live,139,117
177,live,140,34
177,live,141,12
177,live,142,6
177,live,143,9
177,live,144,4
177,live,145,0
177,live,146,2
177,live,147,0
177,live,148,0
177,live,149,3
177,live,150,0
177,live,151,0
177,live,152,0
177,live,153,0
177,live,154,2
177,live,155,0
177,live,156,0
177,live,157,0
177,live,158,0
177,live,159,0
177,live,160,1
177,live,161,1
177,live,162,0
177,live,163,0
177,live,164,0
177,live,165,0
177,live,166,1
177,live,167,0
177,live,168,0
177,live,169,1
177,live,170,1
177,live,171,1
177,live,172,1
177,live,173,0
177,live,174,12
177,live,175,12
177,live,176,2
177,live,177,0
178,removed,0,17185
178,removed,1,12796
178,removed,2,5284
178,removed,3,3351
178,removed,4,1836
178,removed,5,1226
178,removed,6,547
178,removed,7,365
178,removed,8,151
178,removed,9,67
178,removed,10,32
178,removed,11,15
178,removed,12,18
178,removed,13,8
178,removed,14,5
178,removed,15,0
178,removed,16,1
178,removed,17,0
178,removed,18,0
178,removed,19,0
178,removed,20,0
178,removed,21,0
178,removed,22,0
178,removed,23,0
178,removed,24,0
178,removed,25,0
178,removed,26,1
178,removed,27,0
178,removed,28,4
178,removed,29,0
178,removed,30,0
178,removed,31,0
178,removed,32,0
178,removed,33,0
178,removed,34,0
178,removed,35,0
178,removed,36,1
178,removed,37,2
178,removed,38,2
178,removed,39,0
178,removed,40,0
178,removed,41,1
178,removed,42,0
178,removed,43,0
178,removed,44,0
178,removed,45,0
178,removed,46,0
178,removed,47,0
178,removed,48,0
178,removed,49,0
178,removed,50,0
178,removed,51,0
178,removed,52,0
178,removed,53,0
178,removed,54,0
178,removed,55,0
178,removed,56,0
178,removed,57,0
178,removed,58,0
178,removed,59,0
178,removed,60,0
178,removed,61,0
178,removed,62,0
178,removed,63,0
178,removed,64,0
178,removed,65,0
178,removed,66,0
178,removed,67,0
178,removed,68,0
178,removed,69,0
178,removed,70,0
178,removed,71,0
178,removed,72,0
178,removed,73,0
178,removed,74,0
178,removed,75,0
178,removed,76,0
178,removed,77,0
178,removed,78,0
178,removed,79,0
178,removed,80,0
178,removed,81,0
178,removed,82,0
178,removed,83,0
178,removed,84,0
178,removed,85,0
178,removed,86,0
178,removed,87,0
178,removed,88,0
178,removed,89,0
178,removed,90,0
178,removed,91,0
178,removed,92,0
178,removed,93,0
178,removed,94,0
178,removed,95,0
178,removed,96,0
178,removed,97,0
178,removed,98,0
178,removed,99,0
178,removed,100,0
178,removed,101,0
178,removed,102,0
178,removed,103,0
178,removed,104,0
178,removed,105,0
178,removed,106,0
178,removed,107,0
178,removed,108,0
178,removed,109,0
178,removed,110,0
178,removed,111,0
178,removed,112,0
178,removed,113,0
178,removed,114,0
178,removed,115,0
178,removed,116,0
178,removed,117,0
178,removed,118,0
178,removed,119,0
178,removed,120,0
178,removed,121,0
178,removed,122,0
178,removed,123,0
178,removed,124,0
178,removed,125,0
178,removed,126,0
178,removed,127,0
178,removed,128,0
178,removed,129,0
178,removed,130,0
178,removed,131,0
178,removed,132,0
178,removed,133,0
178,removed,134,0
178,removed,135,0
178,removed,136,0
178,removed,137,0
178,removed,138,0
178,removed,139,0
178,removed,140,0
178,removed,141,0
178,removed,142,0
178,removed,143,0
178,removed,144,0
178,removed,145,0
178,removed,146,0
178,removed,147,0
178,removed,148,0
178,removed,149,0
178,removed,150,0
178,removed,151,0
178,removed,152,0
178,removed,153,0
178,removed,154,0
178,removed,155,0
178,removed,156,0
178,removed,157,0
178,removed,158,0
178,removed,159,0
178,removed,160,0
178,removed,161,0
178,removed,162,0
178,removed,163,0
178,removed,164,0
178,removed,165,0
178,removed,166,0
178,removed,167,0
178,removed,168,0
178,removed,169,0
178,removed,170,0
178,removed,171,0
178,removed,172,0
178,removed,173,0
178,removed,174,0
178,removed,175,0
178,removed,176,0
178,removed,177,0
178,live,0,0
178,live,1,34147
178,live,2,21581
178,live,3,15480
178,live,4,13724
178,live,5,10342
178,live,6,7606
178,live,7,11291
178,live,8,6099
178,live,9,5616
178,live,10,3699
178,live,11,2653
178,live,12,1681
178,live,13,1603
178,live,14,129
178,live,15,109
178,live,16,61
178,live,17,41
178,live,18,31
178,live,19,20
178,live,20,18
178,live,21,19
178,live,22,26
178,live,23,24
178,live,24,29
178,live,25,28
178,live,26,23
178,live,27,28
178,live,28,40
178,live,29,36
178,live,30,34
178,live,31,54
178,live,32,42
178,live,33,37
178,live,34,50
178,live,35,50
178,live,36,81
178,live,37,28
178,live,38,25
178,live,39,20
178,live,40,46
178,live,41,21
178,live,42,26
178,live,43,10
178,live,44,7
178,live,45,3
178,live,46,13
178,live,47,35
178,live,48,76
178,live,49,251
178,live,50,1233
178,live,51,692
178,live,52,675
178,live,53,1069
178,live,54,663
178,live,55,481
178,live,56,373
178,live,57,26
178,live,58,20
178,live,59,8
178,live,60,4
178,live,61,2
178,live,62,2
178,live,63,3
178,live,64,2
178,live,65,2
178,live,66,0
178,live,67,1
178,live,68,0
178,live,69,5
178,live,70,1
178,live,71,1
178,live,72,4
178,live,73,2
178,live,74,2
178,live,75,9
178,live,76,8
178,live,77,11
178,live,78,3
178,live,79,15
178,live,80,12
178,live,81,16
178,live,82,13
178,live,83,21
178,live,84,29
178,live,85,11
178,live,86,22
178,live,87,18
178,live,88,7
178,live,89,5
178,live,90,17
178,live,91,40
178,live,92,88
178,live,93,262
178,live,94,494
178,live,95,343
178,live,96,372
178,live,97,312
178,live,98,207
178,live,99,85
178,live,100,33
178,live,101,17
178,live,102,4
178,live,103,1
178,live,104,1
178,live,105,2
178,live,106,1
178,live,107,0
178,live,108,2
178,live,109,1
178,live,110,2
178,live,111,1
178,live,112,1
178,live,113,2
178,live,114,1
178,live,115,2
178,live,116,2
178,live,117,1
178,live,118,2
178,live,119,4
178,live,120,6
178,live,121,11
178,live,122,10
178,live,123,2
178,live,124,3
178,live,125,14
178,live,126,15
178,live,127,22
178,live,128,13
178,live,129,16
178,live,130,7
178,live,131,8
178,live,132,19
178,live,133,23
178,live,134,29
178,live,135,67
178,live,136,199
178,live,137,304
178,live,138,108
178,live,139,208
178,live,140,117
178,live,141,34
178,live,142,12
178,live,143,6
178,live,144,9
178,live,145,4
178,live,146,0
178,live,147,2
178,live,148,0
178,live,149,0
178,live,150,3
178,live,151,0
178,live,152,0
178,live,153,0
178,live,154,0
178,live,155,2
178,live,156,0
178,live,157,0
178,live,158,0
178,live,159,0
178,live,160,0
178,live,161,1
178,live,162,1
178,live,163,0
178,live,164,0
178,live,165,0
178,live,166,0
178,live,167,1
178,live,168,0
178,live,169,0
178,live,170,1
178,live,171,1
178,live,172,1
178,live,173,1
178,live,174,0
178,live,175,12
178,live,176,12
178,live,177,2
178,live,178,0
179,removed,0,18481
179,removed,1,13746
179,removed,2,5874
179,removed,3,4573
179,removed,4,2176
179,removed,5,1481
179,removed,6,843
179,removed,7,444
179,removed,8,300
179,removed,9,175
179,removed,10,83
179,removed,11,53
179,removed,12,25
179,removed,13,15
179,removed,14,7
179,removed,15,2
179,removed,16,0
179,removed,17,1
179,removed,18,0
179,removed,19,1
179,removed,20,0
179,removed,21,0
179,removed,22,1
179,removed,23,1
179,removed,24,1
179,removed,25,1
179,removed,26,1
179,removed,27,1
179,removed,28,1
179,removed,29,0
179,removed,30,1
179,removed,31,1
179,removed,32,2
179,removed,33,0
179,removed,34,0
179,removed,35,0
179,removed,36,3
179,removed,37,0
179,removed,38,0
179,removed,39,0
179,removed,40,0
179,removed,41,0
179,removed,42,2
179,removed,43,0
179,removed,44,0
179,removed,45,0
179,removed,46,0
179,removed,47,1
179,removed,48,0
179,removed,49,0
179,removed,50,4
179,removed,51,1
179,removed,52,0
179,removed,53,0
179,removed,54,0
179,removed,55,0
179,removed,56,0
179,removed,57,0
179,removed,58,0
179,removed,59,0
179,removed,60,0
179,removed,61,0
179,removed,62,0
179,removed,63,0
179,removed,64,0
179,removed,65,0
179,removed,66,0
179,removed,67,0
179,removed,68,0
179,removed,69,0
179,removed,70,0
179,removed,71,0
179,removed,72,0
179,removed,73,0
179,removed,74,0
179,removed,75,0
179,removed,76,0
179,removed,77,0
179,removed,78,0
179,removed,79,0
179,removed,80,0
179,removed,81,0
179,removed,82,0
179,removed,83,0
179,removed,84,0
179,removed,85,0
179,removed,86,0
179,removed,87,0
179,removed,88,0
179,removed,89,0
179,removed,90,0
179,removed,91,0
179,removed,92,0
179,removed,93,0
179,removed,94,2
179,removed,95,0
179,removed,96,0
179,removed,97,0
179,removed,98,0
179,removed,99,0
179,removed,100,0
179,removed,101,0
179,removed,102,0
179,removed,103,0
179,removed,104,0
179,removed,105,0
179,removed,106,0
179,removed,107,0
179,removed,108,0
179,removed,109,0
179,removed,110,0
179,removed,111,0
179,removed,112,0
179,removed,113,0
179,removed,114,0
179,removed,115,0
179,removed,116,0
179,removed,117,0
179,removed,118,0
179,removed,119,0
179,removed,120,0
179,removed,121,0
179,removed,122,0
179,removed,123,0
179,removed,124,0
179,removed,125,0
179,removed,126,0
179,removed,127,0
179,removed,128,0
179,removed,129,0
179,removed,130,0
179,removed,131,0
179,removed,132,0
179,removed,133,0
179,removed,134,0
179,removed,135,1
179,removed,136,0
179,removed,137,1
179,removed,138,1
179,removed,139,0
179,removed,140,0
179,removed,141,0
179,removed,142,0
179,removed,143,0
179,removed,144,0
179,removed,145,0
179,removed,146,0
179,removed,147,0
179,removed,148,0
179,removed,149,0
179,removed,150,0
179,removed,151,0
179,removed,152,0
179,removed,153,0
179,removed,154,0
179,removed,155,0
179,removed,156,0
179,removed,157,0
179,removed,158,0
179,removed,159,0
179,removed,160,0
179,removed,161,0
179,removed,162,0
179,removed,163,0
179,removed,164,0
179,removed,165,0
179,removed,166,0
179,removed,167,0
179,removed,168,0
179,removed,169,0
179,removed,170,0
179,removed,171,0
179,removed,172,0
179,removed,173,0
179,removed,174,0
179,removed,175,0
179,removed,176,0
179,removed,177,0
179,removed,178,0
179,live,0,0
179,live,1,32840
179,live,2,20401
179,live,3,15707
179,live,4,10907
179,live,5,11548
179,live,6,8861
179,live,7,6763
179,live,8,10847
179,live,9,5799
179,live,10,5441
179,live,11,3616
179,live,12,2600
179,live,13,1656
179,live,14,1588
179,live,15,122
179,live,16,107
179,live,17,61
179,live,18,40
179,live,19,31
179,live,20,19
179,live,21,18
179,live,22,19
179,live,23,25
179,live,24,23
179,live,25,28
179,live,26,27
179,live,27,22
179,live,28,27
179,live,29,39
179,live,30,36
179,live,31,33
179,live,32,53
179,live,33,40
179,live,34,37
179,live,35,50
179,live,36,50
179,live,37,78
179,live,38,28
179,live,39,25
179,live,40,20
179,live,41,46
179,live,42,21
179,live,43,24
179,live,44,10
179,live,45,7
179,live,46,3
179,live,47,13
179,live,48,34
179,live,49,76
179,live,50,251
179,live,51,1229
179,live,52,691
179,live,53,675
179,live,54,1069
179,live,55,663
179,live,56,481
179,live,57,373
179,live,58,26
179,live,59,20
179,live,60,8
179,live,61,4
179,live,62,2
179,live,63,2
179,live,64,3
179,live,65,2
179,live,66,2
179,live,67,0
179,live,68,1
179,live,69,0
179,live,70,5
179,live,71,1
179,live,72,1
179,live,73,4
179,live,74,2
179,live,75,2
179,live,76,9
179,live,77,8
179,live,78,11
179,live,79,3
179,live,80,15
179,live,81,12
179,live,82,16
179,live,83,13
179,live,84,21
179,live,85,29
179,live,86,11
179,live,87,22
179,live,88,18
179,live,89,7
179,live,90,5
179,live,91,17
179,live,92,40
179,live,93,88
179,live,94,262
179,live,95,492
179,live,96,343
179,live,97,372
179,live,98,312
179,live,99,207
179,live,100,85
179,live,101,33
179,live,102,17
179,live,103,4
179,live,104,1
179,live,105,1
179,live,106,2
179,live,107,1
179,live,108,0
179,live,109,2
179,live,110,1
179,live,111,2
179,live,112,1
179,live,113,1
179,live,114,2
179,live,115,1
179,live,116,2
179,live,117,2
179,live,118,1
179,live,119,2
179,live,120,4
179,live,121,6
179,live,122,11
179,live,123,10
179,live,124,2
179,live,125,3
179,live,126,14
179,live,127,15
179,live,128,22
179,live,129,13
179,live,130,16
179,live,131,7
179,live,132,8
179,live,133,19
179,live,134,23
179,live,135,29
179,live,136,66
179,live,137,199
179,live,138,303
179,live,139,107
179,live,140,208
179,live,141,117
179,live,142,34
179,live,143,12
179,live,144,6
179,live,145,9
179,live,146,4
179,live,147,0
179,live,148,2
179,live,149,0
179,live,150,0
179,live,151,3
179,live,152,0
179,live,153,0
179,live,154,0
179,live,155,0
179,live,156,2
179,live,157,0
179,live,158,0
179,live,159,0
179,live,160,0
179,live,161,0
179,live,162,1
179,live,163,1
179,live,164,0
179,live,165,0
179,live,166,0
179,live,167,0
179,live,168,1
179,live,169,0
179,live,170,0
179,live,171,1
179,live,172,1
179,live,173,1
179,live,174,1
179,live,175,0
179,live,176,12
179,live,177,12
179,live,178,2
179,live,179,0
180,removed,0,21912
180,removed,1,12278
180,removed,2,5967
180,removed,3,3656
180,removed,4,1940
180,removed,5,1212
180,removed,6,859
180,removed,7,505
180,removed,8,473
180,removed,9,200
180,removed,10,205
180,removed,11,54
180,removed,12,69
180,removed,13,25
180,removed,14,20
180,removed,15,5
180,removed,16,8
180,removed,17,2
180,removed,18,0
180,removed,19,0
180,removed,20,0
180,removed,21,0
180,removed,22,0
180,removed,23,0
180,removed,24,0
180,removed,25,0
180,removed,26,0
180,removed,27,0
180,removed,28,0
180,removed,29,0
180,removed,30,0
180,removed,31,0
180,removed,32,0
180,removed,33,1
180,removed,34,0
180,removed,35,0
180,removed,36,0
180,removed,37,4
180,removed,38,1
180,removed,39,1
180,removed,40,0
180,removed,41,6
180,removed,42,0
180,removed,43,4
180,removed,44,0
180,removed,45,0
180,removed,46,0
180,removed,47,0
180,removed,48,0
180,removed,49,2
180,removed,50,1
180,removed,51,5
180,removed,52,0
180,removed,53,1
180,removed,54,1
180,removed,55,0
180,removed,56,3
180,removed,57,0
180,removed,58,0
180,removed,59,0
180,removed,60,0
180,removed,61,0
180,removed,62,0
180,removed,63,0
180,removed,64,0
180,removed,65,0
180,removed,66,0
180,removed,67,0
180,removed,68,0
180,removed,69,0
180,removed,70,0
180,removed,71,0
180,removed,72,0
180,removed,73,0
180,removed,74,0
180,removed,75,0
180,removed,76,0
180,removed,77,0
180,removed,78,0
180,removed,79,0
180,removed,80,0
180,removed,81,0
180,removed,82,0
180,removed,83,0
180,removed,84,0
180,removed,85,0
180,removed,86,0
180,removed,87,0
180,removed,88,0
180,removed,89,0
180,removed,90,0
180,removed,91,0
180,removed,92,0
180,removed,93,0
180,removed,94,0
180,removed,95,0
180,removed,96,0
180,removed,97,0
180,removed,98,0
180,removed,99,0
180,removed,100,0
180,removed,101,0
180,removed,102,0
180,removed,103,0
180,removed,104,0
180,removed,105,0
180,removed,106,0
180,removed,107,0
180,removed,108,0
180,removed,109,0
180,removed,110,0
180,removed,111,0
180,removed,112,0
180,removed,113,0
180,removed,114,0
180,removed,115,0
180,removed,116,0
180,removed,117,0
180,removed,118,0
180,removed,119,0
180,removed,120,0
180,removed,121,0
180,removed,122,0
180,removed,123,0
180,removed,124,0
180,removed,125,0
180,removed,126,0
180,removed,127,0
180,removed,128,0
180,removed,129,0
180,removed,130,0
180,removed,131,0
180,removed,132,0
180,removed,133,0
180,removed,134,0
180,removed,135,0
180,removed,136,0
180,removed,137,1
180,removed,138,0
180,removed,139,0
180,removed,140,0
180,removed,141,0
180,removed,142,1
180,removed,143,0
180,removed,144,0
180,removed,145,0
180,removed,146,0
180,removed,147,0
180,removed,148,0
180,removed,149,0
180,removed,150,0
180,removed,151,0
180,removed,152,0
180,removed,153,0
180,removed,154,0
180,removed,155,0
180,removed,156,0
180,removed,157,0
180,removed,158,0
180,removed,159,0
180,removed,160,0
180,removed,161,0
180,removed,162,0
180,removed,163,0
180,removed,164,0
180,removed,165,0
180,removed,166,0
180,removed,167,0
180,removed,168,0
180,removed,169,0
180,removed,170,0
180,removed,171,0
180,removed,172,0
180,removed,173,0
180,removed,174,0
180,removed,175,0
180,removed,176,0
180,removed,177,0
180,removed,178,0
180,removed,179,0
180,live,0,0
180,live,1,29733
180,live,2,20562
180,live,3,14434
180,live,4,12051
180,live,5,8967
180,live,6,10336
180,live,7,8002
180,live,8,6258
180,live,9,10374
180,live,10,5599
180,live,11,5236
180,live,12,3562
180,live,13,2531
180,live,14,1631
180,live,15,1568
180,live,16,117
180,live,17,99
180,live,18,59
180,live,19,40
180,live,20,31
180,live,21,19
180,live,22,18
180,live,23,19
180,live,24,25
180,live,25,23
180,live,26,28
180,live,27,27
180,live,28,22
180,live,29,27
180,live,30,39
180,live,31,36
180,live,32,33
180,live,33,53
180,live,34,39
180,live,35,37
180,live,36,50
180,live,37,50
180,live,38,74
180,live,39,27
180,live,40,24
180,live,41,20
180,live,42,40
180,live,43,21
180,live,44,20
180,live,45,10
180,live,46,7
180,live,47,3
180,live,48,13
180,live,49,34
180,live,50,74
180,live,51,250
180,live,52,1224
180,live,53,691
180,live,54,674
180,live,55,1068
180,live,56,663
180,live,57,478
180,live,58,373
180,live,59,26
180,live,60,20
180,live,61,8
180,live,62,4
180,live,63,2
180,live,64,2
180,live,65,3
180,live,66,2
180,live,67,2
180,live,68,0
180,live,69,1
180,live,70,0
180,live,71,5
180,live,72,1
180,live,73,1
180,live,74,4
180,live,75,2
180,live,76,2
180,live,77,9
180,live,78,8
180,live,79,11
180,live,80,3
180,live,81,15
180,live,82,12
180,live,83,16
180,live,84,13
180,live,85,21
180,live,86,29
180,live,87,11
180,live,88,22
180,live,89,18
180,live,90,7
180,live,91,5
180,live,92,17
180,live,93,40
180,live,94,88
180,live,95,262
180,live,96,492
180,live,97,343
180,live,98,372
180,live,99,312
180,live,100,207
180,live,101,85
180,live,102,33
180,live,103,17
180,live,104,4
180,live,105,1
180,live,106,1
180,live,107,2
180,live,108,1
180,live,109,0
180,live,110,2
180,live,111,1
180,live,112,2
180,live,113,1
180,live,114,1
180,live,115,2
180,live,116,1
180,live,117,2
180,live,118,2
180,live,119,1
180,live,120,2
180,live,121,4
180,live,122,6
180,live,123,11
180,live,124,10
180,live,125,2
180,live,126,3
180,live,127,14
180,live,128,15
180,live,129,22
180,live,130,13
180,live,131,16
180,live,132,7
180,live,133,8
180,live,134,19
180,live,135,23
180,live,136,29
180,live,137,66
180,live,138,198
180,live,139,303
180,live,140,107
180,live,141,208
180,live,142,117
180,live,143,33
180,live,144,12
180,live,145,6
180,live,146,9
180,live,147,4
180,live,148,0
180,live,149,2
180,live,150,0
180,live,151,0
180,live,152,3
180,live,153,0
180,live,154,0
180,live,155,0
180,live,156,0
180,live,157,2
180,live,158,0
180,live,159,0
180,live,160,0
180,live,161,0
180,live,162,0
180,live,163,1
180,live,164,1
180,live,165,0
180,live,166,0
180,live,167,0
180,live,168,0
180,live,169,1
180,live,170,0
180,live,171,0
180,live,172,1
180,live,173,1
180,live,174,1
180,live,175,1
180,live,176,0
180,live,177,12
180,live,178,12
180,live,179,2
180,live,180,0
181,removed,0,21848
181,removed,1,11311
181,removed,2,5470
181,removed,3,3400
181,removed,4,2032
181,removed,5,1464
181,removed,6,937
181,removed,7,685
181,removed,8,446
181,removed,9,376
181,removed,10,165
181,removed,11,126
181,removed,12,47
181,removed,13,48
181,removed,14,20
181,removed,15,19
181,removed,16,3
181,removed,17,4
181,removed,18,0
181,removed,19,1
181,removed,20,0
181,removed,21,0
181,removed,22,0
181,removed,23,0
181,removed,24,0
181,removed,25,0
181,removed,26,0
181,removed,27,0
181,removed,28,0
181,removed,29,0
181,removed,30,2
181,removed,31,2
181,removed,32,1
181,removed,33,1
181,removed,34,1
181,removed,35,0
181,removed,36,0
181,removed,37,0
181,removed,38,1
181,removed,39,0
181,removed,40,0
181,removed,41,0
181,removed,42,0
181,removed,43,0
181,removed,44,0
181,removed,45,0
181,removed,46,0
181,removed,47,0
181,removed,48,0
181,removed,49,1
181,removed,50,0
181,removed,51,0
181,removed,52,5
181,removed,53,14
181,removed,54,4
181,removed,55,8
181,removed,56,3
181,removed,57,1
181,removed,58,2
181,removed,59,0
181,removed,60,0
181,removed,61,0
181,removed,62,0
181,removed,63,0
181,removed,64,0
181,removed,65,0
181,removed,66,0
181,removed,67,0
181,removed,68,0
181,removed,69,0
181,removed,70,0
181,removed,71,0
181,removed,72,0
181,removed,73,0
181,removed,74,0
181,removed,75,0
181,removed,76,0
181,removed,77,0
181,removed,78,0
181,removed,79,0
181,removed,80,0
181,removed,81,0
181,removed,82,0
181,removed,83,0
181,removed,84,0
181,removed,85,0
181,removed,86,0
181,removed,87,0
181,removed,88,0
181,removed,89,0
181,removed,90,0
181,removed,91,0
181,removed,92,0
181,removed,93,0
181,removed,94,0
181,removed,95,0
181,removed,96,3
181,removed,97,0
181,removed,98,0
181,removed,99,4
181,removed,100,0
181,removed,101,0
181,removed,102,0
181,removed,103,0
181,removed,104,0
181,removed,105,0
181,removed,106,0
181,removed,107,0
181,removed,108,0
181,removed,109,0
181,removed,110,0
181,removed,111,0
181,removed,112,0
181,removed,113,0
181,removed,114,0
181,removed,115,0
181,removed,116,0
181,removed,117,0
181,removed,118,0
181,removed,119,0
181,removed,120,0
181,removed,121,0
181,removed,122,0
181,removed,123,0
181,removed,124,0
181,removed,125,0
181,removed,126,0
181,removed,127,0
181,removed,128,0
181,removed,129,0
181,removed,130,0
181,removed,131,0
181,removed,132,0
181,removed,133,0
181,removed,134,0
181,removed,135,0
181,removed,136,2
181,removed,137,3
181,removed,138,2
181,removed,139,0
181,removed,140,0
181,removed,141,1
181,removed,142,0
181,removed,143,0
181,removed,144,0
181,removed,145,0
181,removed,146,0
181,removed,147,0
181,removed,148,0
181,removed,149,0
181,removed,150,0
181,removed,151,0
181,removed,152,0
181,removed,153,0
181,removed,154,0
181,removed,155,0
181,removed,156,0
181,removed,157,0
181,removed,158,0
181,removed,159,0
181,removed,160,0
181,removed,161,0
181,removed,162,0
181,removed,163,0
181,removed,164,0
181,removed,165,0
181,removed,166,0
181,removed,167,0
181,removed,168,0
181,removed,169,0
181,removed,170,0
181,removed,171,0
181,removed,172,0
181,removed,173,0
181,removed,174,0
181,removed,175,0
181,removed,176,0
181,removed,177,0
181,removed,178,0
181,removed,179,0
181,removed,180,0
181,live,0,0
181,live,1,29827
181,live,2,18422
181,live,3,15092
181,live,4,11034
181,live,5,10019
181,live,6,7503
181,live,7,9399
181,live,8,7317
181,live,9,5812
181,live,10,9998
181,live,11,5434
181,live,12,5110
181,live,13,3515
181,live,14,2483
181,live,15,1611
181,live,16,1549
181,live,17,114
181,live,18,95
181,live,19,59
181,live,20,39
181,live,21,31
181,live,22,19
181,live,23,18
181,live,24,19
181,live,25,25
181,live,26,23
181,live,27,28
181,live,28,27
181,live,29,22
181,live,30,27
181,live,31,37
181,live,32,34
181,live,33,32
181,live,34,52
181,live,35,38
181,live,36,37
181,live,37,50
181,live,38,50
181,live,39,73
181,live,40,27
181,live,41,24
181,live,42,20
181,live,43,40
181,live,44,21
181,live,45,20
181,live,46,10
181,live,47,7
181,live,48,3
181,live,49,13
181,live,50,33
181,live,51,74
181,live,52,250
181,live,53,1219
181,live,54,677
181,live,55,670
181,live,56,1060
181,live,57,660
181,live,58,477
181,live,59,371
181,live,60,26
181,live,61,20
181,live,62,8
181,live,63,4
181,live,64,2
181,live,65,2
181,live,66,3
181,live,67,2
181,live,68,2
181,live,69,0
181,live,70,1
181,live,71,0
181,live,72,5
181,live,73,1
181,live,74,1
181,live,75,4
181,live,76,2
181,live,77,2
181,live,78,9
181,live,79,8
181,live,80,11
181,live,81,3
181,live,82,15
181,live,83,12
181,live,84,16
181,live,85,13
181,live,86,21
181,live,87,29
181,live,88,11
181,live,89,22
181,live,90,18
181,live,91,7
181,live,92,5
181,live,93,17
181,live,94,40
181,live,95,88
181,live,96,262
181,live,97,489
181,live,98,343
181,live,99,372
181,live,100,308
181,live,101,207
181,live,102,85
181,live,103,33
181,live,104,17
181,live,105,4
181,live,106,1
181,live,107,1
181,live,108,2
181,live,109,1
181,live,110,0
181,live,111,2
181,live,112,1
181,live,113,2
181,live,114,1
181,live,115,1
181,live,116,2
181,live,117,1
181,live,118,2
181,live,119,2
181,live,120,1
181,live,121,2
181,live,122,4
181,live,123,6
181,live,124,11
181,live,125,10
181,live,126,2
181,live,127,3
181,live,128,14
181,live,129,15
181,live,130,22
181,live,131,13
181,live,132,16
181,live,133,7
181,live,134,8
181,live,135,19
181,live,136,23
181,live,137,27
181,live,138,63
181,live,139,196
181,live,140,303
181,live,141,107
181,live,142,207
181,live,143,117
181,live,144,33
181,live,145,12
181,live,146,6
181,live,147,9
181,live,148,4
181,live,149,0
181,live,150,2
181,live,151,0
181,live,152,0
181,live,153,3
181,live,154,0
181,live,155,0
181,live,156,0
181,live,157,0
181,live,158,2
181,live,159,0
181,live,160,0
181,live,161,0
181,live,162,0
181,live,163,0
181,live,164,1
181,live,165,1
181,live,166,0
181,live,167,0
181,live,168,0
181,live,169,0
181,live,170,1
181,live,171,0
181,live,172,0
181,live,173,1
181,live,174,1
181,live,175,1
181,live,176,1
181,live,177,0
181,live,178,12
181,live,179,12
181,live,180,2
181,live,181,0
182,removed,0,23331
182,removed,1,13021
182,removed,2,5233
182,removed,3,3377
182,removed,4,1944
182,removed,5,1622
182,removed,6,940
182,removed,7,667
182,removed,8,521
182,removed,9,267
182,removed,10,312
182,removed,11,93
182,removed,12,104
182,removed,13,41
182,removed,14,37
182,removed,15,4
182,removed,16,26
182,removed,17,1
182,removed,18,1
182,removed,19,2
182,removed,20,1
182,removed,21,0
182,removed,22,0
182,removed,23,0
182,removed,24,0
182,removed,25,0
182,removed,26,0
182,removed,27,0
182,removed,28,0
182,removed,29,0
182,removed,30,0
182,removed,31,0
182,removed,32,0
182,removed,33,1
182,removed,34,1
182,removed,35,1
182,removed,36,1
182,removed,37,1
182,removed,38,1
182,removed,39,0
182,removed,40,0
182,removed,41,0
182,removed,42,0
182,removed,43,0
182,removed,44,0
182,removed,45,0
182,removed,46,0
182,removed,47,0
182,removed,48,0
182,removed,49,0
182,removed,50,0
182,removed,51,0
182,removed,52,0
182,removed,53,17
182,removed,54,1
182,removed,55,0
182,removed,56,5
182,removed,57,0
182,removed,58,1
182,removed,59,1
182,removed,60,0
182,removed,61,0
182,removed,62,0
182,removed,63,0
182,removed,64,0
182,removed,65,0
182,removed,66,0
182,removed,67,0
182,removed,68,0
182,removed,69,0
182,removed,70,0
182,removed,71,0
182,removed,72,0
182,removed,73,0
182,removed,74,0
182,removed,75,0
182,removed,76,0
182,removed,77,0
182,removed,78,0
182,removed,79,0
182,removed,80,0
182,removed,81,0
182,removed,82,0
182,removed,83,0
182,removed,84,0
182,removed,85,0
182,removed,86,0
182,removed,87,0
182,removed,88,0
182,removed,89,0
182,removed,90,0
182,removed,91,0
182,removed,92,0
182,removed,93,0
182,removed,94,0
182,removed,95,0
182,removed,96,1
182,removed,97,1
182,removed,98,6
182,removed,99,0
182,removed,100,0
182,removed,101,1
182,removed,102,0
182,removed,103,0
182,removed,104,0
182,removed,105,0
182,removed,106,0
182,removed,107,0
182,removed,108,0
182,removed,109,0
182,removed,110,0
182,removed,111,0
182,removed,112,1
182,removed,113,0
182,removed,114,0
182,removed,115,0
182,removed,116,0
182,removed,117,0
182,removed,118,0
182,removed,119,0
182,removed,120,0
182,removed,121,0
182,removed,122,0
182,removed,123,0
182,removed,124,0
182,removed,125,0
182,removed,126,0
182,removed,127,0
182,removed,128,0
182,removed,129,0
182,removed,130,0
182,removed,131,0
182,removed,132,0
182,removed,133,0
182,removed,134,0
182,removed,135,0
182,removed,136,0
182,removed,137,0
182,removed,138,0
182,removed,139,0
182,removed,140,0
182,removed,141,0
182,removed,142,0
182,removed,143,0
182,removed,144,0
182,removed,145,0
182,removed,146,0
182,removed,147,0
182,removed,148,0
182,removed,149,0
182,removed,150,0
182,removed,151,0
182,removed,152,0
182,removed,153,0
182,removed,154,0
182,removed,155,0
182,removed,156,0
182,removed,157,0
182,removed,158,0
182,removed,159,0
182,removed,160,0
182,removed,161,0
182,removed,162,0
182,removed,163,0
182,removed,164,0
182,removed,165,0
182,removed,166,0
182,removed,167,0
182,removed,168,0
182,removed,169,0
182,removed,170,0
182,removed,171,0
182,removed,172,0
182,removed,173,0
182,removed,174,0
182,removed,175,0
182,removed,176,0
182,removed,177,0
182,removed,178,0
182,removed,179,0
182,removed,180,0
182,removed,181,0
182,live,0,0
182,live,1,28345
182,live,2,16806
182,live,3,13189
182,live,4,11715
182,live,5,9090
182,live,6,8397
182,live,7,6563
182,live,8,8732
182,live,9,6796
182,live,10,5545
182,live,11,9686
182,live,12,5341
182,live,13,5006
182,live,14,3474
182,live,15,2446
182,live,16,1607
182,live,17,1523
182,live,18,113
182,live,19,94
182,live,20,57
182,live,21,38
182,live,22,31
182,live,23,19
182,live,24,18
182,live,25,19
182,live,26,25
182,live,27,23
182,live,28,28
182,live,29,27
182,live,30,22
182,live,31,27
182,live,32,37
182,live,33,34
182,live,34,31
182,live,35,51
182,live,36,37
182,live,37,36
182,live,38,49
182,live,39,49
182,live,40,73
182,live,41,27
182,live,42,24
182,live,43,20
182,live,44,40
182,live,45,21
182,live,46,20
182,live,47,10
182,live,48,7
182,live,49,3
182,live,50,13
182,live,51,33
182,live,52,74
182,live,53,250
182,live,54,1202
182,live,55,676
182,live,56,670
182,live,57,1055
182,live,58,660
182,live,59,476
182,live,60,370
182,live,61,26
182,live,62,20
182,live,63,8
182,live,64,4
182,live,65,2
182,live,66,2
182,live,67,3
182,live,68,2
182,live,69,2
182,live,70,0
182,live,71,1
182,live,72,0
182,live,73,5
182,live,74,1
182,live,75,1
182,live,76,4
182,live,77,2
182,live,78,2
182,live,79,9
182,live,80,8
182,live,81,11
182,live,82,3
182,live,83,15
182,live,84,12
182,live,85,16
182,live,86,13
182,live,87,21
182,live,88,29
182,live,89,11
182,live,90,22
182,live,91,18
182,live,92,7
182,live,93,5
182,live,94,17
182,live,95,40
182,live,96,88
182,live,97,261
182,live,98,488
182,live,99,337
182,live,100,372
182,live,101,308
182,live,102,206
182,live,103,85
182,live,104,33
182,live,105,17
182,live,106,4
182,live,107,1
182,live,108,1
182,live,109,2
182,live,110,1
182,live,111,0
182,live,112,2
182,live,113,0
182,live,114,2
182,live,115,1
182,live,116,1
182,live,117,2
182,live,118,1
182,live,119,2
182,live,120,2
182,live,121,1
182,live,122,2
182,live,123,4
182,live,124,6
182,live,125,11
182,live,126,10
182,live,127,2
182,live,128,3
182,live,129,14
182,live,130,15
182,live,131,22
182,live,132,13
182,live,133,16
182,live,134,7
182,live,135,8
182,live,136,19
182,live,137,23
182,live,138,27
182,live,139,63
182,live,140,196
182,live,141,303
182,live,142,107
182,live,143,207
182,live,144,117
182,live,145,33
182,live,146,12
182,live,147,6
182,live,148,9
182,live,149,4
182,live,150,0
182,live,151,2
182,live,152,0
182,live,153,0
182,live,154,3
182,live,155,0
182,live,156,0
182,live,157,0
182,live,158,0
182,live,159,2
182,live,160,0
182,live,161,0
182,live,162,0
182,live,163,0
182,live,164,0
182,live,165,1
182,live,166,1
182,live,167,0
182,live,168,0
182,live,169,0
182,live,170,0
182,live,171,1
182,live,172,0
182,live,173,0
182,live,174,1
182,live,175,1
182,live,176,1
182,live,177,1
182,live,178,0
182,live,179,12
182,live,180,12
182,live,181,2
182,live,182,0
183,removed,0,23292
183,removed,1,11744
183,removed,2,5504
183,removed,3,2747
183,removed,4,1732
183,removed,5,1210
183,removed,6,971
183,removed,7,766
183,removed,8,417
183,removed,9,387
183,removed,10,225
183,removed,11,582
183,removed,12,84
183,removed,13,234
183,removed,14,31
183,removed,15,86
183,removed,16,16
183,removed,17,55
183,removed,18,5
183,removed,19,0
183,removed,20,0
183,removed,21,0
183,removed,22,0
183,removed,23,0
183,removed,24,2
183,removed,25,1
183,removed,26,0
183,removed,27,1
183,removed,28,0
183,removed,29,0
183,removed,30,0
183,removed,31,0
183,removed,32,0
183,removed,33,0
183,removed,34,1
183,removed,35,2
183,removed,36,1
183,removed,37,1
183,removed,38,0
183,removed,39,0
183,removed,40,0
183,removed,41,0
183,removed,42,0
183,removed,43,0
183,removed,44,0
183,removed,45,0
183,removed,46,0
183,removed,47,0
183,removed,48,0
183,removed,49,0
183,removed,50,0
183,removed,51,0
183,removed,52,0
183,removed,53,0
183,removed,54,27
183,removed,55,0
183,removed,56,18
183,removed,57,2
183,removed,58,8
183,removed,59,0
183,removed,60,0
183,removed,61,1
183,removed,62,0
183,removed,63,0
183,removed,64,0
183,removed,65,0
183,removed,66,0
183,removed,67,0
183,removed,68,0
183,removed,69,0
183,removed,70,0
183,removed,71,0
183,removed,72,0
183,removed,73,0
183,removed,74,0
183,removed,75,0
183,removed,76,0
183,removed,77,0
183,removed,78,0
183,removed,79,0
183,removed,80,0
183,removed,81,0
183,removed,82,0
183,removed,83,0
183,removed,84,0
183,removed,85,0
183,removed,86,0
183,removed,87,0
183,removed,88,0
183,removed,89,0
183,removed,90,0
183,removed,91,0
183,removed,92,0
183,removed,93,0
183,removed,94,0
183,removed,95,1
183,removed,96,3
183,removed,97,2
183,removed,98,0
183,removed,99,7
183,removed,100,0
183,removed,101,4
183,removed,102,0
183,removed,103,0
183,removed,104,0
183,removed,105,0
183,removed,106,0
183,removed,107,0
183,removed,108,0
183,removed,109,0
183,removed,110,0
183,removed,111,0
183,removed,112,0
183,removed,113,0
183,removed,114,0
183,removed,115,0
183,removed,116,0
183,removed,117,0
183,removed,118,0
183,removed,119,0
183,removed,120,0
183,removed,121,0
183,removed,122,0
183,removed,123,0
183,removed,124,0
183,removed,125,0
183,removed,126,0
183,removed,127,0
183,removed,128,0
183,removed,129,0
183,removed,130,0
183,removed,131,0
183,removed,132,0
183,removed,133,0
183,removed,134,0
183,removed,135,0
183,removed,136,0
183,removed,137,0
183,removed,138,0
183,removed,139,1
183,removed,140,1
183,removed,141,3
183,removed,142,0
183,removed,143,0
183,removed,144,0
183,removed,145,0
183,removed,146,0
183,removed,147,0
183,removed,148,0
183,removed,149,0
183,removed,150,0
183,removed,151,0
183,removed,152,0
183,removed,153,0
183,removed,154,0
183,removed,155,0
183,removed,156,0
183,removed,157,0
183,removed,158,0
183,removed,159,0
183,removed,160,0
183,removed,161,0
183,removed,162,0
183,removed,163,0
183,removed,164,0
183,removed,165,0
183,removed,166,0
183,removed,167,0
183,removed,168,0
183,removed,169,0
183,removed,170,0
183,removed,171,0
183,removed,172,0
183,removed,173,0
183,removed,174,0
183,removed,175,0
183,removed,176,0
183,removed,177,0
183,removed,178,0
183,removed,179,0
183,removed,180,0
183,removed,181,0
183,removed,182,0
183,live,0,0
183,live,1,28381
183,live,2,16601
183,live,3,11302
183,live,4,10442
183,live,5,9983
183,live,6,7880
183,live,7,7426
183,live,8,5797
183,live,9,8315
183,live,10,6409
183,live,11,5320
183,live,12,9104
183,live,13,5257
183,live,14,4772
183,live,15,3443
183,live,16,2360
183,live,17,1591
183,live,18,1468
183,live,19,108
183,live,20,94
183,live,21,57
183,live,22,38
183,live,23,31
183,live,24,19
183,live,25,16
183,live,26,18
183,live,27,25
183,live,28,22
183,live,29,28
183,live,30,27
183,live,31,22
183,live,32,27
183,live,33,37
183,live,34,34
183,live,35,30
183,live,36,49
183,live,37,36
183,live,38,35
183,live,39,49
183,live,40,49
183,live,41,73
183,live,42,27
183,live,43,24
183,live,44,20
183,live,45,40
183,live,46,21
183,live,47,20
183,live,48,10
183,live,49,7
183,live,50,3
183,live,51,13
183,live,52,33
183,live,53,74
183,live,54,250
183,live,55,1175
183,live,56,676
183,live,57,652
183,live,58,1053
183,live,59,652
183,live,60,476
183,live,61,370
183,live,62,25
183,live,63,20
183,live,64,8
183,live,65,4
183,live,66,2
183,live,67,2
183,live,68,3
183,live,69,2
183,live,70,2
183,live,71,0
183,live,72,1
183,live,73,0
183,live,74,5
183,live,75,1
183,live,76,1
183,live,77,4
183,live,78,2
183,live,79,2
183,live,80,9
183,live,81,8
183,live,82,11
183,live,83,3
183,live,84,15
183,live,85,12
183,live,86,16
183,live,87,13
183,live,88,21
183,live,89,29
183,live,90,11
183,live,91,22
183,live,92,18
183,live,93,7
183,live,94,5
183,live,95,17
183,live,96,39
183,live,97,85
183,live,98,259
183,live,99,488
183,live,100,330
183,live,101,372
183,live,102,304
183,live,103,206
183,live,104,85
183,live,105,33
183,live,106,17
183,live,107,4
183,live,108,1
183,live,109,1
183,live,110,2
183,live,111,1
183,live,112,0
183,live,113,2
183,live,114,0
183,live,115,2
183,live,116,1
183,live,117,1
183,live,118,2
183,live,119,1
183,live,120,2
183,live,121,2
183,live,122,1
183,live,123,2
183,live,124,4
183,live,125,6
183,live,126,11
183,live,127,10
183,live,128,2
183,live,129,3
183,live,130,14
183,live,131,15
183,live,132,22
183,live,133,13
183,live,134,16
183,live,135,7
183,live,136,8
183,live,137,19
183,live,138,23
183,live,139,27
183,live,140,62
183,live,141,195
183,live,142,300
183,live,143,107
183,live,144,207
183,live,145,117
183,live,146,33
183,live,147,12
183,live,148,6
183,live,149,9
183,live,150,4
183,live,151,0
183,live,152,2
183,live,153,0
183,live,154,0
183,live,155,3
183,live,156,0
183,live,157,0
183,live,158,0
183,live,159,0
183,live,160,2
183,live,161,0
183,live,162,0
183,live,163,0
183,live,164,0
183,live,165,0
183,live,166,1
183,live,167,1
183,live,168,0
183,live,169,0
183,live,170,0
183,live,171,0
183,live,172,1
183,live,173,0
183,live,174,0
183,live,175,1
183,live,176,1
183,live,177,1
183,live,178,1
183,live,179,0
183,live,180,12
183,live,181,12
183,live,182,2
183,live,183,0
184,removed,0,23509
184,removed,1,12058
184,removed,2,5624
184,removed,3,3229
184,removed,4,1770
184,removed,5,1303
184,removed,6,862
184,removed,7,629
184,removed,8,505
184,removed,9,467
184,removed,10,311
184,removed,11,237
184,removed,12,1110
184,removed,13,108
184,removed,14,505
184,removed,15,41
184,removed,16,220
184,removed,17,41
184,removed,18,52
184,removed,19,2
184,removed,20,9
184,removed,21,4
184,removed,22,3
184,removed,23,3
184,removed,24,2
184,removed,25,1
184,removed,26,2
184,removed,27,1
184,removed,28,0
184,removed,29,2
184,removed,30,2
184,removed,31,0
184,removed,32,1
184,removed,33,2
184,removed,34,0
184,removed,35,1
184,removed,36,1
184,removed,37,0
184,removed,38,0
184,removed,39,1
184,removed,40,1
184,removed,41,0
184,removed,42,0
184,removed,43,0
184,removed,44,0
184,removed,45,0
184,removed,46,0
184,removed,47,0
184,removed,48,0
184,removed,49,0
184,removed,50,0
184,removed,51,0
184,removed,52,0
184,removed,53,3
184,removed,54,6
184,removed,55,21
184,removed,56,56
184,removed,57,31
184,removed,58,44
184,removed,59,17
184,removed,60,13
184,removed,61,12
184,removed,62,1
184,removed,63,0
184,removed,64,1
184,removed,65,1
184,removed,66,0
184,removed,67,0
184,removed,68,0
184,removed,69,0
184,removed,70,0
184,removed,71,0
184,removed,72,0
184,removed,73,0
184,removed,74,1
184,removed,75,0
184,removed,76,0
184,removed,77,0
184,removed,78,0
184,removed,79,0
184,removed,80,0
184,removed,81,0
184,removed,82,0
184,removed,83,0
184,removed,84,3
184,removed,85,0
184,removed,86,1
184,removed,87,0
184,removed,88,2
184,removed,89,2
184,removed,90,1
184,removed,91,0
184,removed,92,1
184,removed,93,0
184,removed,94,0
184,removed,95,0
184,removed,96,0
184,removed,97,0
184,removed,98,16
184,removed,99,6
184,removed,100,22
184,removed,101,6
184,removed,102,7
184,removed,103,0
184,removed,104,0
184,removed,105,1
184,removed,106,0
184,removed,107,0
184,removed,108,0
184,removed,109,0
184,removed,110,0
184,removed,111,0
184,removed,112,0
184,removed,113,0
184,removed,114,0
184,removed,115,0
184,removed,116,0
184,removed,117,0
184,removed,118,0
184,removed,119,1
184,removed,120,1
184,removed,121,1
184,removed,122,1
184,removed,123,0
184,removed,124,0
184,removed,125,0
184,removed,126,0
184,removed,127,0
184,removed,128,0
184,removed,129,0
184,removed,130,3
184,removed,131,6
184,removed,132,4
184,removed,133,0
184,removed,134,0
184,removed,135,0
184,removed,136,3
184,removed,137,0
184,removed,138,0
184,removed,139,0
184,removed,140,2
184,removed,141,10
184,removed,142,20
184,removed,143,3
184,removed,144,2
184,removed,145,3
184,removed,146,0
184,removed,147,0
184,removed,148,0
184,removed,149,0
184,removed,150,0
184,removed,151,0
184,removed,152,0
184,removed,153,0
184,removed,154,0
184,removed,155,0
184,removed,156,0
184,removed,157,0
184,removed,158,0
184,removed,159,0
184,removed,160,0
184,removed,161,0
184,removed,162,0
184,removed,163,0
184,removed,164,0
184,removed,165,0
184,removed,166,0
184,removed,167,0
184,removed,168,0
184,removed,169,0
184,removed,170,0
184,removed,171,0
184,removed,172,0
184,removed,173,0
184,removed,174,0
184,removed,175,0
184,removed,176,0
184,removed,177,0
184,removed,178,0
184,removed,179,0
184,removed,180,0
184,removed,181,0
184,removed,182,0
184,removed,183,0
184,live,0,0
184,live,1,28154
184,live,2,16323
184,live,3,10977
184,live,4,8073
184,live,5,8672
184,live,6,8680
184,live,7,7018
184,live,8,6797
184,live,9,5292
184,live,10,7848
184,live,11,6098
184,live,12,5083
184,live,13,7994
184,live,14,5149
184,live,15,4267
184,live,16,3402
184,live,17,2140
184,live,18,1550
184,live,19,1416
184,live,20,106
184,live,21,85
184,live,22,53
184,live,23,35
184,live,24,28
184,live,25,17
184,live,26,15
184,live,27,16
184,live,28,24
184,live,29,22
184,live,30,26
184,live,31,25
184,live,32,22
184,live,33,26
184,live,34,35
184,live,35,34
184,live,36,29
184,live,37,48
184,live,38,36
184,live,39,35
184,live,40,48
184,live,41,48
184,live,42,73
184,live,43,27
184,live,44,24
184,live,45,20
184,live,46,40
184,live,47,21
184,live,48,20
184,live,49,10
184,live,50,7
184,live,51,3
184,live,52,13
184,live,53,33
184,live,54,71
184,live,55,244
184,live,56,1154
184,live,57,620
184,live,58,621
184,live,59,1009
184,live,60,635
184,live,61,463
184,live,62,358
184,live,63,24
184,live,64,20
184,live,65,7
184,live,66,3
184,live,67,2
184,live,68,2
184,live,69,3
184,live,70,2
184,live,71,2
184,live,72,0
184,live,73,1
184,live,74,0
184,live,75,4
184,live,76,1
184,live,77,1
184,live,78,4
184,live,79,2
184,live,80,2
184,live,81,9
184,live,82,8
184,live,83,11
184,live,84,3
184,live,85,12
184,live,86,12
184,live,87,15
184,live,88,13
184,live,89,19
184,live,90,27
184,live,91,10
184,live,92,22
184,live,93,17
184,live,94,7
184,live,95,5
184,live,96,17
184,live,97,39
184,live,98,85
184,live,99,243
184,live,100,482
184,live,101,308
184,live,102,366
184,live,103,297
184,live,104,206
184,live,105,85
184,live,106,32
184,live,107,17
184,live,108,4
184,live,109,1
184,live,110,1
184,live,111,2
184,live,112,1
184,live,113,0
184,live,114,2
184,live,115,0
184,live,116,2
184,live,117,1
184,live,118,1
184,live,119,2
184,live,120,0
184,live,121,1
184,live,122,1
184,live,123,0
184,live,124,2
184,live,125,4
184,live,126,6
184,live,127,11
184,live,128,10
184,live,129,2
184,live,130,3
184,live,131,11
184,live,132,9
184,live,133,18
184,live,134,13
184,live,135,16
184,live,136,7
184,live,137,5
184,live,138,19
184,live,139,23
184,live,140,27
184,live,141,60
184,live,142,185
184,live,143,280
184,live,144,104
184,live,145,205
184,live,146,114
184,live,147,33
184,live,148,12
184,live,149,6
184,live,150,9
184,live,151,4
184,live,152,0
184,live,153,2
184,live,154,0
184,live,155,0
184,live,156,3
184,live,157,0
184,live,158,0
184,live,159,0
184,live,160,0
184,live,161,2
184,live,162,0
184,live,163,0
184,live,164,0
184,live,165,0
184,live,166,0
184,live,167,1
184,live,168,1
184,live,169,0
184,live,170,0
184,live,171,0
184,live,172,0
184,live,173,1
184,live,174,0
184,live,175,0
184,live,176,1
184,live,177,1
184,live,178,1
184,live,179,1
184,live,180,0
184,live,181,12
184,live,182,12
184,live,183,2
184,live,184,0
185,removed,0,23570
185,removed,1,12009
185,removed,2,5755
185,removed,3,3033
185,removed,4,1832
185,removed,5,1215
185,removed,6,878
185,removed,7,739
185,removed,8,498
185,removed,9,410
185,removed,10,631
185,removed,11,250
185,removed,12,224
185,removed,13,309
185,removed,14,82
185,removed,15,168
185,removed,16,36
185,removed,17,67
185,removed,18,32
185,removed,19,16
185,removed,20,0
185,removed,21,2
185,removed,22,0
185,removed,23,0
185,removed,24,0
185,removed,25,0
185,removed,26,0
185,removed,27,1
185,removed,28,1
185,removed,29,1
185,removed,30,1
185,removed,31,0
185,removed,32,0
185,removed,33,0
185,removed,34,0
185,removed,35,0
185,removed,36,0
185,removed,37,1
185,removed,38,1
185,removed,39,1
185,removed,40,1
185,removed,41,0
185,removed,42,0
185,removed,43,0
185,removed,44,0
185,removed,45,0
185,removed,46,0
185,removed,47,0
185,removed,48,0
185,removed,49,0
185,removed,50,0
185,removed,51,0
185,removed,52,0
185,removed,53,2
185,removed,54,0
185,removed,55,2
185,removed,56,15
185,removed,57,1
185,removed,58,16
185,removed,59,6
185,removed,60,10
185,removed,61,3
185,removed,62,2
185,removed,63,5
185,removed,64,0
185,removed,65,0
185,removed,66,0
185,removed,67,0
185,removed,68,0
185,removed,69,0
185,removed,70,0
185,removed,71,0
185,removed,72,0
185,removed,73,0
185,removed,74,0
185,removed,75,0
185,removed,76,0
185,removed,77,0
185,removed,78,0
185,removed,79,0
185,removed,80,0
185,removed,81,0
185,removed,82,0
185,removed,83,0
185,removed,84,0
185,removed,85,0
185,removed,86,0
185,removed,87,0
185,removed,88,2
185,removed,89,0
185,removed,90,0
185,removed,91,0
185,removed,92,0
185,removed,93,1
185,removed,94,0
185,removed,95,0
185,removed,96,0
185,removed,97,0
185,removed,98,0
185,removed,99,2
185,removed,100,0
185,removed,101,1
185,removed,102,0
185,removed,103,3
185,removed,104,8
185,removed,105,1
185,removed,106,0
185,removed,107,0
185,removed,108,0
185,removed,109,0
185,removed,110,0
185,removed,111,0
185,removed,112,0
185,removed,113,0
185,removed,114,0
185,removed,115,0
185,removed,116,0
185,removed,117,0
185,removed,118,0
185,removed,119,0
185,removed,120,0
185,removed,121,0
185,removed,122,0
185,removed,123,0
185,removed,124,1
185,removed,125,1
185,removed,126,1
185,removed,127,0
185,removed,128,1
185,removed,129,0
185,removed,130,0
185,removed,131,0
185,removed,132,1
185,removed,133,3
185,removed,134,0
185,removed,135,0
185,removed,136,0
185,removed,137,0
185,removed,138,0
185,removed,139,0
185,removed,140,0
185,removed,141,0
185,removed,142,0
185,removed,143,0
185,removed,144,0
185,removed,145,5
185,removed,146,6
185,removed,147,0
185,removed,148,0
185,removed,149,0
185,removed,150,0
185,removed,151,0
185,removed,152,0
185,removed,153,0
185,removed,154,0
185,removed,155,0
185,removed,156,0
185,removed,157,0
185,removed,158,0
185,removed,159,0
185,removed,160,0
185,removed,161,0
185,removed,162,0
185,removed,163,0
185,removed,164,0
185,removed,165,0
185,removed,166,0
185,removed,167,0
185,removed,168,0
185,removed,169,0
185,removed,170,0
185,removed,171,0
185,removed,172,0
185,removed,173,0
185,removed,174,0
185,removed,175,0
185,removed,176,0
185,removed,177,0
185,removed,178,0
185,removed,179,0
185,removed,180,0
185,removed,181,0
185,removed,182,0
185,removed,183,0
185,removed,184,0
185,live,0,0
185,live,1,28116
185,live,2,16145
185,live,3,10568
185,live,4,7944
185,live,5,6241
185,live,6,7457
185,live,7,7802
185,live,8,6279
185,live,9,6299
185,live,10,4882
185,live,11,7217
185,live,12,5848
185,live,13,4859
185,live,14,7685
185,live,15,5067
185,live,16,4099
185,live,17,3366
185,live,18,2073
185,live,19,1518
185,live,20,1400
185,live,21,106
185,live,22,83
185,live,23,53
185,live,24,35
185,live,25,28
185,live,26,17
185,live,27,15
185,live,28,15
185,live,29,23
185,live,30,21
185,live,31,25
185,live,32,25
185,live,33,22
185,live,34,26
185,live,35,35
185,live,36,34
185,live,37,29
185,live,38,47
185,live,39,35
185,live,40,34
185,live,41,47
185,live,42,48
185,live,43,73
185,live,44,27
185,live,45,24
185,live,46,20
185,live,47,40
185,live,48,21
185,live,49,20
185,live,50,10
185,live,51,7
185,live,52,3
185,live,53,13
185,live,54,31
185,live,55,71
185,live,56,242
185,live,57,1139
185,live,58,619
185,live,59,605
185,live,60,1003
185,live,61,625
185,live,62,460
185,live,63,356
185,live,64,19
185,live,65,20
185,live,66,7
185,live,67,3
185,live,68,2
185,live,69,2
185,live,70,3
185,live,71,2
185,live,72,2
185,live,73,0
185,live,74,1
185,live,75,0
185,live,76,4
185,live,77,1
185,live,78,1
185,live,79,4
185,live,80,2
185,live,81,2
185,live,82,9
185,live,83,8
185,live,84,11
185,live,85,3
185,live,86,12
185,live,87,12
185,live,88,15
185,live,89,11
185,live,90,19
185,live,91,27
185,live,92,10
185,live,93,22
185,live,94,16
185,live,95,7
185,live,96,5
185,live,97,17
185,live,98,39
185,live,99,85
185,live,100,241
185,live,101,482
185,live,102,307
185,live,103,366
185,live,104,294
185,live,105,198
185,live,106,84
185,live,107,32
185,live,108,17
185,live,109,4
185,live,110,1
185,live,111,1
185,live,112,2
185,live,113,1
185,live,114,0
185,live,115,2
185,live,116,0
185,live,117,2
185,live,118,1
185,live,119,1
185,live,120,2
185,live,121,0
185,live,122,1
185,live,123,1
185,live,124,0
185,live,125,1
185,live,126,3
185,live,127,5
185,live,128,11
185,live,129,9
185,live,130,2
185,live,131,3
185,live,132,11
185,live,133,8
185,live,134,15
185,live,135,13
185,live,136,16
185,live,137,7
185,live,138,5
185,live,139,19
185,live,140,23
185,live,141,27
185,live,142,60
185,live,143,185
185,live,144,280
185,live,145,104
185,live,146,200
185,live,147,108
185,live,148,33
185,live,149,12
185,live,150,6
185,live,151,9
185,live,152,4
185,live,153,0
185,live,154,2
185,live,155,0
185,live,156,0
185,live,157,3
185,live,158,0
185,live,159,0
185,live,160,0
185,live,161,0
185,live,162,2
185,live,163,0
185,live,164,0
185,live,165,0
185,live,166,0
185,live,167,0
185,live,168,1
185,live,169,1
185,live,170,0
185,live,171,0
185,live,172,0
185,live,173,0
185,live,174,1
185,live,175,0
185,live,176,0
185,live,177,1
185,live,178,1
185,live,179,1
185,live,180,1
185,live,181,0
185,live,182,12
185,live,183,12
185,live,184,2
185,live,185,0
186,removed,0,24674
186,removed,1,12876
186,removed,2,5826
186,removed,3,3062
186,removed,4,1827
186,removed,5,1378
186,removed,6,986
186,removed,7,662
186,removed,8,548
186,removed,9,384
186,removed,10,291
186,removed,11,497
186,removed,12,149
186,removed,13,149
186,removed,14,183
186,removed,15,39
186,removed,16,98
186,removed,17,24
186,removed,18,46
186,removed,19,27
186,removed,20,16
186,removed,21,4
186,removed,22,7
186,removed,23,0
186,removed,24,2
186,removed,25,0
186,removed,26,0
186,removed,27,0
186,removed,28,0
186,removed,29,0
186,removed,30,0
186,removed,31,0
186,removed,32,0
186,removed,33,0
186,removed,34,0
186,removed,35,0
186,removed,36,0
186,removed,37,0
186,removed,38,0
186,removed,39,0
186,removed,40,0
186,removed,41,0
186,removed,42,0
186,removed,43,1
186,removed,44,0
186,removed,45,0
186,removed,46,0
186,removed,47,0
186,removed,48,0
186,removed,49,0
186,removed,50,0
186,removed,51,1
186,removed,52,0
186,removed,53,0
186,removed,54,0
186,removed,55,0
186,removed,56,2
186,removed,57,9
186,removed,58,3
186,removed,59,8
186,removed,60,1
186,removed,61,6
186,removed,62,9
186,removed,63,1
186,removed,64,0
186,removed,65,0
186,removed,66,0
186,removed,67,0
186,removed,68,0
186,removed,69,0
186,removed,70,0
186,removed,71,0
186,removed,72,0
186,removed,73,0
186,removed,74,0
186,removed,75,0
186,removed,76,0
186,removed,77,0
186,removed,78,0
186,removed,79,0
186,removed,80,0
186,removed,81,0
186,removed,82,0
186,removed,83,0
186,removed,84,0
186,removed,85,0
186,removed,86,0
186,removed,87,0
186,removed,88,0
186,removed,89,0
186,removed,90,0
186,removed,91,0
186,removed,92,0
186,removed,93,0
186,removed,94,0
186,removed,95,0
186,removed,96,0
186,removed,97,0
186,removed,98,1
186,removed,99,0
186,removed,100,0
186,removed,101,2
186,removed,102,0
186,removed,103,7
186,removed,104,0
186,removed,105,1
186,removed,106,0
186,removed,107,0
186,removed,108,0
186,removed,109,0
186,removed,110,0
186,removed,111,0
186,removed,112,0
186,removed,113,0
186,removed,114,0
186,removed,115,0
186,removed,116,0
186,removed,117,0
186,removed,118,0
186,removed,119,0
186,removed,120,0
186,removed,121,0
186,removed,122,0
186,removed,123,0
186,removed,124,0
186,removed,125,0
186,removed,126,0
186,removed,127,0
186,removed,128,0
186,removed,129,0
186,removed,130,0
186,removed,131,0
186,removed,132,0
186,removed,133,0
186,removed,134,0
186,removed,135,0
186,removed,136,1
186,removed,137,1
186,removed,138,0
186,removed,139,0
186,removed,140,0
186,removed,141,1
186,removed,142,1
186,removed,143,16
186,removed,144,4
186,removed,145,2
186,removed,146,0
186,removed,147,1
186,removed,148,2
186,removed,149,0
186,removed,150,0
186,removed,151,0
186,removed,152,0
186,removed,153,0
186,removed,154,0
186,removed,155,0
186,removed,156,0
186,removed,157,0
186,removed,158,0
186,removed,159,0
186,removed,160,0
186,removed,161,0
186,removed,162,0
186,removed,163,0
186,removed,164,0
186,removed,165,0
186,removed,166,0
186,removed,167,0
186,removed,168,0
186,removed,169,0
186,removed,170,0
186,removed,171,0
186,removed,172,0
186,removed,173,0
186,removed,174,0
186,removed,175,0
186,removed,176,0
186,removed,177,0
186,removed,178,0
186,removed,179,0
186,removed,180,0
186,removed,181,0
186,removed,182,0
186,removed,183,0
186,removed,184,0
186,removed,185,0
186,live,0,0
186,live,1,26996
186,live,2,15240
186,live,3,10319
186,live,4,7506
186,live,5,6117
186,live,6,4863
186,live,7,6471
186,live,8,7140
186,live,9,5731
186,live,10,5915
186,live,11,4591
186,live,12,6720
186,live,13,5699
186,live,14,4710
186,live,15,7502
186,live,16,5028
186,live,17,4001
186,live,18,3342
186,live,19,2027
186,live,20,1491
186,live,21,1384
186,live,22,102
186,live,23,76
186,live,24,53
186,live,25,33
186,live,26,28
186,live,27,17
186,live,28,15
186,live,29,15
186,live,30,23
186,live,31,21
186,live,32,25
186,live,33,25
186,live,34,22
186,live,35,26
186,live,36,35
186,live,37,34
186,live,38,29
186,live,39,47
186,live,40,35
186,live,41,34
186,live,42,47
186,live,43,48
186,live,44,72
186,live,45,27
186,live,46,24
186,live,47,20
186,live,48,40
186,live,49,21
186,live,50,20
186,live,51,10
186,live,52,6
186,live,53,3
186,live,54,13
186,live,55,31
186,live,56,71
186,live,57,240
186,live,58,1130
186,live,59,616
186,live,60,597
186,live,61,1002
186,live,62,619
186,live,63,451
186,live,64,355
186,live,65,19
186,live,66,20
186,live,67,7
186,live,68,3
186,live,69,2
186,live,70,2
186,live,71,3
186,live,72,2
186,live,73,2
186,live,74,0
186,live,75,1
186,live,76,0
186,live,77,4
186,live,78,1
186,live,79,1
186,live,80,4
186,live,81,2
186,live,82,2
186,live,83,9
186,live,84,8
186,live,85,11
186,live,86,3
186,live,87,12
186,live,88,12
186,live,89,15
186,live,90,11
186,live,91,19
186,live,92,27
186,live,93,10
186,live,94,22
186,live,95,16
186,live,96,7
186,live,97,5
186,live,98,17
186,live,99,38
186,live,100,85
186,live,101,241
186,live,102,480
186,live,103,307
186,live,104,359
186,live,105,294
186,live,106,197
186,live,107,84
186,live,108,32
186,live,109,17
186,live,110,4
186,live,111,1
186,live,112,1
186,live,113,2
186,live,114,1
186,live,115,0
186,live,116,2
186,live,117,0
186,live,118,2
186,live,119,1
186,live,120,1
186,live,121,2
186,live,122,0
186,live,123,1
186,live,124,1
186,live,125,0
186,live,126,1
186,live,127,3
186,live,128,5
186,live,129,11
186,live,130,9
186,live,131,2
186,live,132,3
186,live,133,11
186,live,134,8
186,live,135,15
186,live,136,13
186,live,137,15
186,live,138,6
186,live,139,5
186,live,140,19
186,live,141,23
186,live,142,26
186,live,143,59
186,live,144,169
186,live,145,276
186,live,146,102
186,live,147,200
186,live,148,107
186,live,149,31
186,live,150,12
186,live,151,6
186,live,152,9
186,live,153,4
186,live,154,0
186,live,155,2
186,live,156,0
186,live,157,0
186,live,158,3
186,live,159,0
186,live,160,0
186,live,161,0
186,live,162,0
186,live,163,2
186,live,164,0
186,live,165,0
186,live,166,0
186,live,167,0
186,live,168,0
186,live,169,1
186,live,170,1
186,live,171,0
186,live,172,0
186,live,173,0
186,live,174,0
186,live,175,1
186,live,176,0
186,live,177,0
186,live,178,1
186,live,179,1
186,live,180,1
186,live,181,1
186,live,182,0
186,live,183,12
186,live,184,12
186,live,185,2
186,live,186,0
187,removed,0,24976
187,removed,1,12127
187,removed,2,5392
187,removed,3,3150
187,removed,4,1960
187,removed,5,1405
187,removed,6,1091
187,removed,7,755
187,removed,8,540
187,removed,9,378
187,removed,10,362
187,removed,11,238
187,removed,12,343
187,removed,13,135
187,removed,14,155
187,removed,15,284
187,removed,16,32
187,removed,17,141
187,removed,18,13
187,removed,19,97
187,removed,20,17
187,removed,21,15
187,removed,22,0
187,removed,23,1
187,removed,24,0
187,removed,25,0
187,removed,26,0
187,removed,27,1
187,removed,28,0
187,removed,29,0
187,removed,30,0
187,removed,31,0
187,removed,32,0
187,removed,33,0
187,removed,34,0
187,removed,35,1
187,removed,36,0
187,removed,37,0
187,removed,38,0
187,removed,39,0
187,removed,40,0
187,removed,41,0
187,removed,42,2
187,removed,43,0
187,removed,44,1
187,removed,45,2
187,removed,46,0
187,removed,47,0
187,removed,48,0
187,removed,49,0
187,removed,50,0
187,removed,51,0
187,removed,52,0
187,removed,53,0
187,removed,54,0
187,removed,55,0
187,removed,56,0
187,removed,57,0
187,removed,58,24
187,removed,59,1
187,removed,60,4
187,removed,61,10
187,removed,62,16
187,removed,63,5
187,removed,64,7
187,removed,65,0
187,removed,66,0
187,removed,67,0
187,removed,68,0
187,removed,69,0
187,removed,70,0
187,removed,71,0
187,removed,72,0
187,removed,73,0
187,removed,74,0
187,removed,75,0
187,removed,76,0
187,removed,77,0
187,removed,78,0
187,removed,79,0
187,removed,80,0
187,removed,81,0
187,removed,82,0
187,removed,83,0
187,removed,84,0
187,removed,85,0
187,removed,86,0
187,removed,87,0
187,removed,88,0
187,removed,89,0
187,removed,90,0
187,removed,91,0
187,removed,92,0
187,removed,93,0
187,removed,94,0
187,removed,95,0
187,removed,96,0
187,removed,97,0
187,removed,98,0
187,removed,99,0
187,removed,100,0
187,removed,101,0
187,removed,102,6
187,removed,103,1
187,removed,104,3
187,removed,105,1
187,removed,106,0
187,removed,107,1
187,removed,108,0
187,removed,109,0
187,removed,110,0
187,removed,111,0
187,removed,112,0
187,removed,113,0
187,removed,114,0
187,removed,115,0
187,removed,116,0
187,removed,117,0
187,removed,118,0
187,removed,119,0
187,removed,120,0
187,removed,121,0
187,removed,122,0
187,removed,123,0
187,removed,124,0
187,removed,125,0
187,removed,126,0
187,removed,127,0
187,removed,128,0
187,removed,129,0
187,removed,130,0
187,removed,131,0
187,removed,132,0
187,removed,133,0
187,removed,134,1
187,removed,135,0
187,removed,136,0
187,removed,137,0
187,removed,138,0
187,removed,139,0
187,removed,140,0
187,removed,141,0
187,removed,142,0
187,removed,143,0
187,removed,144,0
187,removed,145,0
187,removed,146,0
187,removed,147,1
187,removed,148,1
187,removed,149,0
187,removed,150,0
187,removed,151,1
187,removed,152,0
187,removed,153,0
187,removed,154,0
187,removed,155,0
187,removed,156,0
187,removed,157,0
187,removed,158,0
187,removed,159,0
187,removed,160,0
187,removed,161,0
187,removed,162,0
187,removed,163,0
187,removed,164,0
187,removed,165,0
187,removed,166,0
187,removed,167,0
187,removed,168,0
187,removed,169,0
187,removed,170,0
187,removed,171,0
187,removed,172,0
187,removed,173,0
187,removed,174,0
187,removed,175,0
187,removed,176,0
187,removed,177,0
187,removed,178,0
187,removed,179,0
187,removed,180,0
187,removed,181,0
187,removed,182,0
187,removed,183,0
187,removed,184,0
187,removed,185,1
187,removed,186,0
187,live,0,0
187,live,1,26720
187,live,2,14869
187,live,3,9848
187,live,4,7169
187,live,5,5546
187,live,6,4712
187,live,7,3772
187,live,8,5716
187,live,9,6600
187,live,10,5353
187,live,11,5553
187,live,12,4353
187,live,13,6377
187,live,14,5564
187,live,15,4555
187,live,16,7218
187,live,17,4996
187,live,18,3860
187,live,19,3329
187,live,20,1930
187,live,21,1474
187,live,22,1369
187,live,23,102
187,live,24,75
187,live,25,53
187,live,26,33
187,live,27,28
187,live,28,16
187,live,29,15
187,live,30,15
187,live,31,23
187,live,32,21
187,live,33,25
187,live,34,25
187,live,35,22
187,live,36,25
187,live,37,35
187,live,38,34
187,live,39,29
187,live,40,47
187,live,41,35
187,live,42,34
187,live,43,45
187,live,44,48
187,live,45,71
187,live,46,25
187,live,47,24
187,live,48,20
187,live,49,40
187,live,50,21
187,live,51,20
187,live,52,10
187,live,53,6
187,live,54,3
187,live,55,13
187,live,56,31
187,live,57,71
187,live,58,240
187,live,59,1106
187,live,60,615
187,live,61,593
187,live,62,992
187,live,63,603
187,live,64,446
187,live,65,348
187,live,66,19
187,live,67,20
187,live,68,7
187,live,69,3
187,live,70,2
187,live,71,2
187,live,72,3
187,live,73,2
187,live,74,2
187,live,75,0
187,live,76,1
187,live,77,0
187,live,78,4
187,live,79,1
187,live,80,1
187,live,81,4
187,live,82,2
187,live,83,2
187,live,84,9
187,live,85,8
187,live,86,11
187,live,87,3
187,live,88,12
187,live,89,12
187,live,90,15
187,live,91,11
187,live,92,19
187,live,93,27
187,live,94,10
187,live,95,22
187,live,96,16
187,live,97,7
187,live,98,5
187,live,99,17
187,live,100,38
187,live,101,85
187,live,102,241
187,live,103,474
187,live,104,306
187,live,105,356
187,live,106,293
187,live,107,197
187,live,108,83
187,live,109,32
187,live,110,17
187,live,111,4
187,live,112,1
187,live,113,1
187,live,114,2
187,live,115,1
187,live,116,0
187,live,117,2
187,live,118,0
187,live,119,2
187,live,120,1
187,live,121,1
187,live,122,2
187,live,123,0
187,live,124,1
187,live,125,1
187,live,126,0
187,live,127,1
187,live,128,3
187,live,129,5
187,live,130,11
187,live,131,9
187,live,132,2
187,live,133,3
187,live,134,11
187,live,135,7
187,live,136,15
187,live,137,13
187,live,138,15
187,live,139,6
187,live,140,5
187,live,141,19
187,live,142,23
187,live,143,26
187,live,144,59
187,live,145,169
187,live,146,276
187,live,147,102
187,live,148,199
187,live,149,106
187,live,150,31
187,live,151,12
187,live,152,5
187,live,153,9
187,live,154,4
187,live,155,0
187,live,156,2
187,live,157,0
187,live,158,0
187,live,159,3
187,live,160,0
187,live,161,0
187,live,162,0
187,live,163,0
187,live,164,2
187,live,165,0
187,live,166,0
187,live,167,0
187,live,168,0
187,live,169,0
187,live,170,1
187,live,171,1
187,live,172,0
187,live,173,0
187,live,174,0
187,live,175,0
187,live,176,1
187,live,177,0
187,live,178,0
187,live,179,1
187,live,180,1
187,live,181,1
187,live,182,1
187,live,183,0
187,live,184,12
187,live,185,12
187,live,186,1
187,live,187,0
188,removed,0,25024
188,removed,1,11845
188,removed,2,5087
188,removed,3,2755
188,removed,4,1656
188,removed,5,1147
188,removed,6,850
188,removed,7,687
188,removed,8,513
188,removed,9,346
188,removed,10,312
188,removed,11,254
188,removed,12,145
188,removed,13,191
188,removed,14,58
188,removed,15,74
188,removed,16,81
188,removed,17,13
188,removed,18,33
188,removed,19,6
188,removed,20,9
188,removed,21,4
188,removed,22,0
188,removed,23,0
188,removed,24,1
188,removed,25,1
188,removed,26,0
188,removed,27,0
188,removed,28,0
188,removed,29,0
188,removed,30,0
188,removed,31,0
188,removed,32,0
188,removed,33,0
188,removed,34,0
188,removed,35,0
188,removed,36,0
188,removed,37,0
188,removed,38,0
188,removed,39,0
188,removed,40,0
188,removed,41,0
188,removed,42,0
188,removed,43,0
188,removed,44,0
188,removed,45,0
188,removed,46,0
188,removed,47,0
188,removed,48,0
188,removed,49,0
188,removed,50,0
188,removed,51,0
188,removed,52,0
188,removed,53,0
188,removed,54,0
188,removed,55,0
188,removed,56,0
188,removed,57,0
188,removed,58,0
188,removed,59,2
188,removed,60,1
188,removed,61,2
188,removed,62,0
188,removed,63,0
188,removed,64,0
188,removed,65,0
188,removed,66,0
188,removed,67,0
188,removed,68,0
188,removed,69,0
188,removed,70,0
188,removed,71,0
188,removed,72,0
188,removed,73,0
188,removed,74,0
188,removed,75,0
188,removed,76,0
188,removed,77,0
188,removed,78,0
188,removed,79,0
188,removed,80,0
188,removed,81,0
188,removed,82,0
188,removed,83,0
188,removed,84,0
188,removed,85,0
188,removed,86,0
188,removed,87,0
188,removed,88,0
188,removed,89,0
188,removed,90,0
188,removed,91,0
188,removed,92,0
188,removed,93,0
188,removed,94,0
188,removed,95,0
188,removed,96,0
188,removed,97,0
188,removed,98,0
188,removed,99,0
188,removed,100,0
188,removed,101,1
188,removed,102,2
188,removed,103,0
188,removed,104,0
188,removed,105,1
188,removed,106,1
188,removed,107,0
188,removed,108,0
188,removed,109,0
188,removed,110,0
188,removed,111,0
188,removed,112,0
188,removed,113,0
188,removed,114,0
188,removed,115,0
188,removed,116,0
188,removed,117,0
188,removed,118,0
188,removed,119,0
188,removed,120,0
188,removed,121,0
188,removed,122,0
188,removed,123,0
188,removed,124,0
188,removed,125,0
188,removed,126,0
188,removed,127,0
188,removed,128,0
188,removed,129,0
188,removed,130,0
188,removed,131,0
188,removed,132,0
188,removed,133,0
188,removed,134,0
188,removed,135,0
188,removed,136,0
188,removed,137,0
188,removed,138,0
188,removed,139,0
188,removed,140,0
188,removed,141,0
188,removed,142,0
188,removed,143,0
188,removed,144,0
188,removed,145,0
188,removed,146,0
188,removed,147,0
188,removed,148,0
188,removed,149,0
188,removed,150,0
188,removed,151,0
188,removed,152,0
188,removed,153,0
188,removed,154,0
188,removed,155,0
188,removed,156,0
188,removed,157,0
188,removed,158,0
188,removed,159,0
188,removed,160,0
188,removed,161,0
188,removed,162,0
188,removed,163,0
188,removed,164,0
188,removed,165,0
188,removed,166,0
188,removed,167,0
188,removed,168,0
188,removed,169,0
188,removed,170,0
188,removed,171,0
188,removed,172,0
188,removed,173,0
188,removed,174,0
188,removed,175,0
188,removed,176,0
188,removed,177,0
188,removed,178,0
188,removed,179,0
188,removed,180,0
188,removed,181,0
188,removed,182,0
188,removed,183,0
188,removed,184,0
188,removed,185,0
188,removed,186,0
188,removed,187,0
188,live,0,0
188,live,1,26646
188,live,2,14875
188,live,3,9782
188,live,4,7093
188,live,5,5513
188,live,6,4399
188,live,7,3862
188,live,8,3085
188,live,9,5203
188,live,10,6254
188,live,11,5041
188,live,12,5299
188,live,13,4208
188,live,14,6186
188,live,15,5506
188,live,16,4481
188,live,17,7137
188,live,18,4983
188,live,19,3827
188,live,20,3323
188,live,21,1921
188,live,22,1470
188,live,23,1369
188,live,24,102
188,live,25,74
188,live,26,52
188,live,27,33
188,live,28,28
188,live,29,16
188,live,30,15
188,live,31,15
188,live,32,23
188,live,33,21
188,live,34,25
188,live,35,25
188,live,36,22
188,live,37,25
188,live,38,35
188,live,39,34
188,live,40,29
188,live,41,47
188,live,42,35
188,live,43,34
188,live,44,45
188,live,45,48
188,live,46,71
188,live,47,25
188,live,48,24
188,live,49,20
188,live,50,40
188,live,51,21
188,live,52,20
188,live,53,10
188,live,54,6
188,live,55,3
188,live,56,13
188,live,57,31
188,live,58,71
188,live,59,240
188,live,60,1104
188,live,61,614
188,live,62,591
188,live,63,992
188,live,64,603
188,live,65,446
188,live,66,348
188,live,67,19
188,live,68,20
188,live,69,7
188,live,70,3
188,live,71,2
188,live,72,2
188,live,73,3
188,live,74,2
188,live,75,2
188,live,76,0
188,live,77,1
188,live,78,0
188,live,79,4
188,live,80,1
188,live,81,1
188,live,82,4
188,live,83,2
188,live,84,2
188,live,85,9
188,live,86,8
188,live,87,11
188,live,88,3
188,live,89,12
188,live,90,12
188,live,91,15
188,live,92,11
188,live,93,19
188,live,94,27
188,live,95,10
188,live,96,22
188,live,97,16
188,live,98,7
188,live,99,5
188,live,100,17
188,live,101,38
188,live,102,84
188,live,103,239
188,live,104,474
188,live,105,306
188,live,106,355
188,live,107,292
188,live,108,197
188,live,109,83
188,live,110,32
188,live,111,17
188,live,112,4
188,live,113,1
188,live,114,1
188,live,115,2
188,live,116,1
188,live,117,0
188,live,118,2
188,live,119,0
188,live,120,2
188,live,121,1
188,live,122,1
188,live,123,2
188,live,124,0
188,live,125,1
188,live,126,1
188,live,127,0
188,live,128,1
188,live,129,3
188,live,130,5
188,live,131,11
188,live,132,9
188,live,133,2
188,live,134,3
188,live,135,11
188,live,136,7
188,live,137,15
188,live,138,13
188,live,139,15
188,live,140,6
188,live,141,5
188,live,142,19
188,live,143,23
188,live,144,26
188,live,145,59
188,live,146,169
188,live,147,276
188,live,148,102
188,live,149,199
188,live,150,106
188,live,151,31
188,live,152,12
188,live,153,5
188,live,154,9
188,live,155,4
188,live,156,0
188,live,157,2
188,live,158,0
188,live,159,0
188,live,160,3
188,live,161,0
188,live,162,0
188,live,163,0
188,live,164,0
188,live,165,2
188,live,166,0
188,live,167,0
188,live,168,0
188,live,169,0
188,live,170,0
188,live,171,1
188,live,172,1
188,live,173,0
188,live,174,0
188,live,175,0
188,live,176,0
188,live,177,1
188,live,178,0
188,live,179,0
188,live,180,1
188,live,181,1
188,live,182,1
188,live,183,1
188,live,184,0
188,live,185,12
188,live,186,12
188,live,187,1
188,live,188,0
189,removed,0,25862
189,removed,1,12458
189,removed,2,5437
189,removed,3,2867
189,removed,4,1854
189,removed,5,1280
189,removed,6,878
189,removed,7,741
189,removed,8,555
189,removed,9,436
189,removed,10,377
189,removed,11,303
189,removed,12,350
189,removed,13,218
189,removed,14,130
189,removed,15,85
189,removed,16,70
189,removed,17,31
189,removed,18,37
189,removed,19,12
189,removed,20,17
189,removed,21,1
189,removed,22,4
189,removed,23,3
189,removed,24,0
189,removed,25,6
189,removed,26,0
189,removed,27,3
189,removed,28,0
189,removed,29,0
189,removed,30,0
189,removed,31,0
189,removed,32,0
189,removed,33,0
189,removed,34,0
189,removed,35,1
189,removed,36,0
189,removed,37,0
189,removed,38,0
189,removed,39,0
189,removed,40,0
189,removed,41,1
189,removed,42,0
189,removed,43,0
189,removed,44,0
189,removed,45,0
189,removed,46,0
189,removed,47,0
189,removed,48,0
189,removed,49,0
189,removed,50,0
189,removed,51,0
189,removed,52,0
189,removed,53,0
189,removed,54,0
189,removed,55,0
189,removed,56,0
189,removed,57,0
189,removed,58,0
189,removed,59,0
189,removed,60,0
189,removed,61,2
189,removed,62,2
189,removed,63,1
189,removed,64,0
189,removed,65,0
189,removed,66,1
189,removed,67,0
189,removed,68,0
189,removed,69,0
189,removed,70,0
189,removed,71,0
189,removed,72,0
189,removed,73,0
189,removed,74,0
189,removed,75,0
189,removed,76,0
189,removed,77,0
189,removed,78,0
189,removed,79,0
189,removed,80,0
189,removed,81,0
189,removed,82,0
189,removed,83,0
189,removed,84,0
189,removed,85,0
189,removed,86,0
189,removed,87,0
189,removed,88,0
189,removed,89,0
189,removed,90,0
189,removed,91,0
189,removed,92,0
189,removed,93,0
189,removed,94,0
189,removed,95,0
189,removed,96,0
189,removed,97,0
189,removed,98,0
189,removed,99,0
189,removed,100,0
189,removed,101,0
189,removed,102,0
189,removed,103,2
189,removed,104,1
189,removed,105,0
189,removed,106,1
189,removed,107,0
189,removed,108,0
189,removed,109,0
189,removed,110,0
189,removed,111,0
189,removed,112,0
189,removed,113,0
189,removed,114,0
189,removed,115,0
189,removed,116,0
189,removed,117,0
189,removed,118,0
189,removed,119,0
189,removed,120,0
189,removed,121,0
189,removed,122,0
189,removed,123,0
189,removed,124,0
189,removed,125,0
189,removed,126,0
189,removed,127,0
189,removed,128,0
189,removed,129,0
189,removed,130,0
189,removed,131,0
189,removed,132,0
189,removed,133,0
189,removed,134,0
189,removed,135,0
189,removed,136,0
189,removed,137,0
189,removed,138,0
189,removed,139,0
189,removed,140,0
189,removed,141,0
189,removed,142,0
189,removed,143,0
189,removed,144,0
189,removed,145,1
189,removed,146,0
189,removed,147,0
189,removed,148,0
189,removed,149,0
189,removed,150,0
189,removed,151,0
189,removed,152,0
189,removed,153,0
189,removed,154,0
189,removed,155,0
189,removed,156,0
189,removed,157,0
189,removed,158,0
189,removed,159,0
189,removed,160,0
189,removed,161,0
189,removed,162,0
189,removed,163,0
189,removed,164,0
189,removed,165,0
189,removed,166,0
189,removed,167,0
189,removed,168,0
189,removed,169,0
189,removed,170,0
189,removed,171,0
189,removed,172,0
189,removed,173,0
189,removed,174,0
189,removed,175,0
189,removed,176,0
189,removed,177,0
189,removed,178,0
189,removed,179,0
189,removed,180,0
189,removed,181,0
189,removed,182,0
189,removed,183,0
189,removed,184,0
189,removed,185,0
189,removed,186,0
189,removed,187,0
189,removed,188,0
189,live,0,0
189,live,1,25843
189,live,2,14188
189,live,3,9438
189,live,4,6915
189,live,5,5239
189,live,6,4233
189,live,7,3521
189,live,8,3121
189,live,9,2530
189,live,10,4767
189,live,11,5877
189,live,12,4738
189,live,13,4949
189,live,14,3990
189,live,15,6056
189,live,16,5421
189,live,17,4411
189,live,18,7106
189,live,19,4946
189,live,20,3815
189,live,21,3306
189,live,22,1920
189,live,23,1466
189,live,24,1366
189,live,25,102
189,live,26,68
189,live,27,52
189,live,28,30
189,live,29,28
189,live,30,16
189,live,31,15
189,live,32,15
189,live,33,23
189,live,34,21
189,live,35,25
189,live,36,24
189,live,37,22
189,live,38,25
189,live,39,35
189,live,40,34
189,live,41,29
189,live,42,46
189,live,43,35
189,live,44,34
189,live,45,45
189,live,46,48
189,live,47,71
189,live,48,25
189,live,49,24
189,live,50,20
189,live,51,40
189,live,52,21
189,live,53,20
189,live,54,10
189,live,55,6
189,live,56,3
189,live,57,13
189,live,58,31
189,live,59,71
189,live,60,240
189,live,61,1104
189,live,62,612
189,live,63,589
189,live,64,991
189,live,65,603
189,live,66,446
189,live,67,347
189,live,68,19
189,live,69,20
189,live,70,7
189,live,71,3
189,live,72,2
189,live,73,2
189,live,74,3
189,live,75,2
189,live,76,2
189,live,77,0
189,live,78,1
189,live,79,0
189,live,80,4
189,live,81,1
189,live,82,1
189,live,83,4
189,live,84,2
189,live,85,2
189,live,86,9
189,live,87,8
189,live,88,11
189,live,89,3
189,live,90,12
189,live,91,12
189,live,92,15
189,live,93,11
189,live,94,19
189,live,95,27
189,live,96,10
189,live,97,22
189,live,98,16
189,live,99,7
189,live,100,5
189,live,101,17
189,live,102,38
189,live,103,84
189,live,104,237
189,live,105,473
189,live,106,306
189,live,107,354
189,live,108,292
189,live,109,197
189,live,110,83
189,live,111,32
189,live,112,17
189,live,113,4
189,live,114,1
189,live,115,1
189,live,116,2
189,live,117,1
189,live,118,0
189,live,119,2
189,live,120,0
189,live,121,2
189,live,122,1
189,live,123,1
189,live,124,2
189,live,125,0
189,live,126,1
189,live,127,1
189,live,128,0
189,live,129,1
189,live,130,3
189,live,131,5
189,live,132,11
189,live,133,9
189,live,134,2
189,live,135,3
189,live,136,11
189,live,137,7
189,live,138,15
189,live,139,13
189,live,140,15
189,live,141,6
189,live,142,5
189,live,143,19
189,live,144,23
189,live,145,26
189,live,146,58
189,live,147,169
189,live,148,276
189,live,149,102
189,live,150,199
189,live,151,106
189,live,152,31
189,live,153,12
189,live,154,5
189,live,155,9
189,live,156,4
189,live,157,0
189,live,158,2
189,live,159,0
189,live,160,0
189,live,161,3
189,live,162,0
189,live,163,0
189,live,164,0
189,live,165,0
189,live,166,2
189,live,167,0
189,live,168,0
189,live,169,0
189,live,170,0
189,live,171,0
189,live,172,1
189,live,173,1
189,live,174,0
189,live,175,0
189,live,176,0
189,live,177,0
189,live,178,1
189,live,179,0
189,live,180,0
189,live,181,1
189,live,182,1
189,live,183,1
189,live,184,1
189,live,185,0
189,live,186,12
189,live,187,12
189,live,188,1
189,live,189,0
190,removed,0,25430
190,removed,1,12153
190,removed,2,5327
190,removed,3,2999
190,removed,4,1967
190,removed,5,1224
190,removed,6,854
190,removed,7,660
190,removed,8,584
190,removed,9,387
190,removed,10,284
190,removed,11,248
190,removed,12,156
190,removed,13,155
190,removed,14,102
190,removed,15,65
190,removed,16,52
190,removed,17,23
190,removed,18,12
190,removed,19,9
190,removed,20,6
190,removed,21,13
190,removed,22,1
190,removed,23,0
190,removed,24,2
190,removed,25,1
190,removed,26,0
190,removed,27,0
190,removed,28,1
190,removed,29,2
190,removed,30,0
190,removed,31,0
190,removed,32,0
190,removed,33,0
190,removed,34,0
190,removed,35,0
190,removed,36,0
190,removed,37,0
190,removed,38,0
190,removed,39,0
190,removed,40,0
190,removed,41,0
190,removed,42,0
190,removed,43,0
190,removed,44,0
190,removed,45,0
190,removed,46,0
190,removed,47,0
190,removed,48,0
190,removed,49,0
190,removed,50,0
190,removed,51,0
190,removed,52,0
190,removed,53,0
190,removed,54,0
190,removed,55,0
190,removed,56,0
190,removed,57,0
190,removed,58,0
190,removed,59,0
190,removed,60,0
190,removed,61,2
190,removed,62,1
190,removed,63,2
190,removed,64,1
190,removed,65,0
190,removed,66,0
190,removed,67,0
190,removed,68,0
190,removed,69,0
190,removed,70,0
190,removed,71,0
190,removed,72,0
190,removed,73,0
190,removed,74,0
190,removed,75,0
190,removed,76,0
190,removed,77,0
190,removed,78,0
190,removed,79,0
190,removed,80,0
190,removed,81,0
190,removed,82,0
190,removed,83,0
190,removed,84,0
190,removed,85,0
190,removed,86,0
190,removed,87,0
190,removed,88,0
190,removed,89,0
190,removed,90,0
190,removed,91,0
190,removed,92,0
190,removed,93,0
190,removed,94,0
190,removed,95,0
190,removed,96,0
190,removed,97,0
190,removed,98,0
190,removed,99,0
190,removed,100,0
190,removed,101,0
190,removed,102,0
190,removed,103,1
190,removed,104,0
190,removed,105,0
190,removed,106,0
190,removed,107,0
190,removed,108,0
190,removed,109,0
190,removed,110,0
190,removed,111,0
190,removed,112,1
190,removed,113,0
190,removed,114,0
190,removed,115,0
190,removed,116,0
190,removed,117,0
190,removed,118,0
190,removed,119,0
190,removed,120,0
190,removed,121,0
190,removed,122,0
190,removed,123,0
190,removed,124,0
190,removed,125,0
190,removed,126,0
190,removed,127,0
190,removed,128,0
190,removed,129,0
190,removed,130,0
190,removed,131,0
190,removed,132,0
190,removed,133,0
190,removed,134,0
190,removed,135,0
190,removed,136,0
190,removed,137,0
190,removed,138,0
190,removed,139,0
190,removed,140,0
190,removed,141,0
190,removed,142,0
190,removed,143,0
190,removed,144,0
190,removed,145,0
190,removed,146,0
190,removed,147,1
190,removed,148,0
190,removed,149,0
190,removed,150,0
190,removed,151,0
190,removed,152,1
190,removed,153,0
190,removed,154,0
190,removed,155,0
190,removed,156,0
190,removed,157,0
190,removed,158,0
190,removed,159,0
190,removed,160,0
190,removed,161,0
190,removed,162,0
190,removed,163,0
190,removed,164,0
190,removed,165,0
190,removed,166,0
190,removed,167,0
190,removed,168,0
190,removed,169,0
190,removed,170,0
190,removed,171,0
190,removed,172,0
190,removed,173,0
190,removed,174,0
190,removed,175,0
190,removed,176,0
190,removed,177,0
190,removed,178,0
190,removed,179,0
190,removed,180,0
190,removed,181,0
190,removed,182,0
190,removed,183,0
190,removed,184,0
190,removed,185,0
190,removed,186,0
190,removed,187,0
190,removed,188,0
190,removed,189,0
190,live,0,0
190,live,1,26263
190,live,2,13690
190,live,3,8861
190,live,4,6439
190,live,5,4948
190,live,6,4015
190,live,7,3379
190,live,8,2861
190,live,9,2537
190,live,10,2143
190,live,11,4483
190,live,12,5629
190,live,13,4582
190,live,14,4794
190,live,15,3888
190,live,16,5991
190,live,17,5369
190,live,18,4388
190,live,19,7094
190,live,20,4937
190,live,21,3809
190,live,22,3293
190,live,23,1919
190,live,24,1466
190,live,25,1364
190,live,26,101
190,live,27,68
190,live,28,52
190,live,29,29
190,live,30,26
190,live,31,16
190,live,32,15
190,live,33,15
190,live,34,23
190,live,35,21
190,live,36,25
190,live,37,24
190,live,38,22
190,live,39,25
190,live,40,35
190,live,41,34
190,live,42,29
190,live,43,46
190,live,44,35
190,live,45,34
190,live,46,45
190,live,47,48
190,live,48,71
190,live,49,25
190,live,50,24
190,live,51,20
190,live,52,40
190,live,53,21
190,live,54,20
190,live,55,10
190,live,56,6
190,live,57,3
190,live,58,13
190,live,59,31
190,live,60,71
190,live,61,240
190,live,62,1102
190,live,63,611
190,live,64,587
190,live,65,990
190,live,66,603
190,live,67,446
190,live,68,347
190,live,69,19
190,live,70,20
190,live,71,7
190,live,72,3
190,live,73,2
190,live,74,2
190,live,75,3
190,live,76,2
190,live,77,2
190,live,78,0
190,live,79,1
190,live,80,0
190,live,81,4
190,live,82,1
190,live,83,1
190,live,84,4
190,live,85,2
190,live,86,2
190,live,87,9
190,live,88,8
190,live,89,11
190,live,90,3
190,live,91,12
190,live,92,12
190,live,93,15
190,live,94,11
190,live,95,19
190,live,96,27
190,live,97,10
190,live,98,22
190,live,99,16
190,live,100,7
190,live,101,5
190,live,102,17
190,live,103,38
190,live,104,83
190,live,105,237
190,live,106,473
190,live,107,306
190,live,108,354
190,live,109,292
190,live,110,197
190,live,111,83
190,live,112,32
190,live,113,16
190,live,114,4
190,live,115,1
190,live,116,1
190,live,117,2
190,live,118,1
190,live,119,0
190,live,120,2
190,live,121,0
190,live,122,2
190,live,123,1
190,live,124,1
190,live,125,2
190,live,126,0
190,live,127,1
190,live,128,1
190,live,129,0
190,live,130,1
190,live,131,3
190,live,132,5
190,live,133,11
190,live,134,9
190,live,135,2
190,live,136,3
190,live,137,11
190,live,138,7
190,live,139,15
190,live,140,13
190,live,141,15
190,live,142,6
190,live,143,5
190,live,144,19
190,live,145,23
190,live,146,26
190,live,147,58
190,live,148,168
190,live,149,276
190,live,150,102
190,live,151,199
190,live,152,106
190,live,153,30
190,live,154,12
190,live,155,5
190,live,156,9
190,live,157,4
190,live,158,0
190,live,159,2
190,live,160,0
190,live,161,0
190,live,162,3
190,live,163,0
190,live,164,0
190,live,165,0
190,live,166,0
190,live,167,2
190,live,168,0
190,live,169,0
190,live,170,0
190,live,171,0
190,live,172,0
190,live,173,1
190,live,174,1
190,live,175,0
190,live,176,0
190,live,177,0
190,live,178,0
190,live,179,1
190,live,180,0
190,live,181,0
190,live,182,1
190,live,183,1
190,live,184,1
190,live,185,1
190,live,186,0
190,live,187,12
190,live,188,12
190,live,189,1
190,live,190,0
191,removed,0,26422
191,removed,1,12533
191,removed,2,5274
191,removed,3,3085
191,removed,4,1721
191,removed,5,1151
191,removed,6,908
191,removed,7,639
191,removed,8,499
191,removed,9,462
191,removed,10,451
191,removed,11,302
191,removed,12,315
191,removed,13,202
191,removed,14,135
191,removed,15,179
191,removed,16,56
191,removed,17,42
191,removed,18,38
191,removed,19,24
191,removed,20,13
191,removed,21,9
191,removed,22,1
191,removed,23,0
191,removed,24,6
191,removed,25,2
191,removed,26,3
191,removed,27,0
191,removed,28,0
191,removed,29,0
191,removed,30,0
191,removed,31,0
191,removed,32,0
191,removed,33,0
191,removed,34,0
191,removed,35,0
191,removed,36,0
191,removed,37,0
191,removed,38,0
191,removed,39,0
191,removed,40,0
191,removed,41,0
191,removed,42,0
191,removed,43,0
191,removed,44,0
191,removed,45,0
191,removed,46,0
191,removed,47,0
191,removed,48,0
191,removed,49,0
191,removed,50,0
191,removed,51,0
191,removed,52,0
191,removed,53,0
191,removed,54,0
191,removed,55,0
191,removed,56,0
191,removed,57,0
191,removed,58,0
191,removed,59,0
191,removed,60,0
191,removed,61,0
191,removed,62,0
191,removed,63,0
191,removed,64,0
191,removed,65,0
191,removed,66,0
191,removed,67,0
191,removed,68,0
191,removed,69,0
191,removed,70,0
191,removed,71,0
191,removed,72,0
191,removed,73,0
191,removed,74,0
191,removed,75,0
191,removed,76,0
191,removed,77,0
191,removed,78,0
191,removed,79,0
191,removed,80,0
191,removed,81,0
191,removed,82,0
191,removed,83,0
191,removed,84,0
191,removed,85,0
191,removed,86,0
191,removed,87,0
191,removed,88,0
191,removed,89,0
191,removed,90,0
191,removed,91,0
191,removed,92,0
191,removed,93,0
191,removed,94,0
191,removed,95,0
191,removed,96,0
191,removed,97,0
191,removed,98,0
191,removed,99,0
191,removed,100,0
191,removed,101,1
191,removed,102,0
191,removed,103,0
191,removed,104,0
191,removed,105,0
191,removed,106,0
191,removed,107,0
191,removed,108,0
191,removed,109,1
191,removed,110,0
191,removed,111,0
191,removed,112,0
191,removed,113,0
191,removed,114,0
191,removed,115,0
191,removed,116,0
191,removed,117,0
191,removed,118,0
191,removed,119,0
191,removed,120,0
191,removed,121,0
191,removed,122,0
191,removed,123,0
191,removed,124,0
191,removed,125,0
191,removed,126,0
191,removed,127,0
191,removed,128,0
191,removed,129,0
191,removed,130,0
191,removed,131,0
191,removed,132,0
191,removed,133,0
191,removed,134,0
191,removed,135,0
191,removed,136,0
191,removed,137,0
191,removed,138,0
191,removed,139,0
191,removed,140,0
191,removed,141,0
191,removed,142,0
191,removed,143,0
191,removed,144,0
191,removed,145,0
191,removed,146,0
191,removed,147,0
191,removed,148,0
191,removed,149,0
191,removed,150,0
191,removed,151,0
191,removed,152,0
191,removed,153,0
191,removed,154,0
191,removed,155,0
191,removed,156,0
191,removed,157,0
191,removed,158,0
191,removed,159,0
191,removed,160,0
191,removed,161,0
191,removed,162,0
191,removed,163,0
191,removed,164,0
191,removed,165,0
191,removed,166,0
191,removed,167,0
191,removed,168,0
191,removed,169,0
191,removed,170,0
191,removed,171,0
191,removed,172,0
191,removed,173,0
191,removed,174,0
191,removed,175,0
191,removed,176,0
191,removed,177,0
191,removed,178,0
191,removed,179,0
191,removed,180,0
191,removed,181,0
191,removed,182,0
191,removed,183,0
191,removed,184,0
191,removed,185,0
191,removed,186,0
191,removed,187,0
191,removed,188,0
191,removed,189,0
191,removed,190,0
191,live,0,0
191,live,1,25293
191,live,2,13730
191,live,3,8416
191,live,4,5776
191,live,5,4718
191,live,6,3797
191,live,7,3107
191,live,8,2740
191,live,9,2362
191,live,10,2075
191,live,11,1692
191,live,12,4181
191,live,13,5314
191,live,14,4380
191,live,15,4659
191,live,16,3709
191,live,17,5935
191,live,18,5327
191,live,19,4350
191,live,20,7070
191,live,21,4924
191,live,22,3800
191,live,23,3292
191,live,24,1919
191,live,25,1460
191,live,26,1362
191,live,27,98
191,live,28,68
191,live,29,52
191,live,30,29
191,live,31,26
191,live,32,16
191,live,33,15
191,live,34,15
191,live,35,23
191,live,36,21
191,live,37,25
191,live,38,24
191,live,39,22
191,live,40,25
191,live,41,35
191,live,42,34
191,live,43,29
191,live,44,46
191,live,45,35
191,live,46,34
191,live,47,45
191,live,48,48
191,live,49,71
191,live,50,25
191,live,51,24
191,live,52,20
191,live,53,40
191,live,54,21
191,live,55,20
191,live,56,10
191,live,57,6
191,live,58,3
191,live,59,13
191,live,60,31
191,live,61,71
191,live,62,240
191,live,63,1102
191,live,64,611
191,live,65,587
191,live,66,990
191,live,67,603
191,live,68,446
191,live,69,347
191,live,70,19
191,live,71,20
191,live,72,7
191,live,73,3
191,live,74,2
191,live,75,2
191,live,76,3
191,live,77,2
191,live,78,2
191,live,79,0
191,live,80,1
191,live,81,0
191,live,82,4
191,live,83,1
191,live,84,1
191,live,85,4
191,live,86,2
191,live,87,2
191,live,88,9
191,live,89,8
191,live,90,11
191,live,91,3
191,live,92,12
191,live,93,12
191,live,94,15
191,live,95,11
191,live,96,19
191,live,97,27
191,live,98,10
191,live,99,22
191,live,100,16
191,live,101,7
191,live,102,4
191,live,103,17
191,live,104,38
191,live,105,83
191,live,106,237
191,live,107,473
191,live,108,306
191,live,109,354
191,live,110,291
191,live,111,197
191,live,112,83
191,live,113,32
191,live,114,16
191,live,115,4
191,live,116,1
191,live,117,1
191,live,118,2
191,live,119,1
191,live,120,0
191,live,121,2
191,live,122,0
191,live,123,2
191,live,124,1
191,live,125,1
191,live,126,2
191,live,127,0
191,live,128,1
191,live,129,1
191,live,130,0
191,live,131,1
191,live,132,3
191,live,133,5
191,live,134,11
191,live,135,9
191,live,136,2
191,live,137,3
191,live,138,11
191,live,139,7
191,live,140,15
191,live,141,13
191,live,142,15
191,live,143,6
191,live,144,5
191,live,145,19
191,live,146,23
191,live,147,26
191,live,148,58
191,live,149,168
191,live,150,276
191,live,151,102
191,live,152,199
191,live,153,106
191,live,154,30
191,live,155,12
191,live,156,5
191,live,157,9
191,live,158,4
191,live,159,0
191,live,160,2
191,live,161,0
191,live,162,0
191,live,163,3
191,live,164,0
191,live,165,0
191,live,166,0
191,live,167,0
191,live,168,2
191,live,169,0
191,live,170,0
191,live,171,0
191,live,172,0
191,live,173,0
191,live,174,1
191,live,175,1
191,live,176,0
191,live,177,0
191,live,178,0
191,live,179,0
191,live,180,1
191,live,181,0
191,live,182,0
191,live,183,1
191,live,184,1
191,live,185,1
191,live,186,1
191,live,187,0
191,live,188,12
191,live,189,12
191,live,190,1
191,live,191,0
192,removed,0,26493
192,removed,1,12101
192,removed,2,5506
192,removed,3,2599
192,removed,4,1567
192,removed,5,1093
192,removed,6,757
192,removed,7,601
192,removed,8,450
192,removed,9,413
192,removed,10,313
192,removed,11,215
192,removed,12,172
192,removed,13,156
192,removed,14,120
192,removed,15,124
192,removed,16,64
192,removed,17,51
192,removed,18,44
192,removed,19,25
192,removed,20,19
192,removed,21,4
192,removed,22,3
192,removed,23,2
192,removed,24,0
192,removed,25,1
192,removed,26,3
192,removed,27,0
192,removed,28,0
192,removed,29,0
192,removed,30,0
192,removed,31,0
192,removed,32,0
192,removed,33,0
192,removed,34,0
192,removed,35,0
192,removed,36,0
192,removed,37,0
192,removed,38,0
192,removed,39,0
192,removed,40,0
192,removed,41,0
192,removed,42,0
192,removed,43,0
192,removed,44,0
192,removed,45,0
192,removed,46,0
192,removed,47,0
192,removed,48,0
192,removed,49,0
192,removed,50,0
192,removed,51,0
192,removed,52,0
192,removed,53,0
192,removed,54,0
192,removed,55,0
192,removed,56,1
192,removed,57,0
192,removed,58,0
192,removed,59,0
192,removed,60,0
192,removed,61,0
192,removed,62,1
192,removed,63,2
192,removed,64,0
192,removed,65,0
192,removed,66,1
192,removed,67,0
192,removed,68,0
192,removed,69,0
192,removed,70,0
192,removed,71,0
192,removed,72,0
192,removed,73,0
192,removed,74,0
192,removed,75,0
192,removed,76,0
192,removed,77,0
192,removed,78,0
192,removed,79,0
192,removed,80,0
192,removed,81,0
192,removed,82,0
192,removed,83,0
192,removed,84,0
192,removed,85,0
192,removed,86,0
192,removed,87,0
192,removed,88,0
192,removed,89,0
192,removed,90,0
192,removed,91,0
192,removed,92,0
192,removed,93,0
192,removed,94,0
192,removed,95,0
192,removed,96,0
192,removed,97,0
192,removed,98,0
192,removed,99,0
192,removed,100,0
192,removed,101,0
192,removed,102,0
192,removed,103,0
192,removed,104,0
192,removed,105,0
192,removed,106,1
192,removed,107,1
192,removed,108,0
192,removed,109,0
192,removed,110,0
192,removed,111,1
192,removed,112,0
192,removed,113,0
192,removed,114,0
192,removed,115,0
192,removed,116,0
192,removed,117,0
192,removed,118,0
192,removed,119,0
192,removed,120,0
192,removed,121,0
192,removed,122,0
192,removed,123,0
192,removed,124,0
192,removed,125,0
192,removed,126,0
192,removed,127,0
192,removed,128,0
192,removed,129,0
192,removed,130,0
192,removed,131,0
192,removed,132,0
192,removed,133,0
192,removed,134,0
192,removed,135,0
192,removed,136,0
192,removed,137,0
192,removed,138,0
192,removed,139,0
192,removed,140,0
192,removed,141,0
192,removed,142,0
192,removed,143,0
192,removed,144,0
192,removed,145,0
192,removed,146,0
192,removed,147,0
192,removed,148,0
192,removed,149,2
192,removed,150,0
192,removed,151,0
192,removed,152,0
192,removed,153,0
192,removed,154,0
192,removed,155,0
192,removed,156,0
192,removed,157,0
192,removed,158,0
192,removed,159,0
192,removed,160,0
192,removed,161,0
192,removed,162,0
192,removed,163,0
192,removed,164,0
192,removed,165,0
192,removed,166,0
192,removed,167,0
192,removed,168,0
192,removed,169,0
192,removed,170,0
192,removed,171,0
192,removed,172,0
192,removed,173,0
192,removed,174,0
192,removed,175,0
192,removed,176,0
192,removed,177,0
192,removed,178,0
192,removed,179,0
192,removed,180,0
192,removed,181,0
192,removed,182,0
192,removed,183,0
192,removed,184,0
192,removed,185,0
192,removed,186,0
192,removed,187,0
192,removed,188,0
192,removed,189,0
192,removed,190,0
192,removed,191,0
192,live,0,0
192,live,1,25200
192,live,2,13192
192,live,3,8224
192,live,4,5817
192,live,5,4209
192,live,6,3625
192,live,7,3040
192,live,8,2506
192,live,9,2290
192,live,10,1949
192,live,11,1762
192,live,12,1477
192,live,13,4009
192,live,14,5158
192,live,15,4260
192,live,16,4535
192,live,17,3645
192,live,18,5884
192,live,19,5283
192,live,20,4325
192,live,21,7051
192,live,22,4920
192,live,23,3797
192,live,24,3290
192,live,25,1919
192,live,26,1459
192,live,27,1359
192,live,28,98
192,live,29,68
192,live,30,52
192,live,31,29
192,live,32,26
192,live,33,16
192,live,34,15
192,live,35,15
192,live,36,23
192,live,37,21
192,live,38,25
192,live,39,24
192,live,40,22
192,live,41,25
192,live,42,35
192,live,43,34
192,live,44,29
192,live,45,46
192,live,46,35
192,live,47,34
192,live,48,45
192,live,49,48
192,live,50,71
192,live,51,25
192,live,52,24
192,live,53,20
192,live,54,40
192,live,55,21
192,live,56,20
192,live,57,9
192,live,58,6
192,live,59,3
192,live,60,13
192,live,61,31
192,live,62,71
192,live,63,239
192,live,64,1100
192,live,65,611
192,live,66,587
192,live,67,989
192,live,68,603
192,live,69,446
192,live,70,347
192,live,71,19
192,live,72,20
192,live,73,7
192,live,74,3
192,live,75,2
192,live,76,2
192,live,77,3
192,live,78,2
192,live,79,2
192,live,80,0
192,live,81,1
192,live,82,0
192,live,83,4
192,live,84,1
192,live,85,1
192,live,86,4
192,live,87,2
192,live,88,2
192,live,89,9
192,live,90,8
192,live,91,11
192,live,92,3
192,live,93,12
192,live,94,12
192,live,95,15
192,live,96,11
192,live,97,19
192,live,98,27
192,live,99,10
192,live,100,22
192,live,101,16
192,live,102,7
192,live,103,4
192,live,104,17
192,live,105,38
192,live,106,83
192,live,107,236
192,live,108,472
192,live,109,306
192,live,110,354
192,live,111,291
192,live,112,196
192,live,113,83
192,live,114,32
192,live,115,16
192,live,116,4
192,live,117,1
192,live,118,1
192,live,119,2
192,live,120,1
192,live,121,0
192,live,122,2
192,live,123,0
192,live,124,2
192,live,125,1
192,live,126,1
192,live,127,2
192,live,128,0
192,live,129,1
192,live,130,1
192,live,131,0
192,live,132,1
192,live,133,3
192,live,134,5
192,live,135,11
192,live,136,9
192,live,137,2
192,live,138,3
192,live,139,11
192,live,140,7
192,live,141,15
192,live,142,13
192,live,143,15
192,live,144,6
192,live,145,5
192,live,146,19
192,live,147,23
192,live,148,26
192,live,149,58
192,live,150,166
192,live,151,276
192,live,152,102
192,live,153,199
192,live,154,106
192,live,155,30
192,live,156,12
192,live,157,5
192,live,158,9
192,live,159,4
192,live,160,0
192,live,161,2
192,live,162,0
192,live,163,0
192,live,164,3
192,live,165,0
192,live,166,0
192,live,167,0
192,live,168,0
192,live,169,2
192,live,170,0
192,live,171,0
192,live,172,0
192,live,173,0
192,live,174,0
192,live,175,1
192,live,176,1
192,live,177,0
192,live,178,0
192,live,179,0
192,live,180,0
192,live,181,1
192,live,182,0
192,live,183,0
192,live,184,1
192,live,185,1
192,live,186,1
192,live,187,1
192,live,188,0
192,live,189,12
192,live,190,12
192,live,191,1
192,live,192,0
193,removed,0,26814
193,removed,1,12715
193,removed,2,5276
193,removed,3,2690
193,removed,4,1555
193,removed,5,975
193,removed,6,721
193,removed,7,589
193,removed,8,420
193,removed,9,375
193,removed,10,324
193,removed,11,319
193,removed,12,260
193,removed,13,156
193,removed,14,129
193,removed,15,115
193,removed,16,77
193,removed,17,49
193,removed,18,24
193,removed,19,14
193,removed,20,18
193,removed,21,8
193,removed,22,6
193,removed,23,3
193,removed,24,0
193,removed,25,7
193,removed,26,2
193,removed,27,0
193,removed,28,0
193,removed,29,0
193,removed,30,0
193,removed,31,0
193,removed,32,0
193,removed,33,0
193,removed,34,0
193,removed,35,0
193,removed,36,0
193,removed,37,0
193,removed,38,0
193,removed,39,0
193,removed,40,0
193,removed,41,0
193,removed,42,0
193,removed,43,0
193,removed,44,0
193,removed,45,0
193,removed,46,0
193,removed,47,0
193,removed,48,0
193,removed,49,0
193,removed,50,0
193,removed,51,0
193,removed,52,0
193,removed,53,0
193,removed,54,0
193,removed,55,0
193,removed,56,0
193,removed,57,0
193,removed,58,0
193,removed,59,0
193,removed,60,0
193,removed,61,0
193,removed,62,0
193,removed,63,0
193,removed,64,0
193,removed,65,1
193,removed,66,0
193,removed,67,2
193,removed,68,1
193,removed,69,0
193,removed,70,0
193,removed,71,0
193,removed,72,0
193,removed,73,0
193,removed,74,0
193,removed,75,0
193,removed,76,0
193,removed,77,0
193,removed,78,0
193,removed,79,0
193,removed,80,0
193,removed,81,0
193,removed,82,0
193,removed,83,0
193,removed,84,0
193,removed,85,0
193,removed,86,0
193,removed,87,0
193,removed,88,0
193,removed,89,0
193,removed,90,0
193,removed,91,0
193,removed,92,0
193,removed,93,0
193,removed,94,0
193,removed,95,0
193,removed,96,0
193,removed,97,0
193,removed,98,0
193,removed,99,0
193,removed,100,0
193,removed,101,0
193,removed,102,0
193,removed,103,0
193,removed,104,0
193,removed,105,0
193,removed,106,0
193,removed,107,1
193,removed,108,0
193,removed,109,0
193,removed,110,0
193,removed,111,0
193,removed,112,0
193,removed,113,1
193,removed,114,0
193,removed,115,0
193,removed,116,0
193,removed,117,0
193,removed,118,0
193,removed,119,0
193,removed,120,0
193,removed,121,0
193,removed,122,0
193,removed,123,0
193,removed,124,0
193,removed,125,0
193,removed,126,0
193,removed,127,0
193,removed,128,0
193,removed,129,0
193,removed,130,0
193,removed,131,0
193,removed,132,0
193,removed,133,0
193,removed,134,0
193,removed,135,0
193,removed,136,0
193,removed,137,0
193,removed,138,0
193,removed,139,0
193,removed,140,0
193,removed,141,0
193,removed,142,0
193,removed,143,0
193,removed,144,0
193,removed,145,0
193,removed,146,0
193,removed,147,0
193,removed,148,0
193,removed,149,0
193,removed,150,0
193,removed,151,1
193,removed,152,0
193,removed,153,1
193,removed,154,1
193,removed,155,0
193,removed,156,0
193,removed,157,0
193,removed,158,0
193,removed,159,0
193,removed,160,0
193,removed,161,0
193,removed,162,0
193,removed,163,0
193,removed,164,0
193,removed,165,0
193,removed,166,0
193,removed,167,0
193,removed,168,0
193,removed,169,0
193,removed,170,0
193,removed,171,0
193,removed,172,0
193,removed,173,0
193,removed,174,0
193,removed,175,0
193,removed,176,0
193,removed,177,0
193,removed,178,0
193,removed,179,0
193,removed,180,0
193,removed,181,0
193,removed,182,0
193,removed,183,0
193,removed,184,0
193,removed,185,0
193,removed,186,0
193,removed,187,0
193,removed,188,0
193,removed,189,0
193,removed,190,0
193,removed,191,0
193,removed,192,0
193,live,0,0
193,live,1,24905
193,live,2,12485
193,live,3,7916
193,live,4,5534
193,live,5,4262
193,live,6,3234
193,live,7,2904
193,live,8,2451
193,live,9,2086
193,live,10,1915
193,live,11,1625
193,live,12,1443
193,live,13,1217
193,live,14,3853
193,live,15,5029
193,live,16,4145
193,live,17,4458
193,live,18,3596
193,live,19,5860
193,live,20,5269
193,live,21,4307
193,live,22,7043
193,live,23,4914
193,live,24,3794
193,live,25,3290
193,live,26,1912
193,live,27,1457
193,live,28,1359
193,live,29,98
193,live,30,68
193,live,31,52
193,live,32,29
193,live,33,26
193,live,34,16
193,live,35,15
193,live,36,15
193,live,37,23
193,live,38,21
193,live,39,25
193,live,40,24
193,live,41,22
193,live,42,25
193,live,43,35
193,live,44,34
193,live,45,29
193,live,46,46
193,live,47,35
193,live,48,34
193,live,49,45
193,live,50,48
193,live,51,71
193,live,52,25
193,live,53,24
193,live,54,20
193,live,55,40
193,live,56,21
193,live,57,20
193,live,58,9
193,live,59,6
193,live,60,3
193,live,61,13
193,live,62,31
193,live,63,71
193,live,64,239
193,live,65,1100
193,live,66,610
193,live,67,587
193,live,68,987
193,live,69,602
193,live,70,446
193,live,71,347
193,live,72,19
193,live,73,20
193,live,74,7
193,live,75,3
193,live,76,2
193,live,77,2
193,live,78,3
193,live,79,2
193,live,80,2
193,live,81,0
193,live,82,1
193,live,83,0
193,live,84,4
193,live,85,1
193,live,86,1
193,live,87,4
193,live,88,2
193,live,89,2
193,live,90,9
193,live,91,8
193,live,92,11
193,live,93,3
193,live,94,12
193,live,95,12
193,live,96,15
193,live,97,11
193,live,98,19
193,live,99,27
193,live,100,10
193,live,101,22
193,live,102,16
193,live,103,7
193,live,104,4
193,live,105,17
193,live,106,38
193,live,107,83
193,live,108,235
193,live,109,472
193,live,110,306
193,live,111,354
193,live,112,291
193,live,113,196
193,live,114,82
193,live,115,32
193,live,116,16
193,live,117,4
193,live,118,1
193,live,119,1
193,live,120,2
193,live,121,1
193,live,122,0
193,live,123,2
193,live,124,0
193,live,125,2
193,live,126,1
193,live,127,1
193,live,128,2
193,live,129,0
193,live,130,1
193,live,131,1
193,live,132,0
193,live,133,1
193,live,134,3
193,live,135,5
193,live,136,11
193,live,137,9
193,live,138,2
193,live,139,3
193,live,140,11
193,live,141,7
193,live,142,15
193,live,143,13
193,live,144,15
193,live,145,6
193,live,146,5
193,live,147,19
193,live,148,23
193,live,149,26
193,live,150,58
193,live,151,166
193,live,152,275
193,live,153,102
193,live,154,198
193,live,155,105
193,live,156,30
193,live,157,12
193,live,158,5
193,live,159,9
193,live,160,4
193,live,161,0
193,live,162,2
193,live,163,0
193,live,164,0
193,live,165,3
193,live,166,0
193,live,167,0
193,live,168,0
193,live,169,0
193,live,170,2
193,live,171,0
193,live,172,0
193,live,173,0
193,live,174,0
193,live,175,0
193,live,176,1
193,live,177,1
193,live,178,0
193,live,179,0
193,live,180,0
193,live,181,0
193,live,182,1
193,live,183,0
193,live,184,0
193,live,185,1
193,live,186,1
193,live,187,1
193,live,188,1
193,live,189,0
193,live,190,12
193,live,191,12
193,live,192,1
193,live,193,0
194,removed,0,26855
194,removed,1,12236
194,removed,2,4888
194,removed,3,2686
194,removed,4,1606
194,removed,5,981
194,removed,6,685
194,removed,7,539
194,removed,8,450
194,removed,9,335
194,removed,10,234
194,removed,11,255
194,removed,12,208
194,removed,13,173
194,removed,14,194
194,removed,15,110
194,removed,16,103
194,removed,17,82
194,removed,18,63
194,removed,19,134
194,removed,20,27
194,removed,21,58
194,removed,22,10
194,removed,23,25
194,removed,24,6
194,removed,25,7
194,removed,26,0
194,removed,27,5
194,removed,28,3
194,removed,29,0
194,removed,30,0
194,removed,31,0
194,removed,32,0
194,removed,33,0
194,removed,34,0
194,removed,35,0
194,removed,36,0
194,removed,37,0
194,removed,38,0
194,removed,39,0
194,removed,40,0
194,removed,41,0
194,removed,42,0
194,removed,43,0
194,removed,44,0
194,removed,45,0
194,removed,46,0
194,removed,47,0
194,removed,48,0
194,removed,49,0
194,removed,50,0
194,removed,51,0
194,removed,52,0
194,removed,53,0
194,removed,54,0
194,removed,55,0
194,removed,56,0
194,removed,57,0
194,removed,58,0
194,removed,59,0
194,removed,60,0
194,removed,61,0
194,removed,62,0
194,removed,63,0
194,removed,64,1
194,removed,65,0
194,removed,66,0
194,removed,67,0
194,removed,68,0
194,removed,69,0
194,removed,70,1
194,removed,71,1
194,removed,72,0
194,removed,73,0
194,removed,74,0
194,removed,75,0
194,removed,76,0
194,removed,77,0
194,removed,78,0
194,removed,79,0
194,removed,80,0
194,removed,81,0
194,removed,82,0
194,removed,83,0
194,removed,84,0
194,removed,85,0
194,removed,86,0
194,removed,87,0
194,removed,88,0
194,removed,89,0
194,removed,90,0
194,removed,91,0
194,removed,92,0
194,removed,93,0
194,removed,94,0
194,removed,95,0
194,removed,96,0
194,removed,97,0
194,removed,98,0
194,removed,99,0
194,removed,100,0
194,removed,101,0
194,removed,102,0
194,removed,103,0
194,removed,104,0
194,removed,105,0
194,removed,106,0
194,removed,107,0
194,removed,108,0
194,removed,109,0
194,removed,110,0
194,removed,111,0
194,removed,112,0
194,removed,113,0
194,removed,114,0
194,removed,115,0
194,removed,116,0
194,removed,117,0
194,removed,118,0
194,removed,119,0
194,removed,120,0
194,removed,121,0
194,removed,122,0
194,removed,123,0
194,removed,124,0
194,removed,125,0
194,removed,126,0
194,removed,127,0
194,removed,128,0
194,removed,129,0
194,removed,130,0
194,removed,131,0
194,removed,132,0
194,removed,133,0
194,removed,134,0
194,removed,135,0
194,removed,136,0
194,removed,137,0
194,removed,138,0
194,removed,139,0
194,removed,140,0
194,removed,141,0
194,removed,142,0
194,removed,143,0
194,removed,144,0
194,removed,145,1
194,removed,146,0
194,removed,147,0
194,removed,148,0
194,removed,149,0
194,removed,150,0
194,removed,151,0
194,removed,152,0
194,removed,153,0
194,removed,154,0
194,removed,155,0
194,removed,156,0
194,removed,157,0
194,removed,158,0
194,removed,159,0
194,removed,160,0
194,removed,161,0
194,removed,162,0
194,removed,163,0
194,removed,164,0
194,removed,165,0
194,removed,166,0
194,removed,167,0
194,removed,168,0
194,removed,169,0
194,removed,170,0
194,removed,171,0
194,removed,172,0
194,removed,173,0
194,removed,174,0
194,removed,175,0
194,removed,176,0
194,removed,177,0
194,removed,178,0
194,removed,179,0
194,removed,180,0
194,removed,181,0
194,removed,182,0
194,removed,183,0
194,removed,184,0
194,removed,185,0
194,removed,186,0
194,removed,187,0
194,removed,188,0
194,removed,189,0
194,removed,190,0
194,removed,191,0
194,removed,192,0
194,removed,193,0
194,live,0,0
194,live,1,24874
194,live,2,12669
194,live,3,7597
194,live,4,5230
194,live,5,3928
194,live,6,3281
194,live,7,2549
194,live,8,2365
194,live,9,2001
194,live,10,1751
194,live,11,1681
194,live,12,1370
194,live,13,1235
194,live,14,1044
194,live,15,3659
194,live,16,4919
194,live,17,4042
194,live,18,4376
194,live,19,3533
194,live,20,5726
194,live,21,5242
194,live,22,4249
194,live,23,7033
194,live,24,4889
194,live,25,3788
194,live,26,3283
194,live,27,1912
194,live,28,1452
194,live,29,1356
194,live,30,98
194,live,31,68
194,live,32,52
194,live,33,29
194,live,34,26
194,live,35,16
194,live,36,15
194,live,37,15
194,live,38,23
194,live,39,21
194,live,40,25
194,live,41,24
194,live,42,22
194,live,43,25
194,live,44,35
194,live,45,34
194,live,46,29
194,live,47,46
194,live,48,35
194,live,49,34
194,live,50,45
194,live,51,48
194,live,52,71
194,live,53,25
194,live,54,24
194,live,55,20
194,live,56,40
194,live,57,21
194,live,58,20
194,live,59,9
194,live,60,6
194,live,61,3
194,live,62,13
194,live,63,31
194,live,64,71
194,live,65,238
194,live,66,1100
194,live,67,610
194,live,68,587
194,live,69,987
194,live,70,602
194,live,71,445
194,live,72,346
194,live,73,19
194,live,74,20
194,live,75,7
194,live,76,3
194,live,77,2
194,live,78,2
194,live,79,3
194,live,80,2
194,live,81,2
194,live,82,0
194,live,83,1
194,live,84,0
194,live,85,4
194,live,86,1
194,live,87,1
194,live,88,4
194,live,89,2
194,live,90,2
194,live,91,9
194,live,92,8
194,live,93,11
194,live,94,3
194,live,95,12
194,live,96,12
194,live,97,15
194,live,98,11
194,live,99,19
194,live,100,27
194,live,101,10
194,live,102,22
194,live,103,16
194,live,104,7
194,live,105,4
194,live,106,17
194,live,107,38
194,live,108,83
194,live,109,235
194,live,110,472
194,live,111,306
194,live,112,354
194,live,113,291
194,live,114,196
194,live,115,82
194,live,116,32
194,live,117,16
194,live,118,4
194,live,119,1
194,live,120,1
194,live,121,2
194,live,122,1
194,live,123,0
194,live,124,2
194,live,125,0
194,live,126,2
194,live,127,1
194,live,128,1
194,live,129,2
194,live,130,0
194,live,131,1
194,live,132,1
194,live,133,0
194,live,134,1
194,live,135,3
194,live,136,5
194,live,137,11
194,live,138,9
194,live,139,2
194,live,140,3
194,live,141,11
194,live,142,7
194,live,143,15
194,live,144,13
194,live,145,15
194,live,146,5
194,live,147,5
194,live,148,19
194,live,149,23
194,live,150,26
194,live,151,58
194,live,152,166
194,live,153,275
194,live,154,102
194,live,155,198
194,live,156,105
194,live,157,30
194,live,158,12
194,live,159,5
194,live,160,9
194,live,161,4
194,live,162,0
194,live,163,2
194,live,164,0
194,live,165,0
194,live,166,3
194,live,167,0
194,live,168,0
194,live,169,0
194,live,170,0
194,live,171,2
194,live,172,0
194,live,173,0
194,live,174,0
194,live,175,0
194,live,176,0
194,live,177,1
194,live,178,1
194,live,179,0
194,live,180,0
194,live,181,0
194,live,182,0
194,live,183,1
194,live,184,0
194,live,185,0
194,live,186,1
194,live,187,1
194,live,188,1
194,live,189,1
194,live,190,0
194,live,191,12
194,live,192,12
194,live,193,1
194,live,194,0
195,removed,0,28196
195,removed,1,12893
195,removed,2,5542
195,removed,3,2759
195,removed,4,1737
195,removed,5,1066
195,removed,6,776
195,removed,7,534
195,removed,8,472
195,removed,9,390
195,removed,10,274
195,removed,11,288
195,removed,12,206
195,removed,13,155
195,removed,14,117
195,removed,15,103
195,removed,16,61
195,removed,17,56
195,removed,18,90
195,removed,19,25
195,removed,20,19
195,removed,21,12
195,removed,22,7
195,removed,23,9
195,removed,24,0
195,removed,25,1
195,removed,26,0
195,removed,27,1
195,removed,28,1
195,removed,29,0
195,removed,30,0
195,removed,31,0
195,removed,32,0
195,removed,33,0
195,removed,34,0
195,removed,35,0
195,removed,36,0
195,removed,37,0
195,removed,38,0
195,removed,39,0
195,removed,40,0
195,removed,41,0
195,removed,42,0
195,removed,43,0
195,removed,44,0
195,removed,45,0
195,removed,46,0
195,removed,47,0
195,removed,48,0
195,removed,49,0
195,removed,50,0
195,removed,51,0
195,removed,52,0
195,removed,53,0
195,removed,54,0
195,removed,55,0
195,removed,56,0
195,removed,57,0
195,removed,58,0
195,removed,59,0
195,removed,60,0
195,removed,61,0
195,removed,62,0
195,removed,63,0
195,removed,64,0
195,removed,65,0
195,removed,66,1
195,removed,67,2
195,removed,68,0
195,removed,69,0
195,removed,70,0
195,removed,71,0
195,removed,72,0
195,removed,73,0
195,removed,74,0
195,removed,75,0
195,removed,76,0
195,removed,77,0
195,removed,78,0
195,removed,79,0
195,removed,80,0
195,removed,81,0
195,removed,82,0
195,removed,83,0
195,removed,84,0
195,removed,85,0
195,removed,86,0
195,removed,87,0
195,removed,88,0
195,removed,89,0
195,removed,90,0
195,removed,91,0
195,removed,92,0
195,removed,93,0
195,removed,94,0
195,removed,95,0
195,removed,96,0
195,removed,97,0
195,removed,98,0
195,removed,99,0
195,removed,100,0
195,removed,101,0
195,removed,102,0
195,removed,103,0
195,removed,104,0
195,removed,105,0
195,removed,106,0
195,removed,107,0
195,removed,108,0
195,removed,109,0
195,removed,110,0
195,removed,111,0
195,removed,112,0
195,removed,113,0
195,removed,114,0
195,removed,115,0
195,removed,116,0
195,removed,117,0
195,removed,118,1
195,removed,119,0
195,removed,120,0
195,removed,121,0
195,removed,122,0
195,removed,123,0
195,removed,124,0
195,removed,125,0
195,removed,126,0
195,removed,127,0
195,removed,128,0
195,removed,129,0
195,removed,130,0
195,removed,131,0
195,removed,132,0
195,removed,133,0
195,removed,134,0
195,removed,135,0
195,removed,136,0
195,removed,137,0
195,removed,138,0
195,removed,139,0
195,removed,140,0
195,removed,141,0
195,removed,142,0
195,removed,143,0
195,removed,144,0
195,removed,145,0
195,removed,146,0
195,removed,147,0
195,removed,148,0
195,removed,149,0
195,removed,150,0
195,removed,151,0
195,removed,152,0
195,removed,153,0
195,removed,154,0
195,removed,155,0
195,removed,156,0
195,removed,157,0
195,removed,158,0
195,removed,159,0
195,removed,160,0
195,removed,161,0
195,removed,162,0
195,removed,163,0
195,removed,164,0
195,removed,165,0
195,removed,166,0
195,removed,167,0
195,removed,168,0
195,removed,169,0
195,removed,170,0
195,removed,171,0
195,removed,172,0
195,removed,173,0
195,removed,174,0
195,removed,175,0
195,removed,176,0
195,removed,177,0
195,removed,178,0
195,removed,179,0
195,removed,180,0
195,removed,181,0
195,removed,182,0
195,removed,183,0
195,removed,184,0
195,removed,185,0
195,removed,186,0
195,removed,187,0
195,removed,188,0
195,removed,189,0
195,removed,190,0
195,removed,191,0
195,removed,192,0
195,removed,193,0
195,removed,194,0
195,live,0,0
195,live,1,23587
195,live,2,11981
195,live,3,7127
195,live,4,4838
195,live,5,3493
195,live,6,2862
195,live,7,2505
195,live,8,2015
195,live,9,1893
195,live,10,1611
195,live,11,1477
195,live,12,1393
195,live,13,1164
195,live,14,1080
195,live,15,927
195,live,16,3556
195,live,17,4858
195,live,18,3986
195,live,19,4286
195,live,20,3508
195,live,21,5707
195,live,22,5230
195,live,23,4242
195,live,24,7024
195,live,25,4889
195,live,26,3787
195,live,27,3283
195,live,28,1911
195,live,29,1451
195,live,30,1356
195,live,31,98
195,live,32,68
195,live,33,52
195,live,34,29
195,live,35,26
195,live,36,16
195,live,37,15
195,live,38,15
195,live,39,23
195,live,40,21
195,live,41,25
195,live,42,24
195,live,43,22
195,live,44,25
195,live,45,35
195,live,46,34
195,live,47,29
195,live,48,46
195,live,49,35
195,live,50,34
195,live,51,45
195,live,52,48
195,live,53,71
195,live,54,25
195,live,55,24
195,live,56,20
195,live,57,40
195,live,58,21
195,live,59,20
195,live,60,9
195,live,61,6
195,live,62,3
195,live,63,13
195,live,64,31
195,live,65,71
195,live,66,238
195,live,67,1099
195,live,68,608
195,live,69,587
195,live,70,987
195,live,71,602
195,live,72,445
195,live,73,346
195,live,74,19
195,live,75,20
195,live,76,7
195,live,77,3
195,live,78,2
195,live,79,2
195,live,80,3
195,live,81,2
195,live,82,2
195,live,83,0
195,live,84,1
195,live,85,0
195,live,86,4
195,live,87,1
195,live,88,1
195,live,89,4
195,live,90,2
195,live,91,2
195,live,92,9
195,live,93,8
195,live,94,11
195,live,95,3
195,live,96,12
195,live,97,12
195,live,98,15
195,live,99,11
195,live,100,19
195,live,101,27
195,live,102,10
195,live,103,22
195,live,104,16
195,live,105,7
195,live,106,4
195,live,107,17
195,live,108,38
195,live,109,83
195,live,110,235
195,live,111,472
195,live,112,306
195,live,113,354
195,live,114,291
195,live,115,196
195,live,116,82
195,live,117,32
195,live,118,16
195,live,119,3
195,live,120,1
195,live,121,1
195,live,122,2
195,live,123,1
195,live,124,0
195,live,125,2
195,live,126,0
195,live,127,2
195,live,128,1
195,live,129,1
195,live,130,2
195,live,131,0
195,live,132,1
195,live,133,1
195,live,134,0
195,live,135,1
195,live,136,3
195,live,137,5
195,live,138,11
195,live,139,9
195,live,140,2
195,live,141,3
195,live,142,11
195,live,143,7
195,live,144,15
195,live,145,13
195,live,146,15
195,live,147,5
195,live,148,5
195,live,149,19
195,live,150,23
195,live,151,26
195,live,152,58
195,live,153,166
195,live,154,275
195,live,155,102
195,live,156,198
195,live,157,105
195,live,158,30
195,live,159,12
195,live,160,5
195,live,161,9
195,live,162,4
195,live,163,0
195,live,164,2
195,live,165,0
195,live,166,0
195,live,167,3
195,live,168,0
195,live,169,0
195,live,170,0
195,live,171,0
195,live,172,2
195,live,173,0
195,live,174,0
195,live,175,0
195,live,176,0
195,live,177,0
195,live,178,1
195,live,179,1
195,live,180,0
195,live,181,0
195,live,182,0
195,live,183,0
195,live,184,1
195,live,185,0
195,live,186,0
195,live,187,1
195,live,188,1
195,live,189,1
195,live,190,1
195,live,191,0
195,live,192,12
195,live,193,12
195,live,194,1
195,live,195,0
196,removed,0,28961
196,removed,1,12193
196,removed,2,5045
196,removed,3,2646
196,removed,4,1547
196,removed,5,987
196,removed,6,652
196,removed,7,575
196,removed,8,411
196,removed,9,333
196,removed,10,295
196,removed,11,251
196,removed,12,226
196,removed,13,175
196,removed,14,108
196,removed,15,110
196,removed,16,68
196,removed,17,123
196,removed,18,44
196,removed,19,107
196,removed,20,90
196,removed,21,140
196,removed,22,88
196,removed,23,64
196,removed,24,14
196,removed,25,35
196,removed,26,0
196,removed,27,17
196,removed,28,0
196,removed,29,1
196,removed,30,0
196,removed,31,1
196,removed,32,0
196,removed,33,0
196,removed,34,0
196,removed,35,0
196,removed,36,0
196,removed,37,0
196,removed,38,0
196,removed,39,0
196,removed,40,0
196,removed,41,0
196,removed,42,0
196,removed,43,0
196,removed,44,0
196,removed,45,0
196,removed,46,0
196,removed,47,0
196,removed,48,0
196,removed,49,0
196,removed,50,0
196,removed,51,0
196,removed,52,0
196,removed,53,0
196,removed,54,0
196,removed,55,0
196,removed,56,0
196,removed,57,0
196,removed,58,0
196,removed,59,0
196,removed,60,0
196,removed,61,0
196,removed,62,0
196,removed,63,0
196,removed,64,0
196,removed,65,0
196,removed,66,0
196,removed,67,1
196,removed,68,0
196,removed,69,0
196,removed,70,0
196,removed,71,0
196,removed,72,0
196,removed,73,0
196,removed,74,0
196,removed,75,0
196,removed,76,0
196,removed,77,0
196,removed,78,0
196,removed,79,0
196,removed,80,0
196,removed,81,0
196,removed,82,0
196,removed,83,0
196,removed,84,0
196,removed,85,0
196,removed,86,0
196,removed,87,0
196,removed,88,0
196,removed,89,0
196,removed,90,0
196,removed,91,0
196,removed,92,0
196,removed,93,0
196,removed,94,0
196,removed,95,0
196,removed,96,0
196,removed,97,0
196,removed,98,0
196,removed,99,0
196,removed,100,0
196,removed,101,0
196,removed,102,0
196,removed,103,0
196,removed,104,0
196,removed,105,0
196,removed,106,0
196,removed,107,0
196,removed,108,2
196,removed,109,0
196,removed,110,0
196,removed,111,0
196,removed,112,2
196,removed,113,1
196,removed,114,0
196,removed,115,0
196,removed,116,1
196,removed,117,0
196,removed,118,0
196,removed,119,0
196,removed,120,0
196,removed,121,0
196,removed,122,0
196,removed,123,0
196,removed,124,0
196,removed,125,0
196,removed,126,0
196,removed,127,0
196,removed,128,0
196,removed,129,0
196,removed,130,0
196,removed,131,0
196,removed,132,0
196,removed,133,0
196,removed,134,0
196,removed,135,0
196,removed,136,0
196,removed,137,0
196,removed,138,0
196,removed,139,0
196,removed,140,0
196,removed,141,0
196,removed,142,0
196,removed,143,0
196,removed,144,0
196,removed,145,0
196,removed,146,0
196,removed,147,0
196,removed,148,0
196,removed,149,0
196,removed,150,0
196,removed,151,0
196,removed,152,0
196,removed,153,0
196,removed,154,0
196,removed,155,0
196,removed,156,0
196,removed,157,0
196,removed,158,0
196,removed,159,0
196,removed,160,0
196,removed,161,0
196,removed,162,0
196,removed,163,0
196,removed,164,0
196,removed,165,0
196,removed,166,0
196,removed,167,0
196,removed,168,0
196,removed,169,0
196,removed,170,0
196,removed,171,0
196,removed,172,0
196,removed,173,0
196,removed,174,0
196,removed,175,0
196,removed,176,0
196,removed,177,0
196,removed,178,0
196,removed,179,0
196,removed,180,0
196,removed,181,0
196,removed,182,0
196,removed,183,0
196,removed,184,0
196,removed,185,0
196,removed,186,0
196,removed,187,0
196,removed,188,0
196,removed,189,0
196,removed,190,0
196,removed,191,0
196,removed,192,0
196,removed,193,0
196,removed,194,0
196,removed,195,0
196,live,0,0
196,live,1,22833
196,live,2,11394
196,live,3,6936
196,live,4,4481
196,live,5,3291
196,live,6,2506
196,live,7,2210
196,live,8,1930
196,live,9,1604
196,live,10,1560
196,live,11,1316
196,live,12,1226
196,live,13,1167
196,live,14,989
196,live,15,972
196,live,16,817
196,live,17,3488
196,live,18,4735
196,live,19,3942
196,live,20,4179
196,live,21,3418
196,live,22,5567
196,live,23,5142
196,live,24,4178
196,live,25,7010
196,live,26,4854
196,live,27,3787
196,live,28,3266
196,live,29,1911
196,live,30,1450
196,live,31,1356
196,live,32,97
196,live,33,68
196,live,34,52
196,live,35,29
196,live,36,26
196,live,37,16
196,live,38,15
196,live,39,15
196,live,40,23
196,live,41,21
196,live,42,25
196,live,43,24
196,live,44,22
196,live,45,25
196,live,46,35
196,live,47,34
196,live,48,29
196,live,49,46
196,live,50,35
196,live,51,34
196,live,52,45
196,live,53,48
196,live,54,71
196,live,55,25
196,live,56,24
196,live,57,20
196,live,58,40
196,live,59,21
196,live,60,20
196,live,61,9
196,live,62,6
196,live,63,3
196,live,64,13
196,live,65,31
196,live,66,71
196,live,67,238
196,live,68,1098
196,live,69,608
196,live,70,587
196,live,71,987
196,live,72,602
196,live,73,445
196,live,74,346
196,live,75,19
196,live,76,20
196,live,77,7
196,live,78,3
196,live,79,2
196,live,80,2
196,live,81,3
196,live,82,2
196,live,83,2
196,live,84,0
196,live,85,1
196,live,86,0
196,live,87,4
196,live,88,1
196,live,89,1
196,live,90,4
196,live,91,2
196,live,92,2
196,live,93,9
196,live,94,8
196,live,95,11
196,live,96,3
196,live,97,12
196,live,98,12
196,live,99,15
196,live,100,11
196,live,101,19
196,live,102,27
196,live,103,10
196,live,104,22
196,live,105,16
196,live,106,7
196,live,107,4
196,live,108,17
196,live,109,36
196,live,110,83
196,live,111,235
196,live,112,472
196,live,113,304
196,live,114,353
196,live,115,291
196,live,116,196
196,live,117,81
196,live,118,32
196,live,119,16
196,live,120,3
196,live,121,1
196,live,122,1
196,live,123,2
196,live,124,1
196,live,125,0
196,live,126,2
196,live,127,0
196,live,128,2
196,live,129,1
196,live,130,1
196,live,131,2
196,live,132,0
196,live,133,1
196,live,134,1
196,live,135,0
196,live,136,1
196,live,137,3
196,live,138,5
196,live,139,11
196,live,140,9
196,live,141,2
196,live,142,3
196,live,143,11
196,live,144,7
196,live,145,15
196,live,146,13
196,live,147,15
196,live,148,5
196,live,149,5
196,live,150,19
196,live,151,23
196,live,152,26
196,live,153,58
196,live,154,166
196,live,155,275
196,live,156,102
196,live,157,198
196,live,158,105
196,live,159,30
196,live,160,12
196,live,161,5
196,live,162,9
196,live,163,4
196,live,164,0
196,live,165,2
196,live,166,0
196,live,167,0
196,live,168,3
196,live,169,0
196,live,170,0
196,live,171,0
196,live,172,0
196,live,173,2
196,live,174,0
196,live,175,0
196,live,176,0
196,live,177,0
196,live,178,0
196,live,179,1
196,live,180,1
196,live,181,0
196,live,182,0
196,live,183,0
196,live,184,0
196,live,185,1
196,live,186,0
196,live,187,0
196,live,188,1
196,live,189,1
196,live,190,1
196,live,191,1
196,live,192,0
196,live,193,12
196,live,194,12
196,live,195,1
196,live,196,0
197,removed,0,30511
197,removed,1,12970
197,removed,2,5373
197,removed,3,2946
197,removed,4,1591
197,removed,5,974
197,removed,6,692
197,removed,7,544
197,removed,8,386
197,removed,9,309
197,removed,10,269
197,removed,11,202
197,removed,12,186
197,removed,13,204
197,removed,14,140
197,removed,15,134
197,removed,16,103
197,removed,17,75
197,removed,18,112
197,removed,19,68
197,removed,20,166
197,removed,21,22
197,removed,22,89
197,removed,23,1
197,removed,24,34
197,removed,25,12
197,removed,26,10
197,removed,27,4
197,removed,28,4
197,removed,29,5
197,removed,30,0
197,removed,31,2
197,removed,32,1
197,removed,33,0
197,removed,34,0
197,removed,35,0
197,removed,36,0
197,removed,37,0
197,removed,38,0
197,removed,39,0
197,removed,40,0
197,removed,41,0
197,removed,42,0
197,removed,43,0
197,removed,44,0
197,removed,45,0
197,removed,46,0
197,removed,47,0
197,removed,48,0
197,removed,49,0
197,removed,50,0
197,removed,51,0
197,removed,52,0
197,removed,53,0
197,removed,54,0
197,removed,55,0
197,removed,56,0
197,removed,57,0
197,removed,58,0
197,removed,59,0
197,removed,60,0
197,removed,61,0
197,removed,62,0
197,removed,63,0
197,removed,64,0
197,removed,65,0
197,removed,66,0
197,removed,67,0
197,removed,68,0
197,removed,69,0
197,removed,70,0
197,removed,71,1
197,removed,72,0
197,removed,73,1
197,removed,74,1
197,removed,75,0
197,removed,76,0
197,removed,77,0
197,removed,78,0
197,removed,79,0
197,removed,80,0
197,removed,81,0
197,removed,82,0
197,removed,83,0
197,removed,84,0
197,removed,85,0
197,removed,86,0
197,removed,87,0
197,removed,88,0
197,removed,89,0
197,removed,90,0
197,removed,91,0
197,removed,92,0
197,removed,93,0
197,removed,94,0
197,removed,95,0
197,removed,96,0
197,removed,97,0
197,removed,98,0
197,removed,99,0
197,removed,100,0
197,removed,101,0
197,removed,102,0
197,removed,103,0
197,removed,104,0
197,removed,105,0
197,removed,106,0
197,removed,107,0
197,removed,108,0
197,removed,109,0
197,removed,110,0
197,removed,111,0
197,removed,112,0
197,removed,113,0
197,removed,114,0
197,removed,115,0
197,removed,116,0
197,removed,117,0
197,removed,118,0
197,removed,119,0
197,removed,120,0
197,removed,121,0
197,removed,122,0
197,removed,123,0
197,removed,124,0
197,removed,125,0
197,removed,126,0
197,removed,127,0
197,removed,128,0
197,removed,129,0
197,removed,130,0
197,removed,131,0
197,removed,132,0
197,removed,133,0
197,removed,134,0
197,removed,135,0
197,removed,136,0
197,removed,137,0
197,removed,138,0
197,removed,139,0
197,removed,140,0
197,removed,141,0
197,removed,142,0
197,removed,143,0
197,removed,144,0
197,removed,145,0
197,removed,146,0
197,removed,147,0
197,removed,148,0
197,removed,149,0
197,removed,150,0
197,removed,151,0
197,removed,152,0
197,removed,153,0
197,removed,154,1
197,removed,155,0
197,removed,156,0
197,removed,157,0
197,removed,158,0
197,removed,159,0
197,removed,160,0
197,removed,161,0
197,removed,162,0
197,removed,163,0
197,removed,164,0
197,removed,165,0
197,removed,166,0
197,removed,167,0
197,removed,168,0
197,removed,169,0
197,removed,170,0
197,removed,171,0
197,removed,172,0
197,removed,173,0
197,removed,174,0
197,removed,175,0
197,removed,176,0
197,removed,177,0
197,removed,178,0
197,removed,179,0
197,removed,180,0
197,removed,181,0
197,removed,182,0
197,removed,183,0
197,removed,184,0
197,removed,185,0
197,removed,186,0
197,removed,187,0
197,removed,188,0
197,removed,189,0
197,removed,190,0
197,removed,191,0
197,removed,192,0
197,removed,193,0
197,removed,194,0
197,removed,195,0
197,removed,196,0
197,live,0,0
197,live,1,21334
197,live,2,9863
197,live,3,6021
197,live,4,3990
197,live,5,2890
197,live,6,2317
197,live,7,1814
197,live,8,1666
197,live,9,1544
197,live,10,1295
197,live,11,1291
197,live,12,1114
197,live,13,1040
197,live,14,963
197,live,15,849
197,live,16,838
197,live,17,714
197,live,18,3413
197,live,19,4623
197,live,20,3874
197,live,21,4013
197,live,22,3396
197,live,23,5478
197,live,24,5141
197,live,25,4144
197,live,26,6998
197,live,27,4844
197,live,28,3783
197,live,29,3262
197,live,30,1906
197,live,31,1450
197,live,32,1354
197,live,33,96
197,live,34,68
197,live,35,52
197,live,36,29
197,live,37,26
197,live,38,16
197,live,39,15
197,live,40,15
197,live,41,23
197,live,42,21
197,live,43,25
197,live,44,24
197,live,45,22
197,live,46,25
197,live,47,35
197,live,48,34
197,live,49,29
197,live,50,46
197,live,51,35
197,live,52,34
197,live,53,45
197,live,54,48
197,live,55,71
197,live,56,25
197,live,57,24
197,live,58,20
197,live,59,40
197,live,60,21
197,live,61,20
197,live,62,9
197,live,63,6
197,live,64,3
197,live,65,13
197,live,66,31
197,live,67,71
197,live,68,238
197,live,69,1098
197,live,70,608
197,live,71,587
197,live,72,986
197,live,73,602
197,live,74,444
197,live,75,345
197,live,76,19
197,live,77,20
197,live,78,7
197,live,79,3
197,live,80,2
197,live,81,2
197,live,82,3
197,live,83,2
197,live,84,2
197,live,85,0
197,live,86,1
197,live,87,0
197,live,88,4
197,live,89,1
197,live,90,1
197,live,91,4
197,live,92,2
197,live,93,2
197,live,94,9
197,live,95,8
197,live,96,11
197,live,97,3
197,live,98,12
197,live,99,12
197,live,100,15
197,live,101,11
197,live,102,19
197,live,103,27
197,live,104,10
197,live,105,22
197,live,106,16
197,live,107,7
197,live,108,4
197,live,109,17
197,live,110,36
197,live,111,83
197,live,112,235
197,live,113,472
197,live,114,304
197,live,115,353
197,live,116,291
197,live,117,196
197,live,118,81
197,live,119,32
197,live,120,16
197,live,121,3
197,live,122,1
197,live,123,1
197,live,124,2
197,live,125,1
197,live,126,0
197,live,127,2
197,live,128,0
197,live,129,2
197,live,130,1
197,live,131,1
197,live,132,2
197,live,133,0
197,live,134,1
197,live,135,1
197,live,136,0
197,live,137,1
197,live,138,3
197,live,139,5
197,live,140,11
197,live,141,9
197,live,142,2
197,live,143,3
197,live,144,11
197,live,145,7
197,live,146,15
197,live,147,13
197,live,148,15
197,live,149,5
197,live,150,5
197,live,151,19
197,live,152,23
197,live,153,26
197,live,154,58
197,live,155,165
197,live,156,275
197,live,157,102
197,live,158,198
197,live,159,105
197,live,160,30
197,live,161,12
197,live,162,5
197,live,163,9
197,live,164,4
197,live,165,0
197,live,166,2
197,live,167,0
197,live,168,0
197,live,169,3
197,live,170,0
197,live,171,0
197,live,172,0
197,live,173,0
197,live,174,2
197,live,175,0
197,live,176,0
197,live,177,0
197,live,178,0
197,live,179,0
197,live,180,1
197,live,181,1
197,live,182,0
197,live,183,0
197,live,184,0
197,live,185,0
197,live,186,1
197,live,187,0
197,live,188,0
197,live,189,1
197,live,190,1
197,live,191,1
197,live,192,1
197,live,193,0
197,live,194,12
197,live,195,12
197,live,196,1
197,live,197,0
198,removed,0,30171
198,removed,1,11323
198,removed,2,4312
198,removed,3,2240
198,removed,4,1350
198,removed,5,860
198,removed,6,631
198,removed,7,417
198,removed,8,332
198,removed,9,298
198,removed,10,234
198,removed,11,228
198,removed,12,159
198,removed,13,152
198,removed,14,135
198,removed,15,111
198,removed,16,73
198,removed,17,74
198,removed,18,86
198,removed,19,72
198,removed,20,21
198,removed,21,33
198,removed,22,30
198,removed,23,175
198,removed,24,10
198,removed,25,85
198,removed,26,2
198,removed,27,38
198,removed,28,2
198,removed,29,15
198,removed,30,0
198,removed,31,10
198,removed,32,8
198,removed,33,0
198,removed,34,0
198,removed,35,1
198,removed,36,0
198,removed,37,0
198,removed,38,0
198,removed,39,0
198,removed,40,0
198,removed,41,0
198,removed,42,0
198,removed,43,0
198,removed,44,0
198,removed,45,0
198,removed,46,0
198,removed,47,0
198,removed,48,0
198,removed,49,0
198,removed,50,0
198,removed,51,0
198,removed,52,0
198,removed,53,0
198,removed,54,0
198,removed,55,0
198,removed,56,0
198,removed,57,0
198,removed,58,0
198,removed,59,0
198,removed,60,0
198,removed,61,0
198,removed,62,0
198,removed,63,0
198,removed,64,0
198,removed,65,0
198,removed,66,0
198,removed,67,0
198,removed,68,2
198,removed,69,0
198,removed,70,4
198,removed,71,0
198,removed,72,5
198,removed,73,0
198,removed,74,2
198,removed,75,0
198,removed,76,0
198,removed,77,0
198,removed,78,0
198,removed,79,0
198,removed,80,0
198,removed,81,0
198,removed,82,0
198,removed,83,0
198,removed,84,0
198,removed,85,0
198,removed,86,0
198,removed,87,0
198,removed,88,0
198,removed,89,0
198,removed,90,0
198,removed,91,0
198,removed,92,0
198,removed,93,0
198,removed,94,0
198,removed,95,0
198,removed,96,0
198,removed,97,0
198,removed,98,0
198,removed,99,0
198,removed,100,0
198,removed,101,0
198,removed,102,0
198,removed,103,0
198,removed,104,0
198,removed,105,0
198,removed,106,0
198,removed,107,0
198,removed,108,0
198,removed,109,0
198,removed,110,1
198,removed,111,0
198,removed,112,0
198,removed,113,0
198,removed,114,0
198,removed,115,0
198,removed,116,0
198,removed,117,0
198,removed,118,0
198,removed,119,0
198,removed,120,0
198,removed,121,0
198,removed,122,0
198,removed,123,0
198,removed,124,0
198,removed,125,0
198,removed,126,0
198,removed,127,0
198,removed,128,0
198,removed,129,0
198,removed,130,0
198,removed,131,0
198,removed,132,0
198,removed,133,0
198,removed,134,0
198,removed,135,0
198,removed,136,0
198,removed,137,0
198,removed,138,0
198,removed,139,0
198,removed,140,0
198,removed,141,0
198,removed,142,0
198,removed,143,0
198,removed,144,0
198,removed,145,0
198,removed,146,0
198,removed,147,0
198,removed,148,0
198,removed,149,0
198,removed,150,0
198,removed,151,0
198,removed,152,0
198,removed,153,0
198,removed,154,0
198,removed,155,0
198,removed,156,0
198,removed,157,0
198,removed,158,0
198,removed,159,0
198,removed,160,0
198,removed,161,0
198,removed,162,0
198,removed,163,0
198,removed,164,0
198,removed,165,0
198,removed,166,0
198,removed,167,0
198,removed,168,0
198,removed,169,0
198,removed,170,0
198,removed,171,0
198,removed,172,0
198,removed,173,0
198,removed,174,0
198,removed,175,0
198,removed,176,0
198,removed,177,0
198,removed,178,0
198,removed,179,0
198,removed,180,0
198,removed,181,0
198,removed,182,0
198,removed,183,0
198,removed,184,0
198,removed,185,0
198,removed,186,0
198,removed,187,0
198,removed,188,0
198,removed,189,0
198,removed,190,0
198,removed,191,0
198,removed,192,0
198,removed,193,0
198,removed,194,0
198,removed,195,0
198,removed,196,0
198,removed,197,0
198,live,0,0
198,live,1,21707
198,live,2,10011
198,live,3,5551
198,live,4,3781
198,live,5,2640
198,live,6,2030
198,live,7,1686
198,live,8,1397
198,live,9,1334
198,live,10,1246
198,live,11,1061
198,live,12,1063
198,live,13,955
198,live,14,888
198,live,15,828
198,live,16,738
198,live,17,765
198,live,18,640
198,live,19,3327
198,live,20,4551
198,live,21,3853
198,live,22,3980
198,live,23,3366
198,live,24,5303
198,live,25,5131
198,live,26,4059
198,live,27,6996
198,live,28,4806
198,live,29,3781
198,live,30,3247
198,live,31,1906
198,live,32,1440
198,live,33,1346
198,live,34,96
198,live,35,68
198,live,36,51
198,live,37,29
198,live,38,26
198,live,39,16
198,live,40,15
198,live,41,15
198,live,42,23
198,live,43,21
198,live,44,25
198,live,45,24
198,live,46,22
198,live,47,25
198,live,48,35
198,live,49,34
198,live,50,29
198,live,51,46
198,live,52,35
198,live,53,34
198,live,54,45
198,live,55,48
198,live,56,71
198,live,57,25
198,live,58,24
198,live,59,20
198,live,60,40
198,live,61,21
198,live,62,20
198,live,63,9
198,live,64,6
198,live,65,3
198,live,66,13
198,live,67,31
198,live,68,71
198,live,69,236
198,live,70,1098
198,live,71,604
198,live,72,587
198,live,73,981
198,live,74,602
198,live,75,442
198,live,76,345
198,live,77,19
198,live,78,20
198,live,79,7
198,live,80,3
198,live,81,2
198,live,82,2
198,live,83,3
198,live,84,2
198,live,85,2
198,live,86,0
198,live,87,1
198,live,88,0
198,live,89,4
198,live,90,1
198,live,91,1
198,live,92,4
198,live,93,2
198,live,94,2
198,live,95,9
198,live,96,8
198,live,97,11
198,live,98,3
198,live,99,12
198,live,100,12
198,live,101,15
198,live,102,11
198,live,103,19
198,live,104,27
198,live,105,10
198,live,106,22
198,live,107,16
198,live,108,7
198,live,109,4
198,live,110,17
198,live,111,35
198,live,112,83
198,live,113,235
198,live,114,472
198,live,115,304
198,live,116,353
198,live,117,291
198,live,118,196
198,live,119,81
198,live,120,32
198,live,121,16
198,live,122,3
198,live,123,1
198,live,124,1
198,live,125,2
198,live,126,1
198,live,127,0
198,live,128,2
198,live,129,0
198,live,130,2
198,live,131,1
198,live,132,1
198,live,133,2
198,live,134,0
198,live,135,1
198,live,136,1
198,live,137,0
198,live,138,1
198,live,139,3
198,live,140,5
198,live,141,11
198,live,142,9
198,live,143,2
198,live,144,3
198,live,145,11
198,live,146,7
198,live,147,15
198,live,148,13
198,live,149,15
198,live,150,5
198,live,151,5
198,live,152,19
198,live,153,23
198,live,154,26
198,live,155,58
198,live,156,165
198,live,157,275
198,live,158,102
198,live,159,198
198,live,160,105
198,live,161,30
198,live,162,12
198,live,163,5
198,live,164,9
198,live,165,4
198,live,166,0
198,live,167,2
198,live,168,0
198,live,169,0
198,live,170,3
198,live,171,0
198,live,172,0
198,live,173,0
198,live,174,0
198,live,175,2
198,live,176,0
198,live,177,0
198,live,178,0
198,live,179,0
198,live,180,0
198,live,181,1
198,live,182,1
198,live,183,0
198,live,184,0
198,live,185,0
198,live,186,0
198,live,187,1
198,live,188,0
198,live,189,0
198,live,190,1
198,live,191,1
198,live,192,1
198,live,193,1
198,live,194,0
198,live,195,12
198,live,196,12
198,live,197,1
198,live,198,0
199,removed,0,32082
199,removed,1,13073
199,removed,2,5187
199,removed,3,2446
199,removed,4,1496
199,removed,5,906
199,removed,6,562
199,removed,7,490
199,removed,8,297
199,removed,9,292
199,removed,10,239
199,removed,11,217
199,removed,12,213
199,removed,13,145
199,removed,14,104
199,removed,15,132
199,removed,16,86
199,removed,17,122
199,removed,18,75
199,removed,19,47
199,removed,20,31
199,removed,21,22
199,removed,22,57
199,removed,23,14
199,removed,24,109
199,removed,25,6
199,removed,26,69
199,removed,27,2
199,removed,28,12
199,removed,29,5
199,removed,30,12
199,removed,31,0
199,removed,32,2
199,removed,33,0
199,removed,34,0
199,removed,35,0
199,removed,36,0
199,removed,37,0
199,removed,38,0
199,removed,39,0
199,removed,40,0
199,removed,41,1
199,removed,42,1
199,removed,43,1
199,removed,44,1
199,removed,45,0
199,removed,46,0
199,removed,47,1
199,removed,48,0
199,removed,49,0
199,removed,50,0
199,removed,51,2
199,removed,52,1
199,removed,53,0
199,removed,54,0
199,removed,55,0
199,removed,56,0
199,removed,57,0
199,removed,58,0
199,removed,59,0
199,removed,60,0
199,removed,61,0
199,removed,62,0
199,removed,63,0
199,removed,64,0
199,removed,65,0
199,removed,66,0
199,removed,67,0
199,removed,68,0
199,removed,69,5
199,removed,70,1
199,removed,71,0
199,removed,72,3
199,removed,73,0
199,removed,74,1
199,removed,75,0
199,removed,76,0
199,removed,77,0
199,removed,78,0
199,removed,79,0
199,removed,80,0
199,removed,81,0
199,removed,82,0
199,removed,83,0
199,removed,84,0
199,removed,85,0
199,removed,86,0
199,removed,87,0
199,removed,88,0
199,removed,89,0
199,removed,90,0
199,removed,91,0
199,removed,92,0
199,removed,93,0
199,removed,94,0
199,removed,95,0
199,removed,96,0
199,removed,97,0
199,removed,98,0
199,removed,99,0
199,removed,100,0
199,removed,101,0
199,removed,102,0
199,removed,103,1
199,removed,104,0
199,removed,105,0
199,removed,106,0
199,removed,107,0
199,removed,108,0
199,removed,109,0
199,removed,110,0
199,removed,111,1
199,removed,112,0
199,removed,113,1
199,removed,114,0
199,removed,115,0
199,removed,116,0
199,removed,117,0
199,removed,118,0
199,removed,119,0
199,removed,120,0
199,removed,121,0
199,removed,122,0
199,removed,123,0
199,removed,124,0
199,removed,125,0
199,removed,126,0
199,removed,127,0
199,removed,128,0
199,removed,129,0
199,removed,130,0
199,removed,131,0
199,removed,132,0
199,removed,133,0
199,removed,134,0
199,removed,135,0
199,removed,136,0
199,removed,137,0
199,removed,138,0
199,removed,139,0
199,removed,140,0
199,removed,141,0
199,removed,142,0
199,removed,143,0
199,removed,144,0
199,removed,145,0
199,removed,146,0
199,removed,147,0
199,removed,148,0
199,removed,149,0
199,removed,150,0
199,removed,151,0
199,removed,152,0
199,removed,153,0
199,removed,154,0
199,removed,155,0
199,removed,156,0
199,removed,157,0
199,removed,158,0
199,removed,159,0
199,removed,160,0
199,removed,161,0
199,removed,162,0
199,removed,163,0
199,removed,164,0
199,removed,165,0
199,removed,166,0
199,removed,167,0
199,removed,168,0
199,removed,169,0
199,removed,170,0
199,removed,171,0
199,removed,172,0
199,removed,173,0
199,removed,174,0
199,removed,175,0
199,removed,176,0
199,removed,177,0
199,removed,178,0
199,removed,179,0
199,removed,180,0
199,removed,181,0
199,removed,182,0
199,removed,183,0
199,removed,184,0
199,removed,185,0
199,removed,186,0
199,removed,187,0
199,removed,188,0
199,removed,189,0
199,removed,190,0
199,removed,191,0
199,removed,192,0
199,removed,193,0
199,removed,194,0
199,removed,195,0
199,removed,196,0
199,removed,197,0
199,removed,198,0
199,live,0,0
199,live,1,19891
199,live,2,8634
199,live,3,4824
199,live,4,3105
199,live,5,2285
199,live,6,1734
199,live,7,1468
199,live,8,1196
199,live,9,1100
199,live,10,1042
199,live,11,1007
199,live,12,844
199,live,13,850
199,live,14,810
199,live,15,784
199,live,16,696
199,live,17,652
199,live,18,643
199,live,19,565
199,live,20,3280
199,live,21,4520
199,live,22,3831
199,live,23,3923
199,live,24,3352
199,live,25,5194
199,live,26,5125
199,live,27,3990
199,live,28,6994
199,live,29,4794
199,live,30,3776
199,live,31,3235
199,live,32,1906
199,live,33,1438
199,live,34,1346
199,live,35,96
199,live,36,68
199,live,37,51
199,live,38,29
199,live,39,26
199,live,40,16
199,live,41,15
199,live,42,14
199,live,43,22
199,live,44,20
199,live,45,24
199,live,46,24
199,live,47,22
199,live,48,24
199,live,49,35
199,live,50,34
199,live,51,29
199,live,52,44
199,live,53,34
199,live,54,34
199,live,55,45
199,live,56,48
199,live,57,71
199,live,58,25
199,live,59,24
199,live,60,20
199,live,61,40
199,live,62,21
199,live,63,20
199,live,64,9
199,live,65,6
199,live,66,3
199,live,67,13
199,live,68,31
199,live,69,71
199,live,70,231
199,live,71,1097
199,live,72,604
199,live,73,584
199,live,74,981
199,live,75,601
199,live,76,442
199,live,77,345
199,live,78,19
199,live,79,20
199,live,80,7
199,live,81,3
199,live,82,2
199,live,83,2
199,live,84,3
199,live,85,2
199,live,86,2
199,live,87,0
199,live,88,1
199,live,89,0
199,live,90,4
199,live,91,1
199,live,92,1
199,live,93,4
199,live,94,2
199,live,95,2
199,live,96,9
199,live,97,8
199,live,98,11
199,live,99,3
199,live,100,12
199,live,101,12
199,live,102,15
199,live,103,11
199,live,104,18
199,live,105,27
199,live,106,10
199,live,107,22
199,live,108,16
199,live,109,7
199,live,110,4
199,live,111,17
199,live,112,34
199,live,113,83
199,live,114,234
199,live,115,472
199,live,116,304
199,live,117,353
199,live,118,291
199,live,119,196
199,live,120,81
199,live,121,32
199,live,122,16
199,live,123,3
199,live,124,1
199,live,125,1
199,live,126,2
199,live,127,1
199,live,128,0
199,live,129,2
199,live,130,0
199,live,131,2
199,live,132,1
199,live,133,1
199,live,134,2
199,live,135,0
199,live,136,1
199,live,137,1
199,live,138,0
199,live,139,1
199,live,140,3
199,live,141,5
199,live,142,11
199,live,143,9
199,live,144,2
199,live,145,3
199,live,146,11
199,live,147,7
199,live,148,15
199,live,149,13
199,live,150,15
199,live,151,5
199,live,152,5
199,live,153,19
199,live,154,23
199,live,155,26
199,live,156,58
199,live,157,165
199,live,158,275
199,live,159,102
199,live,160,198
199,live,161,105
199,live,162,30
199,live,163,12
199,live,164,5
199,live,165,9
199,live,166,4
199,live,167,0
199,live,168,2
199,live,169,0
199,live,170,0
199,live,171,3
199,live,172,0
199,live,173,0
199,live,174,0
199,live,175,0
199,live,176,2
199,live,177,0
199,live,178,0
199,live,179,0
199,live,180,0
199,live,181,0
199,live,182,1
199,live,183,1
199,live,184,0
199,live,185,0
199,live,186,0
199,live,187,0
199,live,188,1
199,live,189,0
199,live,190,0
199,live,191,1
199,live,192,1
199,live,193,1
199,live,194,1
199,live,195,0
199,live,196,12
199,live,197,12
199,live,198,1
199,live,199,0
200,removed,0,31989
200,removed,1,11350
200,removed,2,4254
200,removed,3,2042
200,removed,4,1063
200,removed,5,767
200,removed,6,492
200,removed,7,364
200,removed,8,261
200,removed,9,251
200,removed,10,212
200,removed,11,152
200,removed,12,120
200,removed,13,101
200,removed,14,97
200,removed,15,87
200,removed,16,76
200,removed,17,68
200,removed,18,55
200,removed,19,36
200,removed,20,38
200,removed,21,94
200,removed,22,13
200,removed,23,46
200,removed,24,11
200,removed,25,64
200,removed,26,1
200,removed,27,33
200,removed,28,0
200,removed,29,14
200,removed,30,0
200,removed,31,3
200,removed,32,0
200,removed,33,1
200,removed,34,11
200,removed,35,0
200,removed,36,0
200,removed,37,0
200,removed,38,0
200,removed,39,0
200,removed,40,0
200,removed,41,0
200,removed,42,0
200,removed,43,0
200,removed,44,0
200,removed,45,0
200,removed,46,0
200,removed,47,0
200,removed,48,0
200,removed,49,0
200,removed,50,0
200,removed,51,0
200,removed,52,0
200,removed,53,0
200,removed,54,0
200,removed,55,0
200,removed,56,0
200,removed,57,0
200,removed,58,0
200,removed,59,0
200,removed,60,0
200,removed,61,0
200,removed,62,0
200,removed,63,0
200,removed,64,0
200,removed,65,0
200,removed,66,0
200,removed,67,0
200,removed,68,0
200,removed,69,0
200,removed,70,0
200,removed,71,0
200,removed,72,1
200,removed,73,0
200,removed,74,0
200,removed,75,0
200,removed,76,0
200,removed,77,0
200,removed,78,0
200,removed,79,0
200,removed,80,0
200,removed,81,0
200,removed,82,0
200,removed,83,0
200,removed,84,0
200,removed,85,0
200,removed,86,0
200,removed,87,0
200,removed,88,0
200,removed,89,0
200,removed,90,0
200,removed,91,0
200,removed,92,0
200,removed,93,0
200,removed,94,0
200,removed,95,0
200,removed,96,0
200,removed,97,0
200,removed,98,0
200,removed,99,0
200,removed,100,0
200,removed,101,0
200,removed,102,0
200,removed,103,0
200,removed,104,0
200,removed,105,0
200,removed,106,0
200,removed,107,0
200,removed,108,0
200,removed,109,0
200,removed,110,0
200,removed,111,0
200,removed,112,0
200,removed,113,0
200,removed,114,0
200,removed,115,0
200,removed,116,0
200,removed,117,0
200,removed,118,0
200,removed,119,0
200,removed,120,0
200,removed,121,0
200,removed,122,0
200,removed,123,0
200,removed,124,0
200,removed,125,0
200,removed,126,0
200,removed,127,0
200,removed,128,0
200,removed,129,0
200,removed,130,0
200,removed,131,0
200,removed,132,0
200,removed,133,0
200,removed,134,0
200,removed,135,0
200,removed,136,0
200,removed,137,0
200,removed,138,0
200,removed,139,0
200,removed,140,0
200,removed,141,0
200,removed,142,0
200,removed,143,0
200,removed,144,0
200,removed,145,0
200,removed,146,0
200,removed,147,0
200,removed,148,0
200,removed,149,0
200,removed,150,0
200,removed,151,0
200,removed,152,0
200,removed,153,0
200,removed,154,0
200,removed,155,0
200,removed,156,0
200,removed,157,0
200,removed,158,0
200,removed,159,0
200,removed,160,0
200,removed,161,0
200,removed,162,0
200,removed,163,0
200,removed,164,0
200,removed,165,0
200,removed,166,0
200,removed,167,0
200,removed,168,0
200,removed,169,0
200,removed,170,0
200,removed,171,0
200,removed,172,0
200,removed,173,0
200,removed,174,0
200,removed,175,0
200,removed,176,0
200,removed,177,0
200,removed,178,0
200,removed,179,0
200,removed,180,0
200,removed,181,0
200,removed,182,0
200,removed,183,0
200,removed,184,0
200,removed,185,0
200,removed,186,0
200,removed,187,0
200,removed,188,0
200,removed,189,0
200,removed,190,0
200,removed,191,0
200,removed,192,0
200,removed,193,0
200,removed,194,0
200,removed,195,0
200,removed,196,0
200,removed,197,0
200,removed,198,0
200,removed,199,0
200,live,0,0
200,live,1,20177
200,live,2,8541
200,live,3,4380
200,live,4,2782
200,live,5,2042
200,live,6,1518
200,live,7,1242
200,live,8,1104
200,live,9,935
200,live,10,849
200,live,11,830
200,live,12,855
200,live,13,724
200,live,14,749
200,live,15,713
200,live,16,697
200,live,17,620
200,live,18,584
200,live,19,588
200,live,20,529
200,live,21,3242
200,live,22,4426
200,live,23,3818
200,live,24,3877
200,live,25,3341
200,live,26,5130
200,live,27,5124
200,live,28,3957
200,live,29,6994
200,live,30,4780
200,live,31,3776
200,live,32,3232
200,live,33,1906
200,live,34,1437
200,live,35,1335
200,live,36,96
200,live,37,68
200,live,38,51
200,live,39,29
200,live,40,26
200,live,41,16
200,live,42,15
200,live,43,14
200,live,44,22
200,live,45,20
200,live,46,24
200,live,47,24
200,live,48,22
200,live,49,24
200,live,50,35
200,live,51,34
200,live,52,29
200,live,53,44
200,live,54,34
200,live,55,34
200,live,56,45
200,live,57,48
200,live,58,71
200,live,59,25
200,live,60,24
200,live,61,20
200,live,62,40
200,live,63,21
200,live,64,20
200,live,65,9
200,live,66,6
200,live,67,3
200,live,68,13
200,live,69,31
200,live,70,71
200,live,71,231
200,live,72,1097
200,live,73,603
200,live,74,584
200,live,75,981
200,live,76,601
200,live,77,442
200,live,78,345
200,live,79,19
200,live,80,20
200,live,81,7
200,live,82,3
200,live,83,2
200,live,84,2
200,live,85,3
200,live,86,2
200,live,87,2
200,live,88,0
200,live,89,1
200,live,90,0
200,live,91,4
200,live,92,1
200,live,93,1
200,live,94,4
200,live,95,2
200,live,96,2
200,live,97,9
200,live,98,8
200,live,99,11
200,live,100,3
200,live,101,12
200,live,102,12
200,live,103,15
200,live,104,11
200,live,105,18
200,live,106,27
200,live,107,10
200,live,108,22
200,live,109,16
200,live,110,7
200,live,111,4
200,live,112,17
200,live,113,34
200,live,114,83
200,live,115,234
200,live,116,472
200,live,117,304
200,live,118,353
200,live,119,291
200,live,120,196
200,live,121,81
200,live,122,32
200,live,123,16
200,live,124,3
200,live,125,1
200,live,126,1
200,live,127,2
200,live,128,1
200,live,129,0
200,live,130,2
200,live,131,0
200,live,132,2
200,live,133,1
200,live,134,1
200,live,135,2
200,live,136,0
200,live,137,1
200,live,138,1
200,live,139,0
200,live,140,1
200,live,141,3
200,live,142,5
200,live,143,11
200,live,144,9
200,live,145,2
200,live,146,3
200,live,147,11
200,live,148,7
200,live,149,15
200,live,150,13
200,live,151,15
200,live,152,5
200,live,153,5
200,live,154,19
200,live,155,23
200,live,156,26
200,live,157,58
200,live,158,165
200,live,159,275
200,live,160,102
200,live,161,198
200,live,162,105
200,live,163,30
200,live,164,12
200,live,165,5
200,live,166,9
200,live,167,4
200,live,168,0
200,live,169,2
200,live,170,0
200,live,171,0
200,live,172,3
200,live,173,0
200,live,174,0
200,live,175,0
200,live,176,0
200,live,177,2
200,live,178,0
200,live,179,0
200,live,180,0
200,live,181,0
200,live,182,0
200,live,183,1
200,live,184,1
200,live,185,0
200,live,186,0
200,live,187,0
200,live,188,0
200,live,189,1
200,live,190,0
200,live,191,0
200,live,192,1
200,live,193,1
200,live,194,1
200,live,195,1
200,live,196,0
200,live,197,12
200,live,198,12
200,live,199,1
200,live,200,0
